name	category	id	auditStatus	implementationStatus	definitionStatus	dimension	biomeStructure	heightTimeWeather	spawnSource	weightGroupCap	respawn	prerequisites	dropsReward	questNode	arenaSummon	artifactSource	phantomArtifactTriggerAnchorDimensions	inGame
卒伍刀手	BASIC	dynasty:zuwu_daoshou	MISSING	PARTIAL	ACTIVE_RUNTIME	minecraft:overworld	"{""biomeTags"":[],""structureTags"":[{""id"":""#dynasty:blueprint/military_sites"",""kind"":""structure"",""status"":""ACTIVE_RUNTIME"",""path"":""src/main/resources/data/dynasty/tags/worldgen/structure/blueprint/military_sites.json"",""exists"":true,""activeForThisEntry"":true,""values"":[""dynasty:great_wall_gate"",""dynasty:tiangong_citadel""]},{""id"":""#dynasty:blueprint/ritual_sites"",""kind"":""structure"",""status"":""ACTIVE_RUNTIME"",""path"":""src/main/resources/data/dynasty/tags/worldgen/structure/blueprint/ritual_sites.json"",""exists"":true,""activeForThisEntry"":true,""values"":[""dynasty:star_altar"",""dynasty:herbal_retreat""]}]}"	"{""heightRange"":{""min"":-32,""max"":220,""status"":""ACTIVE_RUNTIME""},""timeWindow"":""ALL; night weight 10 instead of 8"",""weatherCondition"":""ANY""}"	STRUCTURE_MARKER	"{""spawnWeight"":{""active"":8,""definitionValue"":8,""status"":""ACTIVE_STRUCTURE_ATTEMPT_GATE"",""maximumAttemptWeight"":10,""dayBrightWeight"":8,""nightWeight"":10,""lowLightAtMost"":null,""dayLowLightWeight"":8,""selectionPolicy"":""FIXED_SQUAD_WITH_PROBABILISTIC_ATTEMPT_ACCEPTANCE"",""acceptance"":{""dayBright"":{""weight"":8,""outOf"":10,""probability"":0.8},""night"":{""weight"":10,""outOf"":10,""probability"":1.0},""dayLowLight"":{""weight"":8,""outOf"":10,""probability"":0.8}}},""minGroup"":2,""maxGroup"":3,""localCap"":3,""maxAlivePerStructure"":null,""maxAlivePerArena"":null}"	12000 ticks after latest member death/discard; full squad resets only when membership empty; unloaded members retained; nearby legacy BarHolder death clears marker	"""within an existing gate or citadel; shared shield squad; safe solid floor"""	"{""sourceText"":""残破的生铁刀片、粗麻碎布、军俸铜钱。"",""status"":""PARTIAL_PENDING_ITEM_USE_MAPPING"",""implemented"":[{""id"":""dynasty:copper_coin"",""min"":1,""max"":3}],""pending"":[""残破的生铁刀片"",""粗麻碎布""]}"	"{""id"":""dynasty:cod1/zuwu_daoshou"",""status"":""PROPOSED_PENDING""}"	"{""arena"":null,""summonCondition"":null}"			PARTIAL：24项新GameTest通过；整套143/143；真实单客户端22阶段harness通过；真实双客户端22阶段harness及实体身份核对通过；视觉质量、自然场景及重进/重载矩阵未据此完成，不标DONE。
拒马长枪兵	BASIC	dynasty:juma_changqiangbing	MISSING	NOT_STARTED	PROPOSED_PENDING_IMPLEMENTATION	minecraft:overworld	"{""biomeTags"":[],""structureTags"":[{""id"":""#dynasty:cod1/fortress_gate"",""kind"":""structure"",""status"":""PROPOSED_PENDING"",""path"":""src/main/resources/data/dynasty/tags/worldgen/structure/cod1/fortress_gate.json"",""exists"":false,""activeForThisEntry"":false}]}"	"{""heightRange"":{""min"":null,""max"":null,""profile"":""SURFACE"",""status"":""PROPOSED_PENDING_TERRAIN_VALIDATION""},""timeWindow"":""ALL"",""weatherCondition"":""ANY""}"	STRUCTURE_ENCOUNTER	"{""spawnWeight"":{""active"":0,""proposed"":0,""status"":""PENDING_PLAYTEST""},""minGroup"":1,""maxGroup"":3,""localCap"":5,""maxAlivePerStructure"":null,""maxAlivePerArena"":null}"	PENDING_LOCATION_COOLDOWN_AND_KILL_STATE; no active spawner	"""Guard gate with shield/ranged allies; rare natural hook disabled"""	"{""sourceText"":""铁枪头、坚韧木杆、生锈扎甲片。"",""status"":""PENDING_REGISTERED_ITEM_AND_USE_MAPPING""}"	"{""id"":""dynasty:cod1/juma_changqiangbing"",""status"":""PROPOSED_PENDING""}"	"{""arena"":null,""summonCondition"":null}"			未实机验证
连弩阵卒	BASIC	dynasty:liannu_zhenzu	MISSING	NOT_STARTED	PROPOSED_PENDING_IMPLEMENTATION	minecraft:overworld	"{""biomeTags"":[],""structureTags"":[{""id"":""#dynasty:cod1/watchtower_wall"",""kind"":""structure"",""status"":""PROPOSED_PENDING"",""path"":""src/main/resources/data/dynasty/tags/worldgen/structure/cod1/watchtower_wall.json"",""exists"":false,""activeForThisEntry"":false}]}"	"{""heightRange"":{""min"":null,""max"":null,""profile"":""ELEVATED_MARKER"",""status"":""PROPOSED_PENDING_TERRAIN_VALIDATION""},""timeWindow"":""ALL"",""weatherCondition"":""ANY""}"	STRUCTURE_MARKER	"{""spawnWeight"":{""active"":0,""proposed"":0,""status"":""PENDING_PLAYTEST""},""minGroup"":1,""maxGroup"":3,""localCap"":5,""maxAlivePerStructure"":null,""maxAlivePerArena"":null}"	PENDING_LOCATION_COOLDOWN_AND_KILL_STATE; no active spawner	"""Defensive high-ground marker and clear firing line"""	"{""sourceText"":""短弩箭、青铜齿轮机件、鞣制皮革。"",""status"":""PENDING_REGISTERED_ITEM_AND_USE_MAPPING""}"	"{""id"":""dynasty:cod1/liannu_zhenzu"",""status"":""PROPOSED_PENDING""}"	"{""arena"":null,""summonCondition"":null}"			未实机验证
橹盾甲士	BASIC	dynasty:ludun_jiashi	MISSING	PARTIAL	ACTIVE_RUNTIME	minecraft:overworld	"{""biomeTags"":[],""structureTags"":[{""id"":""#dynasty:blueprint/military_sites"",""kind"":""structure"",""status"":""ACTIVE_RUNTIME"",""path"":""src/main/resources/data/dynasty/tags/worldgen/structure/blueprint/military_sites.json"",""exists"":true,""activeForThisEntry"":true,""values"":[""dynasty:great_wall_gate"",""dynasty:tiangong_citadel""]}]}"	"{""heightRange"":{""min"":-32,""max"":220,""status"":""ACTIVE_RUNTIME""},""timeWindow"":""ALL"",""weatherCondition"":""ANY""}"	STRUCTURE_MARKER	"{""spawnWeight"":{""active"":1,""definitionValue"":1,""status"":""ACTIVE_STRUCTURE_ATTEMPT_GATE"",""maximumAttemptWeight"":1,""dayBrightWeight"":1,""nightWeight"":1,""lowLightAtMost"":null,""dayLowLightWeight"":1,""selectionPolicy"":""FIXED_SQUAD_WITH_PROBABILISTIC_ATTEMPT_ACCEPTANCE"",""acceptance"":{""dayBright"":{""weight"":1,""outOf"":1,""probability"":1.0},""night"":{""weight"":1,""outOf"":1,""probability"":1.0},""dayLowLight"":{""weight"":1,""outOf"":1,""probability"":1.0}}},""minGroup"":1,""maxGroup"":1,""localCap"":1,""maxAlivePerStructure"":null,""maxAlivePerArena"":null}"	12000 ticks after latest member death/discard; full squad resets only when membership empty; unloaded members retained; nearby legacy BarHolder death clears marker	"""one shield per military marker; protects ranged/support"""	"{""sourceText"":""沉重盾面残件、熟铁铸块、损毁的重锁子甲。"",""status"":""PARTIAL_PENDING_ITEM_USE_MAPPING"",""implemented"":[],""pending"":[""沉重盾面残件"",""熟铁铸块"",""损毁的重锁子甲""]}"	"{""id"":""dynasty:cod1/ludun_jiashi"",""status"":""PROPOSED_PENDING""}"	"{""arena"":null,""summonCondition"":null}"			PARTIAL：24项新GameTest通过；整套143/143；真实单客户端22阶段harness通过；真实双客户端22阶段harness及实体身份核对通过；视觉质量、自然场景及重进/重载矩阵未据此完成，不标DONE。
符法祭酒	BASIC	dynasty:fufa_jijiu	MISSING	PARTIAL	ACTIVE_RUNTIME	minecraft:overworld	"{""biomeTags"":[],""structureTags"":[{""id"":""#dynasty:blueprint/ritual_sites"",""kind"":""structure"",""status"":""ACTIVE_RUNTIME"",""path"":""src/main/resources/data/dynasty/tags/worldgen/structure/blueprint/ritual_sites.json"",""exists"":true,""activeForThisEntry"":true,""values"":[""dynasty:star_altar"",""dynasty:herbal_retreat""]}]}"	"{""heightRange"":{""min"":-40,""max"":240,""status"":""ACTIVE_RUNTIME""},""timeWindow"":""ALL; night or light <=7 weight 4 instead of 2"",""weatherCondition"":""ANY""}"	STRUCTURE_MARKER	"{""spawnWeight"":{""active"":2,""definitionValue"":2,""status"":""ACTIVE_STRUCTURE_ATTEMPT_GATE"",""maximumAttemptWeight"":4,""dayBrightWeight"":2,""nightWeight"":4,""lowLightAtMost"":7,""dayLowLightWeight"":4,""selectionPolicy"":""FIXED_SQUAD_WITH_PROBABILISTIC_ATTEMPT_ACCEPTANCE"",""acceptance"":{""dayBright"":{""weight"":2,""outOf"":4,""probability"":0.5},""night"":{""weight"":4,""outOf"":4,""probability"":1.0},""dayLowLight"":{""weight"":4,""outOf"":4,""probability"":1.0}}},""minGroup"":1,""maxGroup"":1,""localCap"":1,""maxAlivePerStructure"":null,""maxAlivePerArena"":null}"	12000 ticks after latest member death/discard; full squad resets only when membership empty; unloaded members retained; nearby legacy BarHolder death clears marker	"""existing star altar/herbal retreat; one priest with two swordsmen"""	"{""sourceText"":""朱砂朱墨、黄麻纸符、干枯桃木枝。"",""status"":""PARTIAL_PENDING_ITEM_USE_MAPPING"",""implemented"":[{""id"":""dynasty:cinnabar"",""min"":0,""max"":2},{""id"":""dynasty:talisman_paper"",""min"":0,""max"":1}],""pending"":[""干枯桃木枝""]}"	"{""id"":""dynasty:cod1/fufa_jijiu"",""status"":""PROPOSED_PENDING""}"	"{""arena"":null,""summonCondition"":null}"			PARTIAL：24项新GameTest通过；整套143/143；真实单客户端22阶段harness通过；真实双客户端22阶段harness及实体身份核对通过；视觉质量、自然场景及重进/重载矩阵未据此完成，不标DONE。
铁索斥候	BASIC	dynasty:tiesuo_chihou	MISSING	NOT_STARTED	PROPOSED_PENDING_IMPLEMENTATION	minecraft:overworld	"{""biomeTags"":[{""id"":""#minecraft:is_forest"",""kind"":""biome"",""status"":""VANILLA_TAG"",""path"":null,""exists"":true,""activeForThisEntry"":false}],""structureTags"":[{""id"":""#dynasty:cod1/mountain_pass"",""kind"":""structure"",""status"":""PROPOSED_PENDING"",""path"":""src/main/resources/data/dynasty/tags/worldgen/structure/cod1/mountain_pass.json"",""exists"":false,""activeForThisEntry"":false}]}"	"{""heightRange"":{""min"":null,""max"":null,""profile"":""SURFACE"",""status"":""PROPOSED_PENDING_TERRAIN_VALIDATION""},""timeWindow"":""ALL"",""weatherCondition"":""ANY""}"	STRUCTURE_REGION	"{""spawnWeight"":{""active"":0,""proposed"":0,""status"":""PENDING_PLAYTEST""},""minGroup"":1,""maxGroup"":2,""localCap"":4,""maxAlivePerStructure"":null,""maxAlivePerArena"":null}"	PENDING_LOCATION_COOLDOWN_AND_KILL_STATE; no active spawner	"""Forest/mountain pass; avoid cramped caves"""	"{""sourceText"":""精钢细链条、透骨生铁爪、迅捷皮靴残料。"",""status"":""PENDING_REGISTERED_ITEM_AND_USE_MAPPING""}"	"{""id"":""dynasty:cod1/tiesuo_chihou"",""status"":""PROPOSED_PENDING""}"	"{""arena"":null,""summonCondition"":null}"			未实机验证
溃军死士	BASIC	dynasty:kuijun_sishi	MISSING	NOT_STARTED	PROPOSED_PENDING_IMPLEMENTATION	minecraft:overworld	"{""biomeTags"":[],""structureTags"":[{""id"":""#dynasty:cod1/scorched_graves"",""kind"":""structure"",""status"":""PROPOSED_PENDING"",""path"":""src/main/resources/data/dynasty/tags/worldgen/structure/cod1/scorched_graves.json"",""exists"":false,""activeForThisEntry"":false}]}"	"{""heightRange"":{""min"":null,""max"":null,""profile"":""SURFACE"",""status"":""PROPOSED_PENDING_TERRAIN_VALIDATION""},""timeWindow"":""NIGHT_OR_LOW_LIGHT"",""weatherCondition"":""ANY""}"	STRUCTURE_ENCOUNTER	"{""spawnWeight"":{""active"":0,""proposed"":0,""status"":""PENDING_PLAYTEST""},""minGroup"":2,""maxGroup"":4,""localCap"":8,""maxAlivePerStructure"":null,""maxAlivePerArena"":null}"	PENDING_LOCATION_COOLDOWN_AND_KILL_STATE; no active spawner	"""Rebel event only within battlefield/grave region"""	"{""sourceText"":""劣质火药粉、碎陶瓦片、染血白布条。"",""status"":""PENDING_REGISTERED_ITEM_AND_USE_MAPPING""}"	"{""id"":""dynasty:cod1/kuijun_sishi"",""status"":""PROPOSED_PENDING""}"	"{""arena"":null,""summonCondition"":null}"			未实机验证
阵亡掌旗官	BASIC	dynasty:zhenwang_zhangqiguan	MISSING	NOT_STARTED	PROPOSED_PENDING_IMPLEMENTATION	minecraft:overworld	"{""biomeTags"":[],""structureTags"":[{""id"":""#dynasty:cod1/war_banner_core"",""kind"":""structure"",""status"":""PROPOSED_PENDING"",""path"":""src/main/resources/data/dynasty/tags/worldgen/structure/cod1/war_banner_core.json"",""exists"":false,""activeForThisEntry"":false}]}"	"{""heightRange"":{""min"":null,""max"":null,""profile"":""STRUCTURE_FLOOR"",""status"":""PROPOSED_PENDING_TERRAIN_VALIDATION""},""timeWindow"":""ALL"",""weatherCondition"":""ANY""}"	ENCOUNTER_ONLY	"{""spawnWeight"":{""active"":0,""proposed"":0,""status"":""PENDING_PLAYTEST""},""minGroup"":1,""maxGroup"":1,""localCap"":1,""maxAlivePerStructure"":null,""maxAlivePerArena"":null}"	PENDING_LOCATION_COOLDOWN_AND_KILL_STATE; no active spawner	"""One banner per combat group; no standalone natural spawn"""	"{""sourceText"":""残破虎符碎片、玄黑军旗残片、怨魂战魂。"",""status"":""PENDING_REGISTERED_ITEM_AND_USE_MAPPING""}"	"{""id"":""dynasty:cod1/zhenwang_zhangqiguan"",""status"":""PROPOSED_PENDING""}"	"{""arena"":null,""summonCondition"":null}"			未实机验证
披甲叛将护卫	BASIC	dynasty:pijia_panjiang_huwei	MISSING	NOT_STARTED	PROPOSED_PENDING_IMPLEMENTATION	minecraft:overworld	"{""biomeTags"":[],""structureTags"":[{""id"":""#dynasty:cod1/rebel_armory"",""kind"":""structure"",""status"":""PROPOSED_PENDING"",""path"":""src/main/resources/data/dynasty/tags/worldgen/structure/cod1/rebel_armory.json"",""exists"":false,""activeForThisEntry"":false}]}"	"{""heightRange"":{""min"":null,""max"":null,""profile"":""STRUCTURE_FLOOR"",""status"":""PROPOSED_PENDING_TERRAIN_VALIDATION""},""timeWindow"":""ALL"",""weatherCondition"":""ANY""}"	STRUCTURE_MARKER	"{""spawnWeight"":{""active"":0,""proposed"":0,""status"":""PENDING_PLAYTEST""},""minGroup"":1,""maxGroup"":2,""localCap"":2,""maxAlivePerStructure"":null,""maxAlivePerArena"":null}"	PENDING_LOCATION_COOLDOWN_AND_KILL_STATE; no active spawner	"""Room/local cap; no general wilderness spawn"""	"{""sourceText"":""开山斧刃、精炼熟铁锭、破损护心镜。"",""status"":""PENDING_REGISTERED_ITEM_AND_USE_MAPPING""}"	"{""id"":""dynasty:cod1/pijia_panjiang_huwei"",""status"":""PROPOSED_PENDING""}"	"{""arena"":null,""summonCondition"":null}"			未实机验证
阴兵鬼卒	BASIC	dynasty:yinbing_guizu	MISSING	NOT_STARTED	PROPOSED_PENDING_IMPLEMENTATION	minecraft:overworld	"{""biomeTags"":[],""structureTags"":[{""id"":""#dynasty:cod1/haunted_battlefield"",""kind"":""structure"",""status"":""PROPOSED_PENDING"",""path"":""src/main/resources/data/dynasty/tags/worldgen/structure/cod1/haunted_battlefield.json"",""exists"":false,""activeForThisEntry"":false}]}"	"{""heightRange"":{""min"":null,""max"":null,""profile"":""SURFACE_OR_UNDERGROUND"",""status"":""PROPOSED_PENDING_TERRAIN_VALIDATION""},""timeWindow"":""NIGHT_OR_LOW_LIGHT"",""weatherCondition"":""ANY""}"	STRUCTURE_REGION	"{""spawnWeight"":{""active"":0,""proposed"":0,""status"":""PENDING_PLAYTEST""},""minGroup"":2,""maxGroup"":5,""localCap"":8,""maxAlivePerStructure"":null,""maxAlivePerArena"":null}"	PENDING_LOCATION_COOLDOWN_AND_KILL_STATE; no active spawner	"""Constrained haunt region; cannot phase through terrain"""	"{""sourceText"":""聚阴寒玉屑、幽冥残缕、古币锈块。"",""status"":""PENDING_REGISTERED_ITEM_AND_USE_MAPPING""}"	"{""id"":""dynasty:cod1/yinbing_guizu"",""status"":""PROPOSED_PENDING""}"	"{""arena"":null,""summonCondition"":null}"			未实机验证
尸变力士	BASIC	dynasty:shibian_lishi	MISSING	NOT_STARTED	PROPOSED_PENDING_IMPLEMENTATION	minecraft:overworld	"{""biomeTags"":[],""structureTags"":[{""id"":""#dynasty:cod1/wet_tomb"",""kind"":""structure"",""status"":""PROPOSED_PENDING"",""path"":""src/main/resources/data/dynasty/tags/worldgen/structure/cod1/wet_tomb.json"",""exists"":false,""activeForThisEntry"":false}]}"	"{""heightRange"":{""min"":-64,""max"":48,""profile"":""UNDERGROUND"",""status"":""PROPOSED_PENDING_TERRAIN_VALIDATION""},""timeWindow"":""ALL_LOW_LIGHT"",""weatherCondition"":""ANY""}"	STRUCTURE_MARKER	"{""spawnWeight"":{""active"":0,""proposed"":0,""status"":""PENDING_PLAYTEST""},""minGroup"":1,""maxGroup"":2,""localCap"":3,""maxAlivePerStructure"":null,""maxAlivePerArena"":null}"	PENDING_LOCATION_COOLDOWN_AND_KILL_STATE; no active spawner	"""Damp tomb antechamber or hanging-coffin cliff marker"""	"{""sourceText"":""发黑的腐骨、凝固尸油、力士铅腕套。"",""status"":""PENDING_REGISTERED_ITEM_AND_USE_MAPPING""}"	"{""id"":""dynasty:cod1/shibian_lishi"",""status"":""PROPOSED_PENDING""}"	"{""arena"":null,""summonCondition"":null}"			未实机验证
缚魂白布童子	BASIC	dynasty:fuhun_baibu_tongzi	MISSING	NOT_STARTED	PROPOSED_PENDING_IMPLEMENTATION	minecraft:overworld	"{""biomeTags"":[],""structureTags"":[{""id"":""#dynasty:cod1/village_well_shrine"",""kind"":""structure"",""status"":""PROPOSED_PENDING"",""path"":""src/main/resources/data/dynasty/tags/worldgen/structure/cod1/village_well_shrine.json"",""exists"":false,""activeForThisEntry"":false}]}"	"{""heightRange"":{""min"":null,""max"":null,""profile"":""STRUCTURE_FLOOR"",""status"":""PROPOSED_PENDING_TERRAIN_VALIDATION""},""timeWindow"":""NIGHT_OR_LOW_LIGHT"",""weatherCondition"":""ANY""}"	STRUCTURE_EVENT	"{""spawnWeight"":{""active"":0,""proposed"":0,""status"":""PENDING_PLAYTEST""},""minGroup"":1,""maxGroup"":1,""localCap"":2,""maxAlivePerStructure"":null,""maxAlivePerArena"":null}"	PENDING_LOCATION_COOLDOWN_AND_KILL_STATE; no active spawner	"""Second child only in explicit event"""	"{""sourceText"":""白蜡灯泪、冤魂碎布片、惨白乳齿。"",""status"":""PENDING_REGISTERED_ITEM_AND_USE_MAPPING""}"	"{""id"":""dynasty:cod1/fuhun_baibu_tongzi"",""status"":""PROPOSED_PENDING""}"	"{""arena"":null,""summonCondition"":null}"			未实机验证
纸人剑客	BASIC	dynasty:zhiren_jianke	MISSING	NOT_STARTED	PROPOSED_PENDING_IMPLEMENTATION	minecraft:overworld	"{""biomeTags"":[],""structureTags"":[{""id"":""#dynasty:cod1/mortuary_paper_room"",""kind"":""structure"",""status"":""PROPOSED_PENDING"",""path"":""src/main/resources/data/dynasty/tags/worldgen/structure/cod1/mortuary_paper_room.json"",""exists"":false,""activeForThisEntry"":false}]}"	"{""heightRange"":{""min"":null,""max"":null,""profile"":""STRUCTURE_FLOOR"",""status"":""PROPOSED_PENDING_TERRAIN_VALIDATION""},""timeWindow"":""ALL_LOW_LIGHT"",""weatherCondition"":""ANY""}"	STRUCTURE_ONLY	"{""spawnWeight"":{""active"":0,""proposed"":0,""status"":""PENDING_PLAYTEST""},""minGroup"":1,""maxGroup"":3,""localCap"":4,""maxAlivePerStructure"":null,""maxAlivePerArena"":null}"	PENDING_LOCATION_COOLDOWN_AND_KILL_STATE; no active spawner	"""No normal-village spawn"""	"{""sourceText"":""极轻的韧竹篾、裁纸小刀、点朱丹砂。"",""status"":""PENDING_REGISTERED_ITEM_AND_USE_MAPPING""}"	"{""id"":""dynasty:cod1/zhiren_jianke"",""status"":""PROPOSED_PENDING""}"	"{""arena"":null,""summonCondition"":null}"			未实机验证
墓穴飞颅	BASIC	dynasty:muxue_feilu	MISSING	NOT_STARTED	PROPOSED_PENDING_IMPLEMENTATION	minecraft:overworld	"{""biomeTags"":[],""structureTags"":[{""id"":""#dynasty:cod1/tomb_roof"",""kind"":""structure"",""status"":""PROPOSED_PENDING"",""path"":""src/main/resources/data/dynasty/tags/worldgen/structure/cod1/tomb_roof.json"",""exists"":false,""activeForThisEntry"":false}]}"	"{""heightRange"":{""min"":-64,""max"":48,""profile"":""UNDERGROUND"",""status"":""PROPOSED_PENDING_TERRAIN_VALIDATION""},""timeWindow"":""ALL_LOW_LIGHT"",""weatherCondition"":""ANY""}"	STRUCTURE_REGION	"{""spawnWeight"":{""active"":0,""proposed"":0,""status"":""PENDING_PLAYTEST""},""minGroup"":1,""maxGroup"":3,""localCap"":4,""maxAlivePerStructure"":null,""maxAlivePerArena"":null}"	PENDING_LOCATION_COOLDOWN_AND_KILL_STATE; no active spawner	"""Adequate flight space under roof"""	"{""sourceText"":""尖锐死人牙、生锈盔顶刺、阴气囊。"",""status"":""PENDING_REGISTERED_ITEM_AND_USE_MAPPING""}"	"{""id"":""dynasty:cod1/muxue_feilu"",""status"":""PROPOSED_PENDING""}"	"{""arena"":null,""summonCondition"":null}"			未实机验证
山精山魈	BASIC	dynasty:shanjing_shanxiao	MISSING	PARTIAL	ACTIVE_RUNTIME	minecraft:overworld	"{""biomeTags"":[{""id"":""#dynasty:blueprint/shanxiao_habitat"",""kind"":""biome"",""status"":""ACTIVE_RUNTIME"",""path"":""src/main/resources/data/dynasty/tags/worldgen/biome/blueprint/shanxiao_habitat.json"",""exists"":true,""activeForThisEntry"":true,""values"":[""#minecraft:is_forest"",""#minecraft:is_mountain""]}],""structureTags"":[]}"	"{""heightRange"":{""min"":50,""max"":240,""status"":""ACTIVE_RUNTIME""},""timeWindow"":""ALL; daylight chance one quarter"",""weatherCondition"":""ANY""}"	NATURAL_ECOLOGY	"{""spawnWeight"":{""active"":4,""definitionValue"":4,""status"":""ACTIVE_BIOME_WEIGHT""},""minGroup"":1,""maxGroup"":3,""localCap"":3,""maxAlivePerStructure"":null,""maxAlivePerArena"":null}"	VANILLA_NATURAL_ATTEMPTS_LOCAL_CAP	"""forest/mountain, solid ground, collision-free, max3 within24 blocks"""	"{""sourceText"":""坚硬山魈爪、鬼面皮毛、青绿兽胆。"",""status"":""PARTIAL_PENDING_ITEM_USE_MAPPING"",""implemented"":[],""pending"":[""坚硬山魈爪"",""鬼面皮毛"",""青绿兽胆""]}"	"{""id"":""dynasty:cod1/shanjing_shanxiao"",""status"":""PROPOSED_PENDING""}"	"{""arena"":null,""summonCondition"":null}"			PARTIAL：24项新GameTest通过；整套143/143；真实单客户端22阶段harness通过；真实双客户端22阶段harness及实体身份核对通过；视觉质量、自然场景及重进/重载矩阵未据此完成，不标DONE。
赤目朱蛤	BASIC	dynasty:chimu_zhuha	MISSING	NOT_STARTED	PROPOSED_PENDING_IMPLEMENTATION	minecraft:overworld	"{""biomeTags"":[],""structureTags"":[{""id"":""#dynasty:cod1/wetland_water"",""kind"":""structure"",""status"":""PROPOSED_PENDING"",""path"":""src/main/resources/data/dynasty/tags/worldgen/structure/cod1/wetland_water.json"",""exists"":false,""activeForThisEntry"":false}]}"	"{""heightRange"":{""min"":null,""max"":null,""profile"":""SURFACE_OR_CAVE_WATER"",""status"":""PROPOSED_PENDING_TERRAIN_VALIDATION""},""timeWindow"":""ALL"",""weatherCondition"":""ANY""}"	NATURAL_ECOLOGY	"{""spawnWeight"":{""active"":0,""proposed"":4,""status"":""PENDING_PLAYTEST""},""minGroup"":1,""maxGroup"":2,""localCap"":4,""maxAlivePerStructure"":null,""maxAlivePerArena"":null}"	PENDING_LOCATION_COOLDOWN_AND_KILL_STATE; no active spawner	"""Water-adjacent wetland or dark cave pool"""	"{""sourceText"":""火红朱蛤腺体、粗糙坚韧蛙皮、毒凝胶。"",""status"":""PENDING_REGISTERED_ITEM_AND_USE_MAPPING""}"	"{""id"":""dynasty:cod1/chimu_zhuha"",""status"":""PROPOSED_PENDING""}"	"{""arena"":null,""summonCondition"":null}"			未实机验证
枯木树精	BASIC	dynasty:kumu_shujing	MISSING	NOT_STARTED	PROPOSED_PENDING_IMPLEMENTATION	minecraft:overworld	"{""biomeTags"":[{""id"":""#minecraft:is_forest"",""kind"":""biome"",""status"":""VANILLA_TAG"",""path"":null,""exists"":true,""activeForThisEntry"":false}],""structureTags"":[{""id"":""#dynasty:cod1/deadwood_forest"",""kind"":""structure"",""status"":""PROPOSED_PENDING"",""path"":""src/main/resources/data/dynasty/tags/worldgen/structure/cod1/deadwood_forest.json"",""exists"":false,""activeForThisEntry"":false}]}"	"{""heightRange"":{""min"":null,""max"":null,""profile"":""SURFACE"",""status"":""PROPOSED_PENDING_TERRAIN_VALIDATION""},""timeWindow"":""ALL"",""weatherCondition"":""ANY""}"	NATURAL_ECOLOGY	"{""spawnWeight"":{""active"":0,""proposed"":4,""status"":""PENDING_PLAYTEST""},""minGroup"":1,""maxGroup"":2,""localCap"":4,""maxAlivePerStructure"":null,""maxAlivePerArena"":null}"	PENDING_LOCATION_COOLDOWN_AND_KILL_STATE; no active spawner	"""Camouflage-valid wood/soil site, no exposed stone flat"""	"{""sourceText"":""千年老树心、坚硬枯木皮、荧光寄生菇。"",""status"":""PENDING_REGISTERED_ITEM_AND_USE_MAPPING""}"	"{""id"":""dynasty:cod1/kumu_shujing"",""status"":""PROPOSED_PENDING""}"	"{""arena"":null,""summonCondition"":null}"			未实机验证
鸣沙石蝎	BASIC	dynasty:mingsha_shixie	MISSING	NOT_STARTED	PROPOSED_PENDING_IMPLEMENTATION	minecraft:overworld	"{""biomeTags"":[{""id"":""#minecraft:is_badlands"",""kind"":""biome"",""status"":""VANILLA_TAG"",""path"":null,""exists"":true,""activeForThisEntry"":false}],""structureTags"":[{""id"":""#dynasty:cod1/sand_ravine"",""kind"":""structure"",""status"":""PROPOSED_PENDING"",""path"":""src/main/resources/data/dynasty/tags/worldgen/structure/cod1/sand_ravine.json"",""exists"":false,""activeForThisEntry"":false}]}"	"{""heightRange"":{""min"":null,""max"":null,""profile"":""SURFACE"",""status"":""PROPOSED_PENDING_TERRAIN_VALIDATION""},""timeWindow"":""ALL"",""weatherCondition"":""ANY""}"	NATURAL_ECOLOGY	"{""spawnWeight"":{""active"":0,""proposed"":4,""status"":""PENDING_PLAYTEST""},""minGroup"":1,""maxGroup"":2,""localCap"":4,""maxAlivePerStructure"":null,""maxAlivePerArena"":null}"	PENDING_LOCATION_COOLDOWN_AND_KILL_STATE; no active spawner	"""Sand/gravel substrate in dry valley"""	"{""sourceText"":""鸣沙石硬壳片、金石尾刺针、精纯黄砂。"",""status"":""PENDING_REGISTERED_ITEM_AND_USE_MAPPING""}"	"{""id"":""dynasty:cod1/mingsha_shixie"",""status"":""PROPOSED_PENDING""}"	"{""arena"":null,""summonCondition"":null}"			未实机验证
碧水玄蛟幼崽	BASIC	dynasty:bishui_xuanjiao_youzi	MISSING	NOT_STARTED	PROPOSED_PENDING_IMPLEMENTATION	minecraft:overworld	"{""biomeTags"":[],""structureTags"":[{""id"":""#dynasty:cod1/hidden_river_pool"",""kind"":""structure"",""status"":""PROPOSED_PENDING"",""path"":""src/main/resources/data/dynasty/tags/worldgen/structure/cod1/hidden_river_pool.json"",""exists"":false,""activeForThisEntry"":false}]}"	"{""heightRange"":{""min"":null,""max"":null,""profile"":""SURFACE_OR_CAVE_WATER"",""status"":""PROPOSED_PENDING_TERRAIN_VALIDATION""},""timeWindow"":""ALL"",""weatherCondition"":""ANY""}"	NATURAL_ECOLOGY	"{""spawnWeight"":{""active"":0,""proposed"":4,""status"":""PENDING_PLAYTEST""},""minGroup"":1,""maxGroup"":2,""localCap"":3,""maxAlivePerStructure"":null,""maxAlivePerArena"":null}"	PENDING_LOCATION_COOLDOWN_AND_KILL_STATE; no active spawner	"""Deep pool/underground river or waterfall basin"""	"{""sourceText"":""幼蛟细鳞、寒潭水精、滑腻蛟胆。"",""status"":""PENDING_REGISTERED_ITEM_AND_USE_MAPPING""}"	"{""id"":""dynasty:cod1/bishui_xuanjiao_youzi"",""status"":""PROPOSED_PENDING""}"	"{""arena"":null,""summonCondition"":null}"			未实机验证
巨臂石敢当	BASIC	dynasty:jubi_shigandang	MISSING	NOT_STARTED	PROPOSED_PENDING_IMPLEMENTATION	minecraft:overworld	"{""biomeTags"":[],""structureTags"":[{""id"":""#dynasty:cod1/stone_gate"",""kind"":""structure"",""status"":""PROPOSED_PENDING"",""path"":""src/main/resources/data/dynasty/tags/worldgen/structure/cod1/stone_gate.json"",""exists"":false,""activeForThisEntry"":false}]}"	"{""heightRange"":{""min"":null,""max"":null,""profile"":""STRUCTURE_FLOOR"",""status"":""PROPOSED_PENDING_TERRAIN_VALIDATION""},""timeWindow"":""ALL"",""weatherCondition"":""ANY""}"	STRUCTURE_MARKER	"{""spawnWeight"":{""active"":0,""proposed"":0,""status"":""PENDING_PLAYTEST""},""minGroup"":1,""maxGroup"":1,""localCap"":2,""maxAlivePerStructure"":null,""maxAlivePerArena"":null}"	PENDING_LOCATION_COOLDOWN_AND_KILL_STATE; no active spawner	"""Gate/crossroads/spirit-way marker"""	"{""sourceText"":""镇宅铭文残片、古青铜锚链环、坚硬青石块。"",""status"":""PENDING_REGISTERED_ITEM_AND_USE_MAPPING""}"	"{""id"":""dynasty:cod1/jubi_shigandang"",""status"":""PROPOSED_PENDING""}"	"{""arena"":null,""summonCondition"":null}"			未实机验证
巡山木甲犬	BASIC	dynasty:xunshan_mujiaquan	MISSING	NOT_STARTED	PROPOSED_PENDING_IMPLEMENTATION	minecraft:overworld	"{""biomeTags"":[],""structureTags"":[{""id"":""#dynasty:cod1/mechanism_perimeter"",""kind"":""structure"",""status"":""PROPOSED_PENDING"",""path"":""src/main/resources/data/dynasty/tags/worldgen/structure/cod1/mechanism_perimeter.json"",""exists"":false,""activeForThisEntry"":false}]}"	"{""heightRange"":{""min"":null,""max"":null,""profile"":""STRUCTURE_FLOOR"",""status"":""PROPOSED_PENDING_TERRAIN_VALIDATION""},""timeWindow"":""ALL"",""weatherCondition"":""ANY""}"	STRUCTURE_ONLY	"{""spawnWeight"":{""active"":0,""proposed"":0,""status"":""PENDING_PLAYTEST""},""minGroup"":1,""maxGroup"":3,""localCap"":5,""maxAlivePerStructure"":null,""maxAlivePerArena"":null}"	PENDING_LOCATION_COOLDOWN_AND_KILL_STATE; no active spawner	"""Workshop or mechanism-city patrol marker"""	"{""sourceText"":""青铜发条、精工榫卯齿轮、火油琉璃珠。"",""status"":""PENDING_REGISTERED_ITEM_AND_USE_MAPPING""}"	"{""id"":""dynasty:cod1/xunshan_mujiaquan"",""status"":""PROPOSED_PENDING""}"	"{""arena"":null,""summonCondition"":null}"			未实机验证
青铜双头蛇傀	BASIC	dynasty:qingtong_shuangtoushekui	MISSING	NOT_STARTED	PROPOSED_PENDING_IMPLEMENTATION	minecraft:overworld	"{""biomeTags"":[],""structureTags"":[{""id"":""#dynasty:cod1/mechanism_drain"",""kind"":""structure"",""status"":""PROPOSED_PENDING"",""path"":""src/main/resources/data/dynasty/tags/worldgen/structure/cod1/mechanism_drain.json"",""exists"":false,""activeForThisEntry"":false}]}"	"{""heightRange"":{""min"":-64,""max"":48,""profile"":""UNDERGROUND"",""status"":""PROPOSED_PENDING_TERRAIN_VALIDATION""},""timeWindow"":""ALL_LOW_LIGHT"",""weatherCondition"":""ANY""}"	STRUCTURE_ONLY	"{""spawnWeight"":{""active"":0,""proposed"":0,""status"":""PENDING_PLAYTEST""},""minGroup"":1,""maxGroup"":2,""localCap"":3,""maxAlivePerStructure"":null,""maxAlivePerArena"":null}"	PENDING_LOCATION_COOLDOWN_AND_KILL_STATE; no active spawner	"""Drain/trap chamber; body turning clearance"""	"{""sourceText"":""青铜万向球铰、微型火油喷嘴、机关蛇皮铜甲片。"",""status"":""PENDING_REGISTERED_ITEM_AND_USE_MAPPING""}"	"{""id"":""dynasty:cod1/qingtong_shuangtoushekui"",""status"":""PROPOSED_PENDING""}"	"{""arena"":null,""summonCondition"":null}"			未实机验证
八足地工蛛	BASIC	dynasty:bazu_digongzhu	MISSING	NOT_STARTED	PROPOSED_PENDING_IMPLEMENTATION	minecraft:overworld	"{""biomeTags"":[],""structureTags"":[{""id"":""#dynasty:cod1/mining_quarry"",""kind"":""structure"",""status"":""PROPOSED_PENDING"",""path"":""src/main/resources/data/dynasty/tags/worldgen/structure/cod1/mining_quarry.json"",""exists"":false,""activeForThisEntry"":false}]}"	"{""heightRange"":{""min"":-64,""max"":48,""profile"":""UNDERGROUND"",""status"":""PROPOSED_PENDING_TERRAIN_VALIDATION""},""timeWindow"":""ALL_LOW_LIGHT"",""weatherCondition"":""ANY""}"	STRUCTURE_REGION	"{""spawnWeight"":{""active"":0,""proposed"":0,""status"":""PENDING_PLAYTEST""},""minGroup"":1,""maxGroup"":2,""localCap"":3,""maxAlivePerStructure"":null,""maxAlivePerArena"":null}"	PENDING_LOCATION_COOLDOWN_AND_KILL_STATE; no active spawner	"""Mine/quarry or lower workshop; terrain grief disabled"""	"{""sourceText"":""金刚钻头破片、耐热铜板、精炼煤炭球。"",""status"":""PENDING_REGISTERED_ITEM_AND_USE_MAPPING""}"	"{""id"":""dynasty:cod1/bazu_digongzhu"",""status"":""PROPOSED_PENDING""}"	"{""arena"":null,""summonCondition"":null}"			未实机验证
幽灯鬼面蝠	BASIC	dynasty:youdeng_guimianfu	MISSING	NOT_STARTED	PROPOSED_PENDING_IMPLEMENTATION	minecraft:overworld	"{""biomeTags"":[],""structureTags"":[{""id"":""#dynasty:cod1/dark_cavern_roof"",""kind"":""structure"",""status"":""PROPOSED_PENDING"",""path"":""src/main/resources/data/dynasty/tags/worldgen/structure/cod1/dark_cavern_roof.json"",""exists"":false,""activeForThisEntry"":false}]}"	"{""heightRange"":{""min"":-64,""max"":48,""profile"":""UNDERGROUND"",""status"":""PROPOSED_PENDING_TERRAIN_VALIDATION""},""timeWindow"":""ALL_LOW_LIGHT"",""weatherCondition"":""ANY""}"	NATURAL_ECOLOGY	"{""spawnWeight"":{""active"":0,""proposed"":4,""status"":""PENDING_PLAYTEST""},""minGroup"":1,""maxGroup"":3,""localCap"":5,""maxAlivePerStructure"":null,""maxAlivePerArena"":null}"	PENDING_LOCATION_COOLDOWN_AND_KILL_STATE; no active spawner	"""Large cavern free flight volume"""	"{""sourceText"":""透光薄蝠翼皮、惨绿磷火石、鬼面皮屑。"",""status"":""PENDING_REGISTERED_ITEM_AND_USE_MAPPING""}"	"{""id"":""dynasty:cod1/youdeng_guimianfu"",""status"":""PROPOSED_PENDING""}"	"{""arena"":null,""summonCondition"":null}"			未实机验证
穴居盲骨鱼	BASIC	dynasty:xueju_mangguyu	MISSING	NOT_STARTED	PROPOSED_PENDING_IMPLEMENTATION	minecraft:overworld	"{""biomeTags"":[],""structureTags"":[{""id"":""#dynasty:cod1/geothermal_spirit_vein"",""kind"":""structure"",""status"":""PROPOSED_PENDING"",""path"":""src/main/resources/data/dynasty/tags/worldgen/structure/cod1/geothermal_spirit_vein.json"",""exists"":false,""activeForThisEntry"":false}]}"	"{""heightRange"":{""min"":-64,""max"":48,""profile"":""DEEP_UNDERGROUND"",""status"":""PROPOSED_PENDING_TERRAIN_VALIDATION""},""timeWindow"":""ALL_LOW_LIGHT"",""weatherCondition"":""ANY""}"	STRUCTURE_REGION	"{""spawnWeight"":{""active"":0,""proposed"":0,""status"":""PENDING_PLAYTEST""},""minGroup"":1,""maxGroup"":2,""localCap"":3,""maxAlivePerStructure"":null,""maxAlivePerArena"":null}"	PENDING_LOCATION_COOLDOWN_AND_KILL_STATE; no active spawner	"""Geothermal/spirit-vein region, not arbitrary caves"""	"{""sourceText"":""灵光鱼胶、半透明软鱼骨、纯净灵液滴。"",""status"":""PENDING_REGISTERED_ITEM_AND_USE_MAPPING""}"	"{""id"":""dynasty:cod1/xueju_mangguyu"",""status"":""PROPOSED_PENDING""}"	"{""arena"":null,""summonCondition"":null}"			未实机验证
煞水浮溺鬼	BASIC	dynasty:shashui_funigui	MISSING	NOT_STARTED	PROPOSED_PENDING_IMPLEMENTATION	minecraft:overworld	"{""biomeTags"":[],""structureTags"":[{""id"":""#dynasty:cod1/stagnant_shipwreck"",""kind"":""structure"",""status"":""PROPOSED_PENDING"",""path"":""src/main/resources/data/dynasty/tags/worldgen/structure/cod1/stagnant_shipwreck.json"",""exists"":false,""activeForThisEntry"":false}]}"	"{""heightRange"":{""min"":null,""max"":null,""profile"":""UNDERWATER"",""status"":""PROPOSED_PENDING_TERRAIN_VALIDATION""},""timeWindow"":""NIGHT_OR_LOW_LIGHT"",""weatherCondition"":""ANY""}"	STRUCTURE_REGION	"{""spawnWeight"":{""active"":0,""proposed"":0,""status"":""PENDING_PLAYTEST""},""minGroup"":1,""maxGroup"":2,""localCap"":4,""maxAlivePerStructure"":null,""maxAlivePerArena"":null}"	PENDING_LOCATION_COOLDOWN_AND_KILL_STATE; no active spawner	"""Stagnant water/swamp bottom/moat/wreck"""	"{""sourceText"":""阴冷凝水珠、沉水铁残片、水鬼发丝。"",""status"":""PENDING_REGISTERED_ITEM_AND_USE_MAPPING""}"	"{""id"":""dynasty:cod1/shashui_funigui"",""status"":""PROPOSED_PENDING""}"	"{""arena"":null,""summonCondition"":null}"			未实机验证
巨力赑屃傀儡	BASIC	dynasty:juli_bixi_kuilei	MISSING	NOT_STARTED	PROPOSED_PENDING_IMPLEMENTATION	minecraft:overworld	"{""biomeTags"":[],""structureTags"":[{""id"":""#dynasty:cod1/stele_spirit_way"",""kind"":""structure"",""status"":""PROPOSED_PENDING"",""path"":""src/main/resources/data/dynasty/tags/worldgen/structure/cod1/stele_spirit_way.json"",""exists"":false,""activeForThisEntry"":false}]}"	"{""heightRange"":{""min"":null,""max"":null,""profile"":""STRUCTURE_FLOOR"",""status"":""PROPOSED_PENDING_TERRAIN_VALIDATION""},""timeWindow"":""ALL"",""weatherCondition"":""ANY""}"	STRUCTURE_ONLY	"{""spawnWeight"":{""active"":0,""proposed"":0,""status"":""PENDING_PLAYTEST""},""minGroup"":1,""maxGroup"":1,""localCap"":2,""maxAlivePerStructure"":null,""maxAlivePerArena"":null}"	PENDING_LOCATION_COOLDOWN_AND_KILL_STATE; no active spawner	"""End of spirit way/stele forest/shrine marker"""	"{""sourceText"":""赑屃负重青铜壳、上古石刻拓片、坚固青铜铆钉。"",""status"":""PENDING_REGISTERED_ITEM_AND_USE_MAPPING""}"	"{""id"":""dynasty:cod1/juli_bixi_kuilei"",""status"":""PROPOSED_PENDING""}"	"{""arena"":null,""summonCondition"":null}"			未实机验证
百目魔蜈	BASIC	dynasty:baimu_mowu	MISSING	NOT_STARTED	PROPOSED_PENDING_IMPLEMENTATION	minecraft:overworld	"{""biomeTags"":[],""structureTags"":[{""id"":""#dynasty:cod1/bone_pit_cellar"",""kind"":""structure"",""status"":""PROPOSED_PENDING"",""path"":""src/main/resources/data/dynasty/tags/worldgen/structure/cod1/bone_pit_cellar.json"",""exists"":false,""activeForThisEntry"":false}]}"	"{""heightRange"":{""min"":-64,""max"":48,""profile"":""DEEP_UNDERGROUND"",""status"":""PROPOSED_PENDING_TERRAIN_VALIDATION""},""timeWindow"":""ALL_LOW_LIGHT"",""weatherCondition"":""ANY""}"	STRUCTURE_ONLY	"{""spawnWeight"":{""active"":0,""proposed"":0,""status"":""PENDING_PLAYTEST""},""minGroup"":1,""maxGroup"":2,""localCap"":3,""maxAlivePerStructure"":null,""maxAlivePerArena"":null}"	PENDING_LOCATION_COOLDOWN_AND_KILL_STATE; no active spawner	"""Bone pit/alchemy cellar/deep fracture marker"""	"{""sourceText"":""魔蜈黑紫甲片、百目金黄精元、剧毒大颚钳。"",""status"":""PENDING_REGISTERED_ITEM_AND_USE_MAPPING""}"	"{""id"":""dynasty:cod1/baimu_mowu"",""status"":""PROPOSED_PENDING""}"	"{""arena"":null,""summonCondition"":null}"			未实机验证
铜臂飞天夜叉	BASIC	dynasty:tongbi_feitian_yecha	MISSING	NOT_STARTED	PROPOSED_PENDING_IMPLEMENTATION	minecraft:overworld	"{""biomeTags"":[],""structureTags"":[{""id"":""#dynasty:cod1/abyss_cliff_walkway"",""kind"":""structure"",""status"":""PROPOSED_PENDING"",""path"":""src/main/resources/data/dynasty/tags/worldgen/structure/cod1/abyss_cliff_walkway.json"",""exists"":false,""activeForThisEntry"":false}]}"	"{""heightRange"":{""min"":null,""max"":null,""profile"":""CLIFF_AIR"",""status"":""PROPOSED_PENDING_TERRAIN_VALIDATION""},""timeWindow"":""ALL_LOW_LIGHT"",""weatherCondition"":""ANY""}"	STRUCTURE_REGION	"{""spawnWeight"":{""active"":0,""proposed"":0,""status"":""PENDING_PLAYTEST""},""minGroup"":1,""maxGroup"":2,""localCap"":3,""maxAlivePerStructure"":null,""maxAlivePerArena"":null}"	PENDING_LOCATION_COOLDOWN_AND_KILL_STATE; no active spawner	"""Cliff/walkway/imperial tomb edge, flight clearance"""	"{""sourceText"":""夜叉焦黑羽毛、铜铸假肢关节、恶鬼凶齿。"",""status"":""PENDING_REGISTERED_ITEM_AND_USE_MAPPING""}"	"{""id"":""dynasty:cod1/tongbi_feitian_yecha"",""status"":""PROPOSED_PENDING""}"	"{""arena"":null,""summonCondition"":null}"			未实机验证
阴阳纸轿游魂	BASIC	dynasty:yinyang_zhijiao_youhun	MISSING	NOT_STARTED	PROPOSED_PENDING_IMPLEMENTATION	minecraft:overworld	"{""biomeTags"":[],""structureTags"":[{""id"":""#dynasty:cod1/midnight_funeral_road"",""kind"":""structure"",""status"":""PROPOSED_PENDING"",""path"":""src/main/resources/data/dynasty/tags/worldgen/structure/cod1/midnight_funeral_road.json"",""exists"":false,""activeForThisEntry"":false}]}"	"{""heightRange"":{""min"":null,""max"":null,""profile"":""SURFACE"",""status"":""PROPOSED_PENDING_TERRAIN_VALIDATION""},""timeWindow"":""MIDNIGHT"",""weatherCondition"":""ANY""}"	STRUCTURE_EVENT	"{""spawnWeight"":{""active"":0,""proposed"":0,""status"":""PENDING_PLAYTEST""},""minGroup"":1,""maxGroup"":1,""localCap"":1,""maxAlivePerStructure"":null,""maxAlivePerArena"":null}"	PENDING_LOCATION_COOLDOWN_AND_KILL_STATE; no active spawner	"""Midnight pass or graveyard crossroads; event cap one"""	"{""sourceText"":""极寒纸轿帘、白绫缎条、碎裂翡翠簪、阴气凝结核。"",""status"":""PENDING_REGISTERED_ITEM_AND_USE_MAPPING""}"	"{""id"":""dynasty:cod1/yinyang_zhijiao_youhun"",""status"":""PROPOSED_PENDING""}"	"{""arena"":null,""summonCondition"":null}"			未实机验证
陷阵断头将	ELITE	dynasty:xianzhen_duantoujiang	MISSING	NOT_STARTED	PROPOSED_PENDING_IMPLEMENTATION	minecraft:overworld	"{""biomeTags"":[],""structureTags"":[{""id"":""#dynasty:cod1/elite/xianzhen_duantoujiang"",""kind"":""structure"",""status"":""PROPOSED_PENDING"",""path"":""src/main/resources/data/dynasty/tags/worldgen/structure/cod1/elite/xianzhen_duantoujiang.json"",""exists"":false,""activeForThisEntry"":false}]}"	"{""heightRange"":""MATCH_STRUCTURE_MARKER"",""timeWindow"":""MATCH_EVENT"",""weatherCondition"":""ANY_UNLESS_EVENT_REQUIRES""}"	STRUCTURE_OR_RARE_EVENT	"{""spawnWeight"":0,""minGroup"":null,""maxGroup"":null,""localCap"":null,""maxAlivePerStructure"":1,""maxAlivePerArena"":null}"	LONG_COOLDOWN_CONFIG_PENDING	null	"{""sourceText"":null,""status"":""PENDING_REGISTERED_ITEM_AND_USE_MAPPING""}"	"{""id"":""dynasty:cod1/xianzhen_duantoujiang"",""status"":""PROPOSED_PENDING""}"	"{""arena"":null,""summonCondition"":null}"			未实机验证
鬼车九首鸟	ELITE	dynasty:guiche_jiushouniao	MISSING	NOT_STARTED	PROPOSED_PENDING_IMPLEMENTATION	minecraft:overworld	"{""biomeTags"":[],""structureTags"":[{""id"":""#dynasty:cod1/elite/guiche_jiushouniao"",""kind"":""structure"",""status"":""PROPOSED_PENDING"",""path"":""src/main/resources/data/dynasty/tags/worldgen/structure/cod1/elite/guiche_jiushouniao.json"",""exists"":false,""activeForThisEntry"":false}]}"	"{""heightRange"":""MATCH_STRUCTURE_MARKER"",""timeWindow"":""MATCH_EVENT"",""weatherCondition"":""ANY_UNLESS_EVENT_REQUIRES""}"	RARE_FLIGHT_EVENT	"{""spawnWeight"":0,""minGroup"":null,""maxGroup"":null,""localCap"":null,""maxAlivePerStructure"":1,""maxAlivePerArena"":null}"	LONG_COOLDOWN_CONFIG_PENDING	null	"{""sourceText"":null,""status"":""PENDING_REGISTERED_ITEM_AND_USE_MAPPING""}"	"{""id"":""dynasty:cod1/guiche_jiushouniao"",""status"":""PROPOSED_PENDING""}"	"{""arena"":null,""summonCondition"":null}"			未实机验证
千机百炼偃师	ELITE	dynasty:qianji_bailian_yanshi	MISSING	NOT_STARTED	PROPOSED_PENDING_IMPLEMENTATION	minecraft:overworld	"{""biomeTags"":[],""structureTags"":[{""id"":""#dynasty:cod1/elite/qianji_bailian_yanshi"",""kind"":""structure"",""status"":""PROPOSED_PENDING"",""path"":""src/main/resources/data/dynasty/tags/worldgen/structure/cod1/elite/qianji_bailian_yanshi.json"",""exists"":false,""activeForThisEntry"":false}]}"	"{""heightRange"":""MATCH_STRUCTURE_MARKER"",""timeWindow"":""MATCH_EVENT"",""weatherCondition"":""ANY_UNLESS_EVENT_REQUIRES""}"	FIXED_STRUCTURE_ELITE	"{""spawnWeight"":0,""minGroup"":null,""maxGroup"":null,""localCap"":null,""maxAlivePerStructure"":1,""maxAlivePerArena"":null}"	LONG_COOLDOWN_CONFIG_PENDING	null	"{""sourceText"":null,""status"":""PENDING_REGISTERED_ITEM_AND_USE_MAPPING""}"	"{""id"":""dynasty:cod1/qianji_bailian_yanshi"",""status"":""PROPOSED_PENDING""}"	"{""arena"":null,""summonCondition"":null}"			未实机验证
披鳞执金吾	ELITE	dynasty:pilin_zhijinwu	MISSING	NOT_STARTED	PROPOSED_PENDING_IMPLEMENTATION	minecraft:overworld	"{""biomeTags"":[],""structureTags"":[{""id"":""#dynasty:cod1/elite/pilin_zhijinwu"",""kind"":""structure"",""status"":""PROPOSED_PENDING"",""path"":""src/main/resources/data/dynasty/tags/worldgen/structure/cod1/elite/pilin_zhijinwu.json"",""exists"":false,""activeForThisEntry"":false}]}"	"{""heightRange"":""MATCH_STRUCTURE_MARKER"",""timeWindow"":""MATCH_EVENT"",""weatherCondition"":""ANY_UNLESS_EVENT_REQUIRES""}"	FIXED_GUARD	"{""spawnWeight"":0,""minGroup"":null,""maxGroup"":null,""localCap"":null,""maxAlivePerStructure"":1,""maxAlivePerArena"":null}"	ONE_SHOT_SAVEDDATA	null	"{""sourceText"":null,""status"":""PENDING_REGISTERED_ITEM_AND_USE_MAPPING""}"	"{""id"":""dynasty:cod1/pilin_zhijinwu"",""status"":""PROPOSED_PENDING""}"	"{""arena"":null,""summonCondition"":null}"			未实机验证
白面狐仙姑	ELITE	dynasty:baimian_huxiangu	MISSING	NOT_STARTED	PROPOSED_PENDING_IMPLEMENTATION	minecraft:overworld	"{""biomeTags"":[],""structureTags"":[{""id"":""#dynasty:cod1/elite/baimian_huxiangu"",""kind"":""structure"",""status"":""PROPOSED_PENDING"",""path"":""src/main/resources/data/dynasty/tags/worldgen/structure/cod1/elite/baimian_huxiangu.json"",""exists"":false,""activeForThisEntry"":false}]}"	"{""heightRange"":""MATCH_STRUCTURE_MARKER"",""timeWindow"":""MATCH_EVENT"",""weatherCondition"":""ANY_UNLESS_EVENT_REQUIRES""}"	RARE_STRUCTURE_ELITE	"{""spawnWeight"":0,""minGroup"":null,""maxGroup"":null,""localCap"":null,""maxAlivePerStructure"":1,""maxAlivePerArena"":null}"	LONG_COOLDOWN_CONFIG_PENDING	null	"{""sourceText"":null,""status"":""PENDING_REGISTERED_ITEM_AND_USE_MAPPING""}"	"{""id"":""dynasty:cod1/baimian_huxiangu"",""status"":""PROPOSED_PENDING""}"	"{""arena"":null,""summonCondition"":null}"			未实机验证
巨锤金甲力士	ELITE	dynasty:juchui_jinjia_lishi	MISSING	NOT_STARTED	PROPOSED_PENDING_IMPLEMENTATION	minecraft:overworld	"{""biomeTags"":[],""structureTags"":[{""id"":""#dynasty:cod1/elite/juchui_jinjia_lishi"",""kind"":""structure"",""status"":""PROPOSED_PENDING"",""path"":""src/main/resources/data/dynasty/tags/worldgen/structure/cod1/elite/juchui_jinjia_lishi.json"",""exists"":false,""activeForThisEntry"":false}]}"	"{""heightRange"":""MATCH_STRUCTURE_MARKER"",""timeWindow"":""MATCH_EVENT"",""weatherCondition"":""ANY_UNLESS_EVENT_REQUIRES""}"	FIXED_GUARD	"{""spawnWeight"":0,""minGroup"":null,""maxGroup"":null,""localCap"":null,""maxAlivePerStructure"":1,""maxAlivePerArena"":null}"	ONE_SHOT_SAVEDDATA	null	"{""sourceText"":null,""status"":""PENDING_REGISTERED_ITEM_AND_USE_MAPPING""}"	"{""id"":""dynasty:cod1/juchui_jinjia_lishi"",""status"":""PROPOSED_PENDING""}"	"{""arena"":null,""summonCondition"":null}"			未实机验证
蛊毒天蛛女	ELITE	dynasty:gudu_tianzhunv	MISSING	NOT_STARTED	PROPOSED_PENDING_IMPLEMENTATION	minecraft:overworld	"{""biomeTags"":[],""structureTags"":[{""id"":""#dynasty:cod1/elite/gudu_tianzhunv"",""kind"":""structure"",""status"":""PROPOSED_PENDING"",""path"":""src/main/resources/data/dynasty/tags/worldgen/structure/cod1/elite/gudu_tianzhunv.json"",""exists"":false,""activeForThisEntry"":false}]}"	"{""heightRange"":""MATCH_STRUCTURE_MARKER"",""timeWindow"":""MATCH_EVENT"",""weatherCondition"":""ANY_UNLESS_EVENT_REQUIRES""}"	NEST_ELITE	"{""spawnWeight"":0,""minGroup"":null,""maxGroup"":null,""localCap"":null,""maxAlivePerStructure"":1,""maxAlivePerArena"":null}"	LONG_COOLDOWN_CONFIG_PENDING	null	"{""sourceText"":null,""status"":""PENDING_REGISTERED_ITEM_AND_USE_MAPPING""}"	"{""id"":""dynasty:cod1/gudu_tianzhunv"",""status"":""PROPOSED_PENDING""}"	"{""arena"":null,""summonCondition"":null}"			未实机验证
阴阳炼丹方士	ELITE	dynasty:yinyang_liandan_fangshi	MISSING	NOT_STARTED	PROPOSED_PENDING_IMPLEMENTATION	minecraft:overworld	"{""biomeTags"":[],""structureTags"":[{""id"":""#dynasty:cod1/elite/yinyang_liandan_fangshi"",""kind"":""structure"",""status"":""PROPOSED_PENDING"",""path"":""src/main/resources/data/dynasty/tags/worldgen/structure/cod1/elite/yinyang_liandan_fangshi.json"",""exists"":false,""activeForThisEntry"":false}]}"	"{""heightRange"":""MATCH_STRUCTURE_MARKER"",""timeWindow"":""MATCH_EVENT"",""weatherCondition"":""ANY_UNLESS_EVENT_REQUIRES""}"	STRUCTURE_OR_RARE_EVENT	"{""spawnWeight"":0,""minGroup"":null,""maxGroup"":null,""localCap"":null,""maxAlivePerStructure"":1,""maxAlivePerArena"":null}"	LONG_COOLDOWN_CONFIG_PENDING	null	"{""sourceText"":null,""status"":""PENDING_REGISTERED_ITEM_AND_USE_MAPPING""}"	"{""id"":""dynasty:cod1/yinyang_liandan_fangshi"",""status"":""PROPOSED_PENDING""}"	"{""arena"":null,""summonCondition"":null}"			未实机验证
伏波巡海夜叉	ELITE	dynasty:fubo_xunhai_yecha	MISSING	NOT_STARTED	PROPOSED_PENDING_IMPLEMENTATION	minecraft:overworld	"{""biomeTags"":[],""structureTags"":[{""id"":""#dynasty:cod1/elite/fubo_xunhai_yecha"",""kind"":""structure"",""status"":""PROPOSED_PENDING"",""path"":""src/main/resources/data/dynasty/tags/worldgen/structure/cod1/elite/fubo_xunhai_yecha.json"",""exists"":false,""activeForThisEntry"":false}]}"	"{""heightRange"":""MATCH_STRUCTURE_MARKER"",""timeWindow"":""MATCH_EVENT"",""weatherCondition"":""ANY_UNLESS_EVENT_REQUIRES""}"	WATER_STRUCTURE_ELITE	"{""spawnWeight"":0,""minGroup"":null,""maxGroup"":null,""localCap"":null,""maxAlivePerStructure"":1,""maxAlivePerArena"":null}"	LONG_COOLDOWN_CONFIG_PENDING	null	"{""sourceText"":null,""status"":""PENDING_REGISTERED_ITEM_AND_USE_MAPPING""}"	"{""id"":""dynasty:cod1/fubo_xunhai_yecha"",""status"":""PROPOSED_PENDING""}"	"{""arena"":null,""summonCondition"":null}"			未实机验证
搬山甲胄尸狂	ELITE	dynasty:banshan_jiazhou_shikuang	MISSING	NOT_STARTED	PROPOSED_PENDING_IMPLEMENTATION	minecraft:overworld	"{""biomeTags"":[],""structureTags"":[{""id"":""#dynasty:cod1/elite/banshan_jiazhou_shikuang"",""kind"":""structure"",""status"":""PROPOSED_PENDING"",""path"":""src/main/resources/data/dynasty/tags/worldgen/structure/cod1/elite/banshan_jiazhou_shikuang.json"",""exists"":false,""activeForThisEntry"":false}]}"	"{""heightRange"":""MATCH_STRUCTURE_MARKER"",""timeWindow"":""MATCH_EVENT"",""weatherCondition"":""ANY_UNLESS_EVENT_REQUIRES""}"	FIXED_STRUCTURE_ELITE	"{""spawnWeight"":0,""minGroup"":null,""maxGroup"":null,""localCap"":null,""maxAlivePerStructure"":1,""maxAlivePerArena"":null}"	LONG_COOLDOWN_CONFIG_PENDING	null	"{""sourceText"":null,""status"":""PENDING_REGISTERED_ITEM_AND_USE_MAPPING""}"	"{""id"":""dynasty:cod1/banshan_jiazhou_shikuang"",""status"":""PROPOSED_PENDING""}"	"{""arena"":null,""summonCondition"":null}"			未实机验证
墨家绝影刺客	ELITE	dynasty:mojia_jueying_cike	MISSING	NOT_STARTED	PROPOSED_PENDING_IMPLEMENTATION	minecraft:overworld	"{""biomeTags"":[],""structureTags"":[{""id"":""#dynasty:cod1/elite/mojia_jueying_cike"",""kind"":""structure"",""status"":""PROPOSED_PENDING"",""path"":""src/main/resources/data/dynasty/tags/worldgen/structure/cod1/elite/mojia_jueying_cike.json"",""exists"":false,""activeForThisEntry"":false}]}"	"{""heightRange"":""MATCH_STRUCTURE_MARKER"",""timeWindow"":""MATCH_EVENT"",""weatherCondition"":""ANY_UNLESS_EVENT_REQUIRES""}"	FIXED_STRUCTURE_ELITE	"{""spawnWeight"":0,""minGroup"":null,""maxGroup"":null,""localCap"":null,""maxAlivePerStructure"":1,""maxAlivePerArena"":null}"	LONG_COOLDOWN_CONFIG_PENDING	null	"{""sourceText"":null,""status"":""PENDING_REGISTERED_ITEM_AND_USE_MAPPING""}"	"{""id"":""dynasty:cod1/mojia_jueying_cike"",""status"":""PROPOSED_PENDING""}"	"{""arena"":null,""summonCondition"":null}"			未实机验证
撼山铜甲巨猿	ELITE	dynasty:hanshan_tongjia_juyuan	MISSING	NOT_STARTED	PROPOSED_PENDING_IMPLEMENTATION	minecraft:overworld	"{""biomeTags"":[],""structureTags"":[{""id"":""#dynasty:cod1/elite/hanshan_tongjia_juyuan"",""kind"":""structure"",""status"":""PROPOSED_PENDING"",""path"":""src/main/resources/data/dynasty/tags/worldgen/structure/cod1/elite/hanshan_tongjia_juyuan.json"",""exists"":false,""activeForThisEntry"":false}]}"	"{""heightRange"":""MATCH_STRUCTURE_MARKER"",""timeWindow"":""MATCH_EVENT"",""weatherCondition"":""ANY_UNLESS_EVENT_REQUIRES""}"	RARE_STRUCTURE_ELITE	"{""spawnWeight"":0,""minGroup"":null,""maxGroup"":null,""localCap"":null,""maxAlivePerStructure"":1,""maxAlivePerArena"":null}"	LONG_COOLDOWN_CONFIG_PENDING	null	"{""sourceText"":null,""status"":""PENDING_REGISTERED_ITEM_AND_USE_MAPPING""}"	"{""id"":""dynasty:cod1/hanshan_tongjia_juyuan"",""status"":""PROPOSED_PENDING""}"	"{""arena"":null,""summonCondition"":null}"			未实机验证
青灯判官鬼差	ELITE	dynasty:qingdeng_panguan_guichai	MISSING	NOT_STARTED	PROPOSED_PENDING_IMPLEMENTATION	dynasty:underworld	"{""biomeTags"":[{""id"":""#dynasty:underworld"",""kind"":""biome"",""status"":""EXISTS"",""path"":""src/main/resources/data/dynasty/tags/worldgen/biome/underworld.json"",""exists"":true,""activeForThisEntry"":false}],""structureTags"":[{""id"":""#dynasty:cod1/elite/qingdeng_panguan_guichai"",""kind"":""structure"",""status"":""PROPOSED_PENDING"",""path"":""src/main/resources/data/dynasty/tags/worldgen/structure/cod1/elite/qingdeng_panguan_guichai.json"",""exists"":false,""activeForThisEntry"":false}]}"	"{""heightRange"":""MATCH_STRUCTURE_MARKER"",""timeWindow"":""MATCH_EVENT"",""weatherCondition"":""ANY_UNLESS_EVENT_REQUIRES""}"	FIXED_STRUCTURE_ELITE	"{""spawnWeight"":0,""minGroup"":null,""maxGroup"":null,""localCap"":null,""maxAlivePerStructure"":1,""maxAlivePerArena"":null}"	LONG_COOLDOWN_CONFIG_PENDING	null	"{""sourceText"":null,""status"":""PENDING_REGISTERED_ITEM_AND_USE_MAPPING""}"	"{""id"":""dynasty:cod1/qingdeng_panguan_guichai"",""status"":""PROPOSED_PENDING""}"	"{""arena"":null,""summonCondition"":null}"			未实机验证
烈风金雕羽士	ELITE	dynasty:liefeng_jindiao_yushi	MISSING	NOT_STARTED	PROPOSED_PENDING_IMPLEMENTATION	minecraft:overworld	"{""biomeTags"":[],""structureTags"":[{""id"":""#dynasty:cod1/elite/liefeng_jindiao_yushi"",""kind"":""structure"",""status"":""PROPOSED_PENDING"",""path"":""src/main/resources/data/dynasty/tags/worldgen/structure/cod1/elite/liefeng_jindiao_yushi.json"",""exists"":false,""activeForThisEntry"":false}]}"	"{""heightRange"":""MATCH_STRUCTURE_MARKER"",""timeWindow"":""MATCH_EVENT"",""weatherCondition"":""ANY_UNLESS_EVENT_REQUIRES""}"	RARE_STRUCTURE_ELITE	"{""spawnWeight"":0,""minGroup"":null,""maxGroup"":null,""localCap"":null,""maxAlivePerStructure"":1,""maxAlivePerArena"":null}"	LONG_COOLDOWN_CONFIG_PENDING	null	"{""sourceText"":null,""status"":""PENDING_REGISTERED_ITEM_AND_USE_MAPPING""}"	"{""id"":""dynasty:cod1/liefeng_jindiao_yushi"",""status"":""PROPOSED_PENDING""}"	"{""arena"":null,""summonCondition"":null}"			未实机验证
镇墓狻猊铜吼	ELITE	dynasty:zhenmu_suanni_tonghou	MISSING	NOT_STARTED	PROPOSED_PENDING_IMPLEMENTATION	minecraft:overworld	"{""biomeTags"":[],""structureTags"":[{""id"":""#dynasty:cod1/elite/zhenmu_suanni_tonghou"",""kind"":""structure"",""status"":""PROPOSED_PENDING"",""path"":""src/main/resources/data/dynasty/tags/worldgen/structure/cod1/elite/zhenmu_suanni_tonghou.json"",""exists"":false,""activeForThisEntry"":false}]}"	"{""heightRange"":""MATCH_STRUCTURE_MARKER"",""timeWindow"":""MATCH_EVENT"",""weatherCondition"":""ANY_UNLESS_EVENT_REQUIRES""}"	FIXED_GUARD	"{""spawnWeight"":0,""minGroup"":null,""maxGroup"":null,""localCap"":null,""maxAlivePerStructure"":1,""maxAlivePerArena"":null}"	ONE_SHOT_SAVEDDATA	null	"{""sourceText"":null,""status"":""PENDING_REGISTERED_ITEM_AND_USE_MAPPING""}"	"{""id"":""dynasty:cod1/zhenmu_suanni_tonghou"",""status"":""PROPOSED_PENDING""}"	"{""arena"":null,""summonCondition"":null}"			未实机验证
断代凶镬·饕宴之尸	BOSS	dynasty:taoyan_zhishi	MISSING	NOT_STARTED	PROPOSED_PENDING_IMPLEMENTATION	minecraft:overworld	"{""biomeTags"":[],""structureTags"":[{""id"":""#dynasty:cod1/boss/taoyan_zhishi"",""kind"":""structure"",""status"":""PROPOSED_PENDING"",""path"":""src/main/resources/data/dynasty/tags/worldgen/structure/cod1/boss/taoyan_zhishi.json"",""exists"":false,""activeForThisEntry"":false}]}"	"{""heightRange"":null,""timeWindow"":null,""weatherCondition"":null}"	TRIGGER_ONLY	"{""spawnWeight"":0,""minGroup"":null,""maxGroup"":null,""localCap"":null,""maxAlivePerStructure"":null,""maxAlivePerArena"":1}"	EXPLICIT_REPEAT_ENCOUNTER_ONLY; NO_NATURAL_SPAWN	"""PENDING_QUEST_OR_STRUCTURE_TRIGGER"""	"{""sourceText"":""残破饕餮青铜鼎耳（神器素材）、淬火攻城尖桩、食尽万军魂晶。"",""status"":""PENDING_REGISTERED_ITEM_AND_USE_MAPPING""}"	"{""id"":""dynasty:cod1/taoyan_zhishi"",""status"":""PROPOSED_PENDING""}"	"{""arena"":{""name"":""万卒沸镬坑"",""status"":""PENDING_ARENA_TRIGGER_INTERFACE""},""summonCondition"":""进入核心祭坑并完成祭祀/机关""}"			未实机验证
殉节盲帅·公孙无妄	BOSS	dynasty:gongsun_wuwang	MISSING	NOT_STARTED	PROPOSED_PENDING_IMPLEMENTATION	minecraft:overworld	"{""biomeTags"":[],""structureTags"":[{""id"":""#dynasty:cod1/boss/gongsun_wuwang"",""kind"":""structure"",""status"":""PROPOSED_PENDING"",""path"":""src/main/resources/data/dynasty/tags/worldgen/structure/cod1/boss/gongsun_wuwang.json"",""exists"":false,""activeForThisEntry"":false}]}"	"{""heightRange"":null,""timeWindow"":null,""weatherCondition"":null}"	TRIGGER_ONLY	"{""spawnWeight"":0,""minGroup"":null,""maxGroup"":null,""localCap"":null,""maxAlivePerStructure"":null,""maxAlivePerArena"":1}"	EXPLICIT_REPEAT_ENCOUNTER_ONLY; NO_NATURAL_SPAWN	"""PENDING_QUEST_OR_STRUCTURE_TRIGGER"""	"{""sourceText"":""公孙无妄的断刃斩马刀（神器胚体）、盲帅残破凤翅兜鍪、孤城血战誓书。"",""status"":""PENDING_REGISTERED_ITEM_AND_USE_MAPPING""}"	"{""id"":""dynasty:cod1/gongsun_wuwang"",""status"":""PROPOSED_PENDING""}"	"{""arena"":{""name"":""折戟沉沙空城瓮城"",""status"":""PENDING_ARENA_TRIGGER_INTERFACE""},""summonCondition"":""古战场推进至大帐/瓮城""}"			未实机验证
九霄木鸢·鲁班遗煞	BOSS	dynasty:luban_yisha	MISSING	NOT_STARTED	PROPOSED_PENDING_IMPLEMENTATION	minecraft:overworld	"{""biomeTags"":[],""structureTags"":[{""id"":""#dynasty:cod1/boss/luban_yisha"",""kind"":""structure"",""status"":""PROPOSED_PENDING"",""path"":""src/main/resources/data/dynasty/tags/worldgen/structure/cod1/boss/luban_yisha.json"",""exists"":false,""activeForThisEntry"":false}]}"	"{""heightRange"":null,""timeWindow"":null,""weatherCondition"":null}"	TRIGGER_ONLY	"{""spawnWeight"":0,""minGroup"":null,""maxGroup"":null,""localCap"":null,""maxAlivePerStructure"":null,""maxAlivePerArena"":1}"	EXPLICIT_REPEAT_ENCOUNTER_ONLY; NO_NATURAL_SPAWN	"""PENDING_QUEST_OR_STRUCTURE_TRIGGER"""	"{""sourceText"":""天枢木鸢核心机括、极韧朱砂木羽片、鲁班天工机关图残页。"",""status"":""PENDING_REGISTERED_ITEM_AND_USE_MAPPING""}"	"{""id"":""dynasty:cod1/luban_yisha"",""status"":""PROPOSED_PENDING""}"	"{""arena"":{""name"":""天枢悬空摘星台"",""status"":""PENDING_ARENA_TRIGGER_INTERFACE""},""summonCondition"":""悬空机关核心/结构Boss触发器""}"			未实机验证
沉渊骨龙·烛阴残蜕	BOSS	dynasty:zhuyin_cantui	MISSING	NOT_STARTED	PROPOSED_PENDING_IMPLEMENTATION	minecraft:overworld	"{""biomeTags"":[],""structureTags"":[{""id"":""#dynasty:cod1/boss/zhuyin_cantui"",""kind"":""structure"",""status"":""PROPOSED_PENDING"",""path"":""src/main/resources/data/dynasty/tags/worldgen/structure/cod1/boss/zhuyin_cantui.json"",""exists"":false,""activeForThisEntry"":false}]}"	"{""heightRange"":null,""timeWindow"":null,""weatherCondition"":null}"	TRIGGER_ONLY	"{""spawnWeight"":0,""minGroup"":null,""maxGroup"":null,""localCap"":null,""maxAlivePerStructure"":null,""maxAlivePerArena"":1}"	EXPLICIT_REPEAT_ENCOUNTER_ONLY; NO_NATURAL_SPAWN	"""PENDING_QUEST_OR_STRUCTURE_TRIGGER"""	"{""sourceText"":""烛九阴残骨髓（神器素材）、永夜玄冰玉、覆海骨龙角。"",""status"":""PENDING_REGISTERED_ITEM_AND_USE_MAPPING""}"	"{""id"":""dynasty:cod1/zhuyin_cantui"",""status"":""PROPOSED_PENDING""}"	"{""arena"":{""name"":""永夜冻潭水宫"",""status"":""PENDING_ARENA_TRIGGER_INTERFACE""},""summonCondition"":""进入玄潭核心并完成前置触发""}"			未实机验证
金阙尸仙·昭明帝	BOSS	dynasty:zhaoming_di	MISSING	NOT_STARTED	PROPOSED_PENDING_IMPLEMENTATION	minecraft:overworld	"{""biomeTags"":[],""structureTags"":[{""id"":""#dynasty:cod1/boss/zhaoming_di"",""kind"":""structure"",""status"":""PROPOSED_PENDING"",""path"":""src/main/resources/data/dynasty/tags/worldgen/structure/cod1/boss/zhaoming_di.json"",""exists"":false,""activeForThisEntry"":false}]}"	"{""heightRange"":null,""timeWindow"":null,""weatherCondition"":null}"	TRIGGER_ONLY	"{""spawnWeight"":0,""minGroup"":null,""maxGroup"":null,""localCap"":null,""maxAlivePerStructure"":null,""maxAlivePerArena"":1}"	EXPLICIT_REPEAT_ENCOUNTER_ONLY; NO_NATURAL_SPAWN	"""PENDING_QUEST_OR_STRUCTURE_TRIGGER"""	"{""sourceText"":""未锈赤霄剑格（顶级神器素材）、残破受命于天玉玺、金丝楠木尸仙髓。"",""status"":""PENDING_REGISTERED_ITEM_AND_USE_MAPPING""}"	"{""id"":""dynasty:cod1/zhaoming_di"",""status"":""PROPOSED_PENDING""}"	"{""arena"":{""name"":""九重水银天宫"",""status"":""PENDING_ARENA_TRIGGER_INTERFACE""},""summonCondition"":""打开九重棺椁/帝棺""}"			未实机验证
赤练红罗·蛇母娘娘	BOSS	dynasty:shemu_niangniang	MISSING	NOT_STARTED	PROPOSED_PENDING_IMPLEMENTATION	minecraft:overworld	"{""biomeTags"":[],""structureTags"":[{""id"":""#dynasty:cod1/boss/shemu_niangniang"",""kind"":""structure"",""status"":""PROPOSED_PENDING"",""path"":""src/main/resources/data/dynasty/tags/worldgen/structure/cod1/boss/shemu_niangniang.json"",""exists"":false,""activeForThisEntry"":false}]}"	"{""heightRange"":null,""timeWindow"":null,""weatherCondition"":null}"	TRIGGER_ONLY	"{""spawnWeight"":0,""minGroup"":null,""maxGroup"":null,""localCap"":null,""maxAlivePerStructure"":null,""maxAlivePerArena"":1}"	EXPLICIT_REPEAT_ENCOUNTER_ONLY; NO_NATURAL_SPAWN	"""PENDING_QUEST_OR_STRUCTURE_TRIGGER"""	"{""sourceText"":""断弦白骨琵琶（神器素材）、赤练蛇母逆鳞、带毒金凤冠。"",""status"":""PENDING_REGISTERED_ITEM_AND_USE_MAPPING""}"	"{""id"":""dynasty:cod1/shemu_niangniang"",""status"":""PROPOSED_PENDING""}"	"{""arena"":{""name"":""万蛇洞天血喜堂"",""status"":""PENDING_ARENA_TRIGGER_INTERFACE""},""summonCondition"":""完成苗窟前置机关后抵达血祭化龙潭""}"			未实机验证
无相孽火·黑风法王	BOSS	dynasty:heifeng_fawang	MISSING	NOT_STARTED	PROPOSED_PENDING_IMPLEMENTATION	minecraft:overworld	"{""biomeTags"":[],""structureTags"":[{""id"":""#dynasty:cod1/boss/heifeng_fawang"",""kind"":""structure"",""status"":""PROPOSED_PENDING"",""path"":""src/main/resources/data/dynasty/tags/worldgen/structure/cod1/boss/heifeng_fawang.json"",""exists"":false,""activeForThisEntry"":false}]}"	"{""heightRange"":null,""timeWindow"":null,""weatherCondition"":null}"	TRIGGER_ONLY	"{""spawnWeight"":0,""minGroup"":null,""maxGroup"":null,""localCap"":null,""maxAlivePerStructure"":null,""maxAlivePerArena"":1}"	EXPLICIT_REPEAT_ENCOUNTER_ONLY; NO_NATURAL_SPAWN	"""PENDING_QUEST_OR_STRUCTURE_TRIGGER"""	"{""sourceText"":""无相黑佛骨舍利（顶级神火素材）、残破织金九条袈裟、降魔铁杵尖。"",""status"":""PENDING_REGISTERED_ITEM_AND_USE_MAPPING""}"	"{""id"":""dynasty:cod1/heifeng_fawang"",""status"":""PROPOSED_PENDING""}"	"{""arena"":{""name"":""焦黑阿兰若残寺"",""status"":""PENDING_ARENA_TRIGGER_INTERFACE""},""summonCondition"":""完成残寺封印/经幢前置后进入平台""}"			未实机验证
镇国机关偶·刑天遗卫	BOSS	dynasty:xingtian_yiwei	MISSING	NOT_STARTED	PROPOSED_PENDING_IMPLEMENTATION	minecraft:overworld	"{""biomeTags"":[],""structureTags"":[{""id"":""#dynasty:cod1/boss/xingtian_yiwei"",""kind"":""structure"",""status"":""PROPOSED_PENDING"",""path"":""src/main/resources/data/dynasty/tags/worldgen/structure/cod1/boss/xingtian_yiwei.json"",""exists"":false,""activeForThisEntry"":false}]}"	"{""heightRange"":null,""timeWindow"":null,""weatherCondition"":null}"	TRIGGER_ONLY	"{""spawnWeight"":0,""minGroup"":null,""maxGroup"":null,""localCap"":null,""maxAlivePerStructure"":null,""maxAlivePerArena"":1}"	EXPLICIT_REPEAT_ENCOUNTER_ONLY; NO_NATURAL_SPAWN	"""PENDING_QUEST_OR_STRUCTURE_TRIGGER"""	"{""sourceText"":""刑天遗卫青铜核心齿轮（神器素材）、先秦重铸青铜板、战不休之魂。"",""status"":""PENDING_REGISTERED_ITEM_AND_USE_MAPPING""}"	"{""id"":""dynasty:cod1/xingtian_yiwei"",""status"":""PROPOSED_PENDING""}"	"{""arena"":{""name"":""天工机关城锻造核心"",""status"":""PENDING_ARENA_TRIGGER_INTERFACE""},""summonCondition"":""恢复/破坏锻造核心机关""}"			未实机验证
九天玄刹·雷泽巨灵	BOSS	dynasty:leize_juling	MISSING	NOT_STARTED	PROPOSED_PENDING_IMPLEMENTATION	dynasty:jiuxiao	"{""biomeTags"":[],""structureTags"":[{""id"":""#dynasty:cod1/boss/leize_juling"",""kind"":""structure"",""status"":""PROPOSED_PENDING"",""path"":""src/main/resources/data/dynasty/tags/worldgen/structure/cod1/boss/leize_juling.json"",""exists"":false,""activeForThisEntry"":false}]}"	"{""heightRange"":null,""timeWindow"":null,""weatherCondition"":null}"	TRIGGER_ONLY	"{""spawnWeight"":0,""minGroup"":null,""maxGroup"":null,""localCap"":null,""maxAlivePerStructure"":null,""maxAlivePerArena"":1}"	EXPLICIT_REPEAT_ENCOUNTER_ONLY; NO_NATURAL_SPAWN	"""PENDING_QUEST_OR_STRUCTURE_TRIGGER"""	"{""sourceText"":""纯净雷泽天晶（神雷神器素材）、不灭雷公凿碎角、风雷大篆真页。"",""status"":""PENDING_REGISTERED_ITEM_AND_USE_MAPPING""}"	"{""id"":""dynasty:cod1/leize_juling"",""status"":""PROPOSED_PENDING""}"	"{""arena"":{""name"":""天绝雷泽祭天坛"",""status"":""PENDING_ARENA_TRIGGER_INTERFACE""},""summonCondition"":""神域祭坛引雷前置（细则待确认）""}"			未实机验证
幽冥引渡·彼岸冥舟	BOSS	dynasty:bian_mingzhou	MISSING	NOT_STARTED	PROPOSED_PENDING_IMPLEMENTATION	dynasty:underworld	"{""biomeTags"":[],""structureTags"":[{""id"":""#dynasty:cod1/boss/bian_mingzhou"",""kind"":""structure"",""status"":""PROPOSED_PENDING"",""path"":""src/main/resources/data/dynasty/tags/worldgen/structure/cod1/boss/bian_mingzhou.json"",""exists"":false,""activeForThisEntry"":false}]}"	"{""heightRange"":null,""timeWindow"":null,""weatherCondition"":null}"	TRIGGER_ONLY	"{""spawnWeight"":0,""minGroup"":null,""maxGroup"":null,""localCap"":null,""maxAlivePerStructure"":null,""maxAlivePerArena"":1}"	EXPLICIT_REPEAT_ENCOUNTER_ONLY; NO_NATURAL_SPAWN	"""PENDING_QUEST_OR_STRUCTURE_TRIGGER"""	"{""sourceText"":""引魂木偶之面（神器素材）、沉香冥木板、不沉白灯芯。"",""status"":""PENDING_REGISTERED_ITEM_AND_USE_MAPPING""}"	"{""id"":""dynasty:cod1/bian_mingzhou"",""status"":""PROPOSED_PENDING""}"	"{""arena"":{""name"":""忘川血海渡口"",""status"":""PENDING_ARENA_TRIGGER_INTERFACE""},""summonCondition"":""忘川渡口阴司事件前置（细则待确认）""}"			未实机验证
封魔剑冢·玄天剑煞	BOSS	dynasty:xuantian_jiansha	MISSING	NOT_STARTED	PROPOSED_PENDING_IMPLEMENTATION	minecraft:overworld	"{""biomeTags"":[],""structureTags"":[{""id"":""#dynasty:cod1/boss/xuantian_jiansha"",""kind"":""structure"",""status"":""PROPOSED_PENDING"",""path"":""src/main/resources/data/dynasty/tags/worldgen/structure/cod1/boss/xuantian_jiansha.json"",""exists"":false,""activeForThisEntry"":false}]}"	"{""heightRange"":null,""timeWindow"":null,""weatherCondition"":null}"	TRIGGER_ONLY	"{""spawnWeight"":0,""minGroup"":null,""maxGroup"":null,""localCap"":null,""maxAlivePerStructure"":null,""maxAlivePerArena"":1}"	EXPLICIT_REPEAT_ENCOUNTER_ONLY; NO_NATURAL_SPAWN	"""PENDING_QUEST_OR_STRUCTURE_TRIGGER"""	"{""sourceText"":""不败玄天重剑柄（至尊神器胚模）、万剑宗师心诀真本、太白精金剑髓。"",""status"":""PENDING_REGISTERED_ITEM_AND_USE_MAPPING""}"	"{""id"":""dynasty:cod1/xuantian_jiansha"",""status"":""PROPOSED_PENDING""}"	"{""arena"":{""name"":""万刃凌迟剑绝峰"",""status"":""PENDING_ARENA_TRIGGER_INTERFACE""},""summonCondition"":""拔出/触碰核心封魔剑""}"			未实机验证
四象逆脉·混元祖兽	BOSS	dynasty:hunyuan_zushou	MISSING	NOT_STARTED	PENDING_CONFIRMATION	dynasty:zhenyuan_arena	"{""biomeTags"":[],""structureTags"":[{""id"":""#dynasty:cod1/boss/hunyuan_zushou"",""kind"":""structure"",""status"":""PROPOSED_PENDING"",""path"":""src/main/resources/data/dynasty/tags/worldgen/structure/cod1/boss/hunyuan_zushou.json"",""exists"":false,""activeForThisEntry"":false}]}"	"{""heightRange"":null,""timeWindow"":null,""weatherCondition"":null}"	TRIGGER_ONLY	"{""spawnWeight"":0,""minGroup"":null,""maxGroup"":null,""localCap"":null,""maxAlivePerStructure"":null,""maxAlivePerArena"":1}"	EXPLICIT_REPEAT_ENCOUNTER_ONLY; NO_NATURAL_SPAWN	"""PENDING_USER_CONFIRMATION; do not attach to active ritual"""	"{""sourceText"":""四象混元混沌核（核心终极素材）、青龙逆角、白虎神爪尖、朱雀本源翎、玄武甲精髓。"",""status"":""PENDING_REGISTERED_ITEM_AND_USE_MAPPING""}"	"{""id"":""dynasty:cod1/hunyuan_zushou"",""status"":""PROPOSED_PENDING""}"	"{""arena"":{""name"":""四象封天九天悬岛"",""status"":""PENDING_ARENA_TRIGGER_INTERFACE""},""summonCondition"":""四象贡品齐备；候选身份与入口须确认""}"			未实机验证
龙吟斩马断岳刀	ARTIFACT	dynasty:longyin_zhanma_duanyue_dao	MISSING	NOT_STARTED	PROPOSED_PENDING_IMPLEMENTATION	minecraft:overworld	"{""biomeTags"":[],""structureTags"":[{""id"":""#dynasty:cod1/artifact/longyin_zhanma_duanyue_dao"",""kind"":""structure"",""status"":""PROPOSED_PENDING"",""path"":""src/main/resources/data/dynasty/tags/worldgen/structure/cod1/artifact/longyin_zhanma_duanyue_dao.json"",""exists"":false,""activeForThisEntry"":false}]}"	"{""heightRange"":null,""timeWindow"":null,""weatherCondition"":null}"	BOSS	"{""spawnWeight"":null,""minGroup"":null,""maxGroup"":null,""localCap"":null,""maxAlivePerStructure"":null,""maxAlivePerArena"":null}"	NO_NATURAL_SPAWN	"[""通关【折戟沉沙空城瓮城】击败Boss公孙无妄后，于废墟中央拔出。""]"	"{""sourceText"":""神器按对应来源获得；每玩家一次的建议策略待实现"",""status"":""PENDING_REWARD_HOOK""}"	"{""id"":""dynasty:cod1/longyin_zhanma_duanyue_dao"",""status"":""PROPOSED_PENDING""}"	"{""arena"":null,""summonCondition"":null}"	通关【折戟沉沙空城瓮城】击败Boss公孙无妄后，于废墟中央拔出。		未实机验证
湛卢仁道八面剑	ARTIFACT	dynasty:zhanlu_rendao_bamian_jian	MISSING	NOT_STARTED	PROPOSED_PENDING_IMPLEMENTATION	minecraft:overworld	"{""biomeTags"":[],""structureTags"":[{""id"":""#dynasty:cod1/artifact/zhanlu_rendao_bamian_jian"",""kind"":""structure"",""status"":""PROPOSED_PENDING"",""path"":""src/main/resources/data/dynasty/tags/worldgen/structure/cod1/artifact/zhanlu_rendao_bamian_jian.json"",""exists"":false,""activeForThisEntry"":false}]}"	"{""heightRange"":null,""timeWindow"":null,""weatherCondition"":null}"	STRUCTURE	"{""spawnWeight"":null,""minGroup"":null,""maxGroup"":null,""localCap"":null,""maxAlivePerStructure"":null,""maxAlivePerArena"":null}"	NO_NATURAL_SPAWN	"[""在【太清问道隐仙观】完成无伤参悟三清试炼后于古剑匣中解封。""]"	"{""sourceText"":""神器按对应来源获得；每玩家一次的建议策略待实现"",""status"":""PENDING_REWARD_HOOK""}"	"{""id"":""dynasty:cod1/zhanlu_rendao_bamian_jian"",""status"":""PROPOSED_PENDING""}"	"{""arena"":null,""summonCondition"":null}"	在【太清问道隐仙观】完成无伤参悟三清试炼后于古剑匣中解封。		未实机验证
九曲透骨红缨枪	ARTIFACT	dynasty:jiuqu_tougu_hongying_qiang	MISSING	NOT_STARTED	PROPOSED_PENDING_IMPLEMENTATION	minecraft:overworld	"{""biomeTags"":[],""structureTags"":[{""id"":""#dynasty:cod1/artifact/jiuqu_tougu_hongying_qiang"",""kind"":""structure"",""status"":""PROPOSED_PENDING"",""path"":""src/main/resources/data/dynasty/tags/worldgen/structure/cod1/artifact/jiuqu_tougu_hongying_qiang.json"",""exists"":false,""activeForThisEntry"":false}]}"	"{""heightRange"":null,""timeWindow"":null,""weatherCondition"":null}"	STRUCTURE	"{""spawnWeight"":null,""minGroup"":null,""maxGroup"":null,""localCap"":null,""maxAlivePerStructure"":null,""maxAlivePerArena"":null}"	NO_NATURAL_SPAWN	"[""在古代战船残骸深处的军械密库击破重装水鬼统领后取得。""]"	"{""sourceText"":""神器按对应来源获得；每玩家一次的建议策略待实现"",""status"":""PENDING_REWARD_HOOK""}"	"{""id"":""dynasty:cod1/jiuqu_tougu_hongying_qiang"",""status"":""PROPOSED_PENDING""}"	"{""arena"":null,""summonCondition"":null}"	在古代战船残骸深处的军械密库击破重装水鬼统领后取得。		未实机验证
方天乱世破军戟	ARTIFACT	dynasty:fangtian_luanshi_pojun_ji	MISSING	NOT_STARTED	PROPOSED_PENDING_IMPLEMENTATION	minecraft:overworld	"{""biomeTags"":[],""structureTags"":[{""id"":""#dynasty:cod1/artifact/fangtian_luanshi_pojun_ji"",""kind"":""structure"",""status"":""PROPOSED_PENDING"",""path"":""src/main/resources/data/dynasty/tags/worldgen/structure/cod1/artifact/fangtian_luanshi_pojun_ji.json"",""exists"":false,""activeForThisEntry"":false}]}"	"{""heightRange"":null,""timeWindow"":null,""weatherCondition"":null}"	STRUCTURE	"{""spawnWeight"":null,""minGroup"":null,""maxGroup"":null,""localCap"":null,""maxAlivePerStructure"":null,""maxAlivePerArena"":null}"	NO_NATURAL_SPAWN	"[""【万卒沸镬坑】地底深处暗格，需击败守墓甲士方可解除封印。""]"	"{""sourceText"":""神器按对应来源获得；每玩家一次的建议策略待实现"",""status"":""PENDING_REWARD_HOOK""}"	"{""id"":""dynasty:cod1/fangtian_luanshi_pojun_ji"",""status"":""PROPOSED_PENDING""}"	"{""arena"":null,""summonCondition"":null}"	【万卒沸镬坑】地底深处暗格，需击败守墓甲士方可解除封印。		未实机验证
逐日流金落星弓	ARTIFACT	dynasty:zhuri_liujin_luoxing_gong	MISSING	NOT_STARTED	PROPOSED_PENDING_IMPLEMENTATION	minecraft:overworld	"{""biomeTags"":[],""structureTags"":[{""id"":""#dynasty:cod1/artifact/zhuri_liujin_luoxing_gong"",""kind"":""structure"",""status"":""PROPOSED_PENDING"",""path"":""src/main/resources/data/dynasty/tags/worldgen/structure/cod1/artifact/zhuri_liujin_luoxing_gong.json"",""exists"":false,""activeForThisEntry"":false}]}"	"{""heightRange"":null,""timeWindow"":null,""weatherCondition"":null}"	STRUCTURE	"{""spawnWeight"":null,""minGroup"":null,""maxGroup"":null,""localCap"":null,""maxAlivePerStructure"":null,""maxAlivePerArena"":null}"	NO_NATURAL_SPAWN	"[""极高雪山顶峰的天池神木巢穴中拾取。""]"	"{""sourceText"":""神器按对应来源获得；每玩家一次的建议策略待实现"",""status"":""PENDING_REWARD_HOOK""}"	"{""id"":""dynasty:cod1/zhuri_liujin_luoxing_gong"",""status"":""PROPOSED_PENDING""}"	"{""arena"":null,""summonCondition"":null}"	极高雪山顶峰的天池神木巢穴中拾取。		未实机验证
天机匣式神机弩	ARTIFACT	dynasty:tianji_xiashi_shenji_nu	MISSING	NOT_STARTED	PROPOSED_PENDING_IMPLEMENTATION	minecraft:overworld	"{""biomeTags"":[],""structureTags"":[{""id"":""#dynasty:cod1/artifact/tianji_xiashi_shenji_nu"",""kind"":""structure"",""status"":""PROPOSED_PENDING"",""path"":""src/main/resources/data/dynasty/tags/worldgen/structure/cod1/artifact/tianji_xiashi_shenji_nu.json"",""exists"":false,""activeForThisEntry"":false}]}"	"{""heightRange"":null,""timeWindow"":null,""weatherCondition"":null}"	STRUCTURE	"{""spawnWeight"":null,""minGroup"":null,""maxGroup"":null,""localCap"":null,""maxAlivePerStructure"":null,""maxAlivePerArena"":null}"	NO_NATURAL_SPAWN	"[""探索【天工机关城核心】深处破解十二机关锁密码箱获得。""]"	"{""sourceText"":""神器按对应来源获得；每玩家一次的建议策略待实现"",""status"":""PENDING_REWARD_HOOK""}"	"{""id"":""dynasty:cod1/tianji_xiashi_shenji_nu"",""status"":""PROPOSED_PENDING""}"	"{""arena"":null,""summonCondition"":null}"	探索【天工机关城核心】深处破解十二机关锁密码箱获得。		未实机验证
惊鸿流云金丝扇	ARTIFACT	dynasty:jinghong_liuyun_jinsi_shan	MISSING	NOT_STARTED	PROPOSED_PENDING_IMPLEMENTATION	minecraft:overworld	"{""biomeTags"":[],""structureTags"":[{""id"":""#dynasty:cod1/artifact/jinghong_liuyun_jinsi_shan"",""kind"":""structure"",""status"":""PROPOSED_PENDING"",""path"":""src/main/resources/data/dynasty/tags/worldgen/structure/cod1/artifact/jinghong_liuyun_jinsi_shan.json"",""exists"":false,""activeForThisEntry"":false}]}"	"{""heightRange"":null,""timeWindow"":null,""weatherCondition"":null}"	STRUCTURE	"{""spawnWeight"":null,""minGroup"":null,""maxGroup"":null,""localCap"":null,""maxAlivePerStructure"":null,""maxAlivePerArena"":null}"	NO_NATURAL_SPAWN	"[""在水乡废墟深处的书香世家密室中破解字画谜题获得。""]"	"{""sourceText"":""神器按对应来源获得；每玩家一次的建议策略待实现"",""status"":""PENDING_REWARD_HOOK""}"	"{""id"":""dynasty:cod1/jinghong_liuyun_jinsi_shan"",""status"":""PROPOSED_PENDING""}"	"{""arena"":null,""summonCondition"":null}"	在水乡废墟深处的书香世家密室中破解字画谜题获得。		未实机验证
镇岳九龙受命印	ARTIFACT	dynasty:zhenyue_jiulong_shouming_yin	MISSING	NOT_STARTED	PROPOSED_PENDING_IMPLEMENTATION	minecraft:overworld	"{""biomeTags"":[],""structureTags"":[{""id"":""#dynasty:cod1/artifact/zhenyue_jiulong_shouming_yin"",""kind"":""structure"",""status"":""PROPOSED_PENDING"",""path"":""src/main/resources/data/dynasty/tags/worldgen/structure/cod1/artifact/zhenyue_jiulong_shouming_yin.json"",""exists"":false,""activeForThisEntry"":false}]}"	"{""heightRange"":null,""timeWindow"":null,""weatherCondition"":null}"	INTERACTION	"{""spawnWeight"":null,""minGroup"":null,""maxGroup"":null,""localCap"":null,""maxAlivePerStructure"":null,""maxAlivePerArena"":null}"	NO_NATURAL_SPAWN	"[""地宫深处九龙天子殿中央供奉神龛。""]"	"{""sourceText"":""神器按对应来源获得；每玩家一次的建议策略待实现"",""status"":""PENDING_REWARD_HOOK""}"	"{""id"":""dynasty:cod1/zhenyue_jiulong_shouming_yin"",""status"":""PROPOSED_PENDING""}"	"{""arena"":null,""summonCondition"":null}"	地宫深处九龙天子殿中央供奉神龛。		未实机验证
照胆通幽八卦镜	ARTIFACT	dynasty:zhaodan_tongyou_bagua_jing	MISSING	NOT_STARTED	PROPOSED_PENDING_IMPLEMENTATION	minecraft:overworld	"{""biomeTags"":[],""structureTags"":[{""id"":""#dynasty:cod1/artifact/zhaodan_tongyou_bagua_jing"",""kind"":""structure"",""status"":""PROPOSED_PENDING"",""path"":""src/main/resources/data/dynasty/tags/worldgen/structure/cod1/artifact/zhaodan_tongyou_bagua_jing.json"",""exists"":false,""activeForThisEntry"":false}]}"	"{""heightRange"":null,""timeWindow"":null,""weatherCondition"":null}"	STRUCTURE	"{""spawnWeight"":null,""minGroup"":null,""maxGroup"":null,""localCap"":null,""maxAlivePerStructure"":null,""maxAlivePerArena"":null}"	NO_NATURAL_SPAWN	"[""在千年古观阴阳八卦阵枢纽处解开镜光折射谜题后获取。""]"	"{""sourceText"":""神器按对应来源获得；每玩家一次的建议策略待实现"",""status"":""PENDING_REWARD_HOOK""}"	"{""id"":""dynasty:cod1/zhaodan_tongyou_bagua_jing"",""status"":""PROPOSED_PENDING""}"	"{""arena"":null,""summonCondition"":null}"	在千年古观阴阳八卦阵枢纽处解开镜光折射谜题后获取。		未实机验证
惊世太古晨钟	ARTIFACT	dynasty:jingshi_taigu_chenzhong	MISSING	NOT_STARTED	PROPOSED_PENDING_IMPLEMENTATION	minecraft:overworld	"{""biomeTags"":[],""structureTags"":[{""id"":""#dynasty:cod1/artifact/jingshi_taigu_chenzhong"",""kind"":""structure"",""status"":""PROPOSED_PENDING"",""path"":""src/main/resources/data/dynasty/tags/worldgen/structure/cod1/artifact/jingshi_taigu_chenzhong.json"",""exists"":false,""activeForThisEntry"":false}]}"	"{""heightRange"":null,""timeWindow"":null,""weatherCondition"":null}"	STRUCTURE	"{""spawnWeight"":null,""minGroup"":null,""maxGroup"":null,""localCap"":null,""maxAlivePerStructure"":null,""maxAlivePerArena"":null}"	NO_NATURAL_SPAWN	"[""高山悬空古刹藏经阁顶楼击败盲目钟僧后获取。""]"	"{""sourceText"":""神器按对应来源获得；每玩家一次的建议策略待实现"",""status"":""PENDING_REWARD_HOOK""}"	"{""id"":""dynasty:cod1/jingshi_taigu_chenzhong"",""status"":""PROPOSED_PENDING""}"	"{""arena"":null,""summonCondition"":null}"	高山悬空古刹藏经阁顶楼击败盲目钟僧后获取。		未实机验证
千机罗刹百刃伞	ARTIFACT	dynasty:qianji_luosha_bairen_san	MISSING	NOT_STARTED	PROPOSED_PENDING_IMPLEMENTATION	minecraft:overworld	"{""biomeTags"":[],""structureTags"":[{""id"":""#dynasty:cod1/artifact/qianji_luosha_bairen_san"",""kind"":""structure"",""status"":""PROPOSED_PENDING"",""path"":""src/main/resources/data/dynasty/tags/worldgen/structure/cod1/artifact/qianji_luosha_bairen_san.json"",""exists"":false,""activeForThisEntry"":false}]}"	"{""heightRange"":null,""timeWindow"":null,""weatherCondition"":null}"	STRUCTURE	"{""spawnWeight"":null,""minGroup"":null,""maxGroup"":null,""localCap"":null,""maxAlivePerStructure"":null,""maxAlivePerArena"":null}"	NO_NATURAL_SPAWN	"[""江南水乡暗道机关房内战胜绝影傀儡后开箱获得。""]"	"{""sourceText"":""神器按对应来源获得；每玩家一次的建议策略待实现"",""status"":""PENDING_REWARD_HOOK""}"	"{""id"":""dynasty:cod1/qianji_luosha_bairen_san"",""status"":""PROPOSED_PENDING""}"	"{""arena"":null,""summonCondition"":null}"	江南水乡暗道机关房内战胜绝影傀儡后开箱获得。		未实机验证
广陵遗响九霄琴	ARTIFACT	dynasty:guangling_yixiang_jiuxiao_qin	MISSING	NOT_STARTED	PROPOSED_PENDING_IMPLEMENTATION	minecraft:overworld	"{""biomeTags"":[],""structureTags"":[{""id"":""#dynasty:cod1/artifact/guangling_yixiang_jiuxiao_qin"",""kind"":""structure"",""status"":""PROPOSED_PENDING"",""path"":""src/main/resources/data/dynasty/tags/worldgen/structure/cod1/artifact/guangling_yixiang_jiuxiao_qin.json"",""exists"":false,""activeForThisEntry"":false}]}"	"{""heightRange"":null,""timeWindow"":null,""weatherCondition"":null}"	STRUCTURE	"{""spawnWeight"":null,""minGroup"":null,""maxGroup"":null,""localCap"":null,""maxAlivePerStructure"":null,""maxAlivePerArena"":null}"	NO_NATURAL_SPAWN	"[""在幽静竹林深处的隐士旧宅破解古谱残卷后由琴案上升起。""]"	"{""sourceText"":""神器按对应来源获得；每玩家一次的建议策略待实现"",""status"":""PENDING_REWARD_HOOK""}"	"{""id"":""dynasty:cod1/guangling_yixiang_jiuxiao_qin"",""status"":""PROPOSED_PENDING""}"	"{""arena"":null,""summonCondition"":null}"	在幽静竹林深处的隐士旧宅破解古谱残卷后由琴案上升起。		未实机验证
绝笔春秋判官笔	ARTIFACT	dynasty:juebi_chunqiu_panguan_bi	MISSING	NOT_STARTED	PROPOSED_PENDING_IMPLEMENTATION	minecraft:overworld	"{""biomeTags"":[],""structureTags"":[{""id"":""#dynasty:cod1/artifact/juebi_chunqiu_panguan_bi"",""kind"":""structure"",""status"":""PROPOSED_PENDING"",""path"":""src/main/resources/data/dynasty/tags/worldgen/structure/cod1/artifact/juebi_chunqiu_panguan_bi.json"",""exists"":false,""activeForThisEntry"":false}]}"	"{""heightRange"":null,""timeWindow"":null,""weatherCondition"":null}"	STRUCTURE	"{""spawnWeight"":null,""minGroup"":null,""maxGroup"":null,""localCap"":null,""maxAlivePerStructure"":null,""maxAlivePerArena"":null}"	NO_NATURAL_SPAWN	"[""废弃皇家翰林书院秘阁深处击败化墨妖后获得。""]"	"{""sourceText"":""神器按对应来源获得；每玩家一次的建议策略待实现"",""status"":""PENDING_REWARD_HOOK""}"	"{""id"":""dynasty:cod1/juebi_chunqiu_panguan_bi"",""status"":""PROPOSED_PENDING""}"	"{""arena"":null,""summonCondition"":null}"	废弃皇家翰林书院秘阁深处击败化墨妖后获得。		未实机验证
缚龙索魂玄铁链	ARTIFACT	dynasty:fulong_suohun_xuantie_lian	MISSING	NOT_STARTED	PROPOSED_PENDING_IMPLEMENTATION	minecraft:overworld	"{""biomeTags"":[],""structureTags"":[{""id"":""#dynasty:cod1/artifact/fulong_suohun_xuantie_lian"",""kind"":""structure"",""status"":""PROPOSED_PENDING"",""path"":""src/main/resources/data/dynasty/tags/worldgen/structure/cod1/artifact/fulong_suohun_xuantie_lian.json"",""exists"":false,""activeForThisEntry"":false}]}"	"{""heightRange"":null,""timeWindow"":null,""weatherCondition"":null}"	INTERACTION	"{""spawnWeight"":null,""minGroup"":null,""maxGroup"":null,""localCap"":null,""maxAlivePerStructure"":null,""maxAlivePerArena"":null}"	NO_NATURAL_SPAWN	"[""深水玄武古潭底部的万斤铜锁核心处解开铁索获取。""]"	"{""sourceText"":""神器按对应来源获得；每玩家一次的建议策略待实现"",""status"":""PENDING_REWARD_HOOK""}"	"{""id"":""dynasty:cod1/fulong_suohun_xuantie_lian"",""status"":""PROPOSED_PENDING""}"	"{""arena"":null,""summonCondition"":null}"	深水玄武古潭底部的万斤铜锁核心处解开铁索获取。		未实机验证
夸父逐日追光杖	ARTIFACT	dynasty:kuafu_zhuri_zhuiguang_zhang	MISSING	NOT_STARTED	PROPOSED_PENDING_IMPLEMENTATION	minecraft:overworld	"{""biomeTags"":[],""structureTags"":[{""id"":""#dynasty:cod1/artifact/kuafu_zhuri_zhuiguang_zhang"",""kind"":""structure"",""status"":""PROPOSED_PENDING"",""path"":""src/main/resources/data/dynasty/tags/worldgen/structure/cod1/artifact/kuafu_zhuri_zhuiguang_zhang.json"",""exists"":false,""activeForThisEntry"":false}]}"	"{""heightRange"":null,""timeWindow"":null,""weatherCondition"":null}"	INTERACTION	"{""spawnWeight"":null,""minGroup"":null,""maxGroup"":null,""localCap"":null,""maxAlivePerStructure"":null,""maxAlivePerArena"":null}"	NO_NATURAL_SPAWN	"[""古老神木林遗迹最核心的干枯神木树洞中。""]"	"{""sourceText"":""神器按对应来源获得；每玩家一次的建议策略待实现"",""status"":""PENDING_REWARD_HOOK""}"	"{""id"":""dynasty:cod1/kuafu_zhuri_zhuiguang_zhang"",""status"":""PROPOSED_PENDING""}"	"{""arena"":null,""summonCondition"":null}"	古老神木林遗迹最核心的干枯神木树洞中。		未实机验证
八卦紫金飞龙葫	ARTIFACT	dynasty:bagua_zijin_feilong_hu	MISSING	NOT_STARTED	PROPOSED_PENDING_IMPLEMENTATION	minecraft:overworld	"{""biomeTags"":[],""structureTags"":[{""id"":""#dynasty:cod1/artifact/bagua_zijin_feilong_hu"",""kind"":""structure"",""status"":""PROPOSED_PENDING"",""path"":""src/main/resources/data/dynasty/tags/worldgen/structure/cod1/artifact/bagua_zijin_feilong_hu.json"",""exists"":false,""activeForThisEntry"":false}]}"	"{""heightRange"":null,""timeWindow"":null,""weatherCondition"":null}"	STRUCTURE	"{""spawnWeight"":null,""minGroup"":null,""maxGroup"":null,""localCap"":null,""maxAlivePerStructure"":null,""maxAlivePerArena"":null}"	NO_NATURAL_SPAWN	"[""隐蔽的悬空炼丹殿顶部击败炼丹药童后取得。""]"	"{""sourceText"":""神器按对应来源获得；每玩家一次的建议策略待实现"",""status"":""PENDING_REWARD_HOOK""}"	"{""id"":""dynasty:cod1/bagua_zijin_feilong_hu"",""status"":""PROPOSED_PENDING""}"	"{""arena"":null,""summonCondition"":null}"	隐蔽的悬空炼丹殿顶部击败炼丹药童后取得。		未实机验证
伏羲连山归藏易	ARTIFACT	dynasty:fuxi_lianshan_guizang_yi	MISSING	NOT_STARTED	PROPOSED_PENDING_IMPLEMENTATION	minecraft:overworld	"{""biomeTags"":[],""structureTags"":[{""id"":""#dynasty:cod1/artifact/fuxi_lianshan_guizang_yi"",""kind"":""structure"",""status"":""PROPOSED_PENDING"",""path"":""src/main/resources/data/dynasty/tags/worldgen/structure/cod1/artifact/fuxi_lianshan_guizang_yi.json"",""exists"":false,""activeForThisEntry"":false}]}"	"{""heightRange"":null,""timeWindow"":null,""weatherCondition"":null}"	STRUCTURE	"{""spawnWeight"":null,""minGroup"":null,""maxGroup"":null,""localCap"":null,""maxAlivePerStructure"":null,""maxAlivePerArena"":null}"	NO_NATURAL_SPAWN	"[""地下古八卦碑林深处解开大衍易数九宫格谜题后显化。""]"	"{""sourceText"":""神器按对应来源获得；每玩家一次的建议策略待实现"",""status"":""PENDING_REWARD_HOOK""}"	"{""id"":""dynasty:cod1/fuxi_lianshan_guizang_yi"",""status"":""PROPOSED_PENDING""}"	"{""arena"":null,""summonCondition"":null}"	地下古八卦碑林深处解开大衍易数九宫格谜题后显化。		未实机验证
破阵轰雷生铁铳	ARTIFACT	dynasty:pozhen_honglei_shengtie_chong	MISSING	NOT_STARTED	PROPOSED_PENDING_IMPLEMENTATION	minecraft:overworld	"{""biomeTags"":[],""structureTags"":[{""id"":""#dynasty:cod1/artifact/pozhen_honglei_shengtie_chong"",""kind"":""structure"",""status"":""PROPOSED_PENDING"",""path"":""src/main/resources/data/dynasty/tags/worldgen/structure/cod1/artifact/pozhen_honglei_shengtie_chong.json"",""exists"":false,""activeForThisEntry"":false}]}"	"{""heightRange"":null,""timeWindow"":null,""weatherCondition"":null}"	STRUCTURE	"{""spawnWeight"":null,""minGroup"":null,""maxGroup"":null,""localCap"":null,""maxAlivePerStructure"":null,""maxAlivePerArena"":null}"	NO_NATURAL_SPAWN	"[""地下古军工厂最底层的浇筑模具中砸开外壳取出。""]"	"{""sourceText"":""神器按对应来源获得；每玩家一次的建议策略待实现"",""status"":""PENDING_REWARD_HOOK""}"	"{""id"":""dynasty:cod1/pozhen_honglei_shengtie_chong"",""status"":""PROPOSED_PENDING""}"	"{""arena"":null,""summonCondition"":null}"	地下古军工厂最底层的浇筑模具中砸开外壳取出。		未实机验证
斩业诛邪双柳叶	ARTIFACT	dynasty:zhanye_zhuxie_shuangliuye	MISSING	NOT_STARTED	PROPOSED_PENDING_IMPLEMENTATION	minecraft:overworld	"{""biomeTags"":[],""structureTags"":[{""id"":""#dynasty:cod1/artifact/zhanye_zhuxie_shuangliuye"",""kind"":""structure"",""status"":""PROPOSED_PENDING"",""path"":""src/main/resources/data/dynasty/tags/worldgen/structure/cod1/artifact/zhanye_zhuxie_shuangliuye.json"",""exists"":false,""activeForThisEntry"":false}]}"	"{""heightRange"":null,""timeWindow"":null,""weatherCondition"":null}"	STRUCTURE	"{""spawnWeight"":null,""minGroup"":null,""maxGroup"":null,""localCap"":null,""maxAlivePerStructure"":null,""maxAlivePerArena"":null}"	NO_NATURAL_SPAWN	"[""刺客庄园废墟的古老练武场擂台中心。""]"	"{""sourceText"":""神器按对应来源获得；每玩家一次的建议策略待实现"",""status"":""PENDING_REWARD_HOOK""}"	"{""id"":""dynasty:cod1/zhanye_zhuxie_shuangliuye"",""status"":""PROPOSED_PENDING""}"	"{""arena"":null,""summonCondition"":null}"	刺客庄园废墟的古老练武场擂台中心。		未实机验证
辟邪白玉镇魂箫	ARTIFACT	dynasty:bixie_baiyu_zhenhun_xiao	MISSING	NOT_STARTED	PROPOSED_PENDING_IMPLEMENTATION	minecraft:overworld	"{""biomeTags"":[],""structureTags"":[{""id"":""#dynasty:cod1/artifact/bixie_baiyu_zhenhun_xiao"",""kind"":""structure"",""status"":""PROPOSED_PENDING"",""path"":""src/main/resources/data/dynasty/tags/worldgen/structure/cod1/artifact/bixie_baiyu_zhenhun_xiao.json"",""exists"":false,""activeForThisEntry"":false}]}"	"{""heightRange"":null,""timeWindow"":null,""weatherCondition"":null}"	INTERACTION	"{""spawnWeight"":null,""minGroup"":null,""maxGroup"":null,""localCap"":null,""maxAlivePerStructure"":null,""maxAlivePerArena"":null}"	NO_NATURAL_SPAWN	"[""孤岛湖心亭废墟中的石桌上，在特定月圆之夜拾取。""]"	"{""sourceText"":""神器按对应来源获得；每玩家一次的建议策略待实现"",""status"":""PENDING_REWARD_HOOK""}"	"{""id"":""dynasty:cod1/bixie_baiyu_zhenhun_xiao"",""status"":""PROPOSED_PENDING""}"	"{""arena"":null,""summonCondition"":null}"	孤岛湖心亭废墟中的石桌上，在特定月圆之夜拾取。		未实机验证
翻江倒海混天绫	ARTIFACT	dynasty:fanjiang_daohai_huntian_ling	MISSING	NOT_STARTED	PROPOSED_PENDING_IMPLEMENTATION	minecraft:overworld	"{""biomeTags"":[],""structureTags"":[{""id"":""#dynasty:cod1/artifact/fanjiang_daohai_huntian_ling"",""kind"":""structure"",""status"":""PROPOSED_PENDING"",""path"":""src/main/resources/data/dynasty/tags/worldgen/structure/cod1/artifact/fanjiang_daohai_huntian_ling.json"",""exists"":false,""activeForThisEntry"":false}]}"	"{""heightRange"":null,""timeWindow"":null,""weatherCondition"":null}"	INTERACTION	"{""spawnWeight"":null,""minGroup"":null,""maxGroup"":null,""localCap"":null,""maxAlivePerStructure"":null,""maxAlivePerArena"":null}"	NO_NATURAL_SPAWN	"[""东海遗迹最底层的伏龙台祭坛上。""]"	"{""sourceText"":""神器按对应来源获得；每玩家一次的建议策略待实现"",""status"":""PENDING_REWARD_HOOK""}"	"{""id"":""dynasty:cod1/fanjiang_daohai_huntian_ling"",""status"":""PROPOSED_PENDING""}"	"{""arena"":null,""summonCondition"":null}"	东海遗迹最底层的伏龙台祭坛上。		未实机验证
驱邪伏魔金刚杵	ARTIFACT	dynasty:quxie_fumo_jingang_chu	MISSING	NOT_STARTED	PROPOSED_PENDING_IMPLEMENTATION	minecraft:overworld	"{""biomeTags"":[],""structureTags"":[{""id"":""#dynasty:cod1/artifact/quxie_fumo_jingang_chu"",""kind"":""structure"",""status"":""PROPOSED_PENDING"",""path"":""src/main/resources/data/dynasty/tags/worldgen/structure/cod1/artifact/quxie_fumo_jingang_chu.json"",""exists"":false,""activeForThisEntry"":false}]}"	"{""heightRange"":null,""timeWindow"":null,""weatherCondition"":null}"	STRUCTURE	"{""spawnWeight"":null,""minGroup"":null,""maxGroup"":null,""localCap"":null,""maxAlivePerStructure"":null,""maxAlivePerArena"":null}"	NO_NATURAL_SPAWN	"[""高山悬崖地宫的罗汉降魔堂中心。""]"	"{""sourceText"":""神器按对应来源获得；每玩家一次的建议策略待实现"",""status"":""PENDING_REWARD_HOOK""}"	"{""id"":""dynasty:cod1/quxie_fumo_jingang_chu"",""status"":""PROPOSED_PENDING""}"	"{""arena"":null,""summonCondition"":null}"	高山悬崖地宫的罗汉降魔堂中心。		未实机验证
青蚨聚宝金错刀	ARTIFACT	dynasty:qingfu_jubao_jincuo_dao	MISSING	NOT_STARTED	PROPOSED_PENDING_IMPLEMENTATION	minecraft:overworld	"{""biomeTags"":[],""structureTags"":[{""id"":""#dynasty:cod1/artifact/qingfu_jubao_jincuo_dao"",""kind"":""structure"",""status"":""PROPOSED_PENDING"",""path"":""src/main/resources/data/dynasty/tags/worldgen/structure/cod1/artifact/qingfu_jubao_jincuo_dao.json"",""exists"":false,""activeForThisEntry"":false}]}"	"{""heightRange"":null,""timeWindow"":null,""weatherCondition"":null}"	STRUCTURE	"{""spawnWeight"":null,""minGroup"":null,""maxGroup"":null,""localCap"":null,""maxAlivePerStructure"":null,""maxAlivePerArena"":null}"	NO_NATURAL_SPAWN	"[""地下神秘富商古墓的百宝棺椁中。""]"	"{""sourceText"":""神器按对应来源获得；每玩家一次的建议策略待实现"",""status"":""PENDING_REWARD_HOOK""}"	"{""id"":""dynasty:cod1/qingfu_jubao_jincuo_dao"",""status"":""PROPOSED_PENDING""}"	"{""arena"":null,""summonCondition"":null}"	地下神秘富商古墓的百宝棺椁中。		未实机验证
幽都忘川招魂幡	ARTIFACT	dynasty:youdu_wangchuan_zhaohun_fan	MISSING	NOT_STARTED	PROPOSED_PENDING_IMPLEMENTATION	minecraft:overworld	"{""biomeTags"":[],""structureTags"":[{""id"":""#dynasty:cod1/artifact/youdu_wangchuan_zhaohun_fan"",""kind"":""structure"",""status"":""PROPOSED_PENDING"",""path"":""src/main/resources/data/dynasty/tags/worldgen/structure/cod1/artifact/youdu_wangchuan_zhaohun_fan.json"",""exists"":false,""activeForThisEntry"":false}]}"	"{""heightRange"":null,""timeWindow"":null,""weatherCondition"":null}"	STRUCTURE	"{""spawnWeight"":null,""minGroup"":null,""maxGroup"":null,""localCap"":null,""maxAlivePerStructure"":null,""maxAlivePerArena"":null}"	NO_NATURAL_SPAWN	"[""在乱葬岗最深处的荒废义庄神案上，完成引渡十具孤魂后取下。""]"	"{""sourceText"":""神器按对应来源获得；每玩家一次的建议策略待实现"",""status"":""PENDING_REWARD_HOOK""}"	"{""id"":""dynasty:cod1/youdu_wangchuan_zhaohun_fan"",""status"":""PROPOSED_PENDING""}"	"{""arena"":null,""summonCondition"":null}"	在乱葬岗最深处的荒废义庄神案上，完成引渡十具孤魂后取下。		未实机验证
乾坤阴阳两界环	ARTIFACT	dynasty:qiankun_yinyang_liangjie_huan	MISSING	NOT_STARTED	PROPOSED_PENDING_IMPLEMENTATION	dynasty:jiuxiao	"{""biomeTags"":[],""structureTags"":[{""id"":""#dynasty:cod1/artifact/qiankun_yinyang_liangjie_huan"",""kind"":""structure"",""status"":""PROPOSED_PENDING"",""path"":""src/main/resources/data/dynasty/tags/worldgen/structure/cod1/artifact/qiankun_yinyang_liangjie_huan.json"",""exists"":false,""activeForThisEntry"":false}]}"	"{""heightRange"":null,""timeWindow"":null,""weatherCondition"":null}"	INTERACTION	"{""spawnWeight"":null,""minGroup"":null,""maxGroup"":null,""localCap"":null,""maxAlivePerStructure"":null,""maxAlivePerArena"":null}"	NO_NATURAL_SPAWN	"[""云顶神域阴阳交界悬崖上的太极石台中央。""]"	"{""sourceText"":""神器按对应来源获得；每玩家一次的建议策略待实现"",""status"":""PENDING_REWARD_HOOK""}"	"{""id"":""dynasty:cod1/qiankun_yinyang_liangjie_huan"",""status"":""PROPOSED_PENDING""}"	"{""arena"":null,""summonCondition"":null}"	云顶神域阴阳交界悬崖上的太极石台中央。		未实机验证
巨灵开山神手	PHANTOM	dynasty:juling_kaishan_shenshou	MISSING	NOT_STARTED	PROPOSED_PENDING_IMPLEMENTATION	INHERIT_ARTIFACT_USE_POLICY	"{""biomeTags"":[],""structureTags"":[]}"	"{""heightRange"":null,""timeWindow"":null,""weatherCondition"":null}"	TRIGGER_ONLY	"{""spawnWeight"":null,""minGroup"":null,""maxGroup"":null,""localCap"":null,""maxAlivePerStructure"":null,""maxAlivePerArena"":null}"	NO_NATURAL_SPAWN	null	"{""sourceText"":null,""status"":""NOT_APPLICABLE_VISUAL_ONLY""}"	"{""id"":""dynasty:cod1/juling_kaishan_shenshou"",""status"":""PROPOSED_PENDING""}"	"{""arena"":null,""summonCondition"":null}"		"{""artifactId"":""dynasty:longyin_zhanma_duanyue_dao"",""artifactBindingStatus"":""PROPOSED_CATALOG_BINDING"",""sourceArtifactName"":""龙吟斩马断岳刀"",""allowedDimensions"":{""policy"":""INHERIT_ARTIFACT_USE_POLICY"",""excludedByPhantom"":[]},""anchorType"":""HEAD_ABOVE"",""anchorSource"":""在玩家头顶正上方虚空三格处凭空撕开云层破空探出，并非跟随在身后。"",""triggerSkill"":""断岳千重浪"",""duration"":{""ticks"":null,""status"":""PENDING_ABILITY_TIMELINE""},""renderDistance"":{""blocks"":64,""status"":""PROPOSED_PENDING_PERFORMANCE_TEST""},""firstPersonRule"":""WORLD_SPACE_WITH_NEAR_CAMERA_CULL"",""multiplayerVisibility"":""WORLD_SPACE_FOR_OBSERVERS; OVERLAY_ONLY_FOR_LOCAL_CASTER"",""serverEntity"":false,""cleanup"":[""expiry"",""cancel"",""death"",""dimension_change"",""entity_unload""]}"	未实机验证
明镜照世法身	PHANTOM	dynasty:mingjing_zhaoshi_fashen	MISSING	NOT_STARTED	PROPOSED_PENDING_IMPLEMENTATION	INHERIT_ARTIFACT_USE_POLICY	"{""biomeTags"":[],""structureTags"":[]}"	"{""heightRange"":null,""timeWindow"":null,""weatherCondition"":null}"	TRIGGER_ONLY	"{""spawnWeight"":null,""minGroup"":null,""maxGroup"":null,""localCap"":null,""maxAlivePerStructure"":null,""maxAlivePerArena"":null}"	NO_NATURAL_SPAWN	null	"{""sourceText"":null,""status"":""NOT_APPLICABLE_VISUAL_ONLY""}"	"{""id"":""dynasty:cod1/mingjing_zhaoshi_fashen"",""status"":""PROPOSED_PENDING""}"	"{""arena"":null,""summonCondition"":null}"		"{""artifactId"":""dynasty:zhanlu_rendao_bamian_jian"",""artifactBindingStatus"":""PROPOSED_CATALOG_BINDING"",""sourceArtifactName"":""湛卢仁道八面剑"",""allowedDimensions"":{""policy"":""INHERIT_ARTIFACT_USE_POLICY"",""excludedByPhantom"":[]},""anchorType"":""PLAYER_OVERLAY"",""anchorSource"":""并不独立站立，而是直接重叠附着在玩家自己的身体外侧，如同为玩家套上了一层散发白光的金色灵气铠甲。"",""triggerSkill"":""普通挥剑/格挡/受创"",""duration"":{""ticks"":null,""status"":""PENDING_ABILITY_TIMELINE""},""renderDistance"":{""blocks"":64,""status"":""PROPOSED_PENDING_PERFORMANCE_TEST""},""firstPersonRule"":""HIDE_SELF_BODY_SAFE_ARMS_ONLY"",""multiplayerVisibility"":""WORLD_SPACE_FOR_OBSERVERS; OVERLAY_ONLY_FOR_LOCAL_CASTER"",""serverEntity"":false,""cleanup"":[""expiry"",""cancel"",""death"",""dimension_change"",""entity_unload""]}"	未实机验证
三坛海会三头六臂法相	PHANTOM	dynasty:santan_haihui_santou_liubi_faxiang	MISSING	NOT_STARTED	PROPOSED_PENDING_IMPLEMENTATION	INHERIT_ARTIFACT_USE_POLICY	"{""biomeTags"":[],""structureTags"":[]}"	"{""heightRange"":null,""timeWindow"":null,""weatherCondition"":null}"	TRIGGER_ONLY	"{""spawnWeight"":null,""minGroup"":null,""maxGroup"":null,""localCap"":null,""maxAlivePerStructure"":null,""maxAlivePerArena"":null}"	NO_NATURAL_SPAWN	null	"{""sourceText"":null,""status"":""NOT_APPLICABLE_VISUAL_ONLY""}"	"{""id"":""dynasty:cod1/santan_haihui_santou_liubi_faxiang"",""status"":""PROPOSED_PENDING""}"	"{""arena"":null,""summonCondition"":null}"		"{""artifactId"":""dynasty:fangtian_luanshi_pojun_ji"",""artifactBindingStatus"":""PROPOSED_CATALOG_BINDING"",""sourceArtifactName"":""方天乱世破军戟"",""allowedDimensions"":{""policy"":""INHERIT_ARTIFACT_USE_POLICY"",""excludedByPhantom"":[]},""anchorType"":""BACK_ABOVE"",""anchorSource"":""悬浮在玩家头顶后上方1.5格处，随玩家视角转动而转动。"",""triggerSkill"":""无双乱舞破军阵"",""duration"":{""ticks"":null,""status"":""PENDING_ABILITY_TIMELINE""},""renderDistance"":{""blocks"":64,""status"":""PROPOSED_PENDING_PERFORMANCE_TEST""},""firstPersonRule"":""WORLD_SPACE_WITH_NEAR_CAMERA_CULL"",""multiplayerVisibility"":""WORLD_SPACE_FOR_OBSERVERS; OVERLAY_ONLY_FOR_LOCAL_CASTER"",""serverEntity"":false,""cleanup"":[""expiry"",""cancel"",""death"",""dimension_change"",""entity_unload""]}"	未实机验证
玄武磐石覆地真影	PHANTOM	dynasty:xuanwu_panshi_fudi_zhenying	MISSING	NOT_STARTED	PROPOSED_PENDING_IMPLEMENTATION	INHERIT_ARTIFACT_USE_POLICY	"{""biomeTags"":[],""structureTags"":[]}"	"{""heightRange"":null,""timeWindow"":null,""weatherCondition"":null}"	TRIGGER_ONLY	"{""spawnWeight"":null,""minGroup"":null,""maxGroup"":null,""localCap"":null,""maxAlivePerStructure"":null,""maxAlivePerArena"":null}"	NO_NATURAL_SPAWN	null	"{""sourceText"":null,""status"":""NOT_APPLICABLE_VISUAL_ONLY""}"	"{""id"":""dynasty:cod1/xuanwu_panshi_fudi_zhenying"",""status"":""PROPOSED_PENDING""}"	"{""arena"":null,""summonCondition"":null}"		"{""artifactId"":""dynasty:zhenyue_jiulong_shouming_yin"",""artifactBindingStatus"":""PROPOSED_CATALOG_BINDING"",""sourceArtifactName"":""镇岳九龙受命印"",""allowedDimensions"":{""policy"":""INHERIT_ARTIFACT_USE_POLICY"",""excludedByPhantom"":[]},""anchorType"":""GROUND_RISE"",""anchorSource"":""并不在空中，而是直接从玩家脚下的地底如巨岳般缓缓隆起升出地面。"",""triggerSkill"":""泰山压顶"",""duration"":{""ticks"":null,""status"":""PENDING_ABILITY_TIMELINE""},""renderDistance"":{""blocks"":64,""status"":""PROPOSED_PENDING_PERFORMANCE_TEST""},""firstPersonRule"":""WORLD_SPACE_WITH_NEAR_CAMERA_CULL"",""multiplayerVisibility"":""WORLD_SPACE_FOR_OBSERVERS; OVERLAY_ONLY_FOR_LOCAL_CASTER"",""serverEntity"":false,""cleanup"":[""expiry"",""cancel"",""death"",""dimension_change"",""entity_unload""]}"	未实机验证
太白剑仙器灵出窍	PHANTOM	dynasty:taibai_jianxian_qiling_chuqiao	MISSING	NOT_STARTED	PROPOSED_PENDING_IMPLEMENTATION	INHERIT_ARTIFACT_USE_POLICY	"{""biomeTags"":[],""structureTags"":[]}"	"{""heightRange"":null,""timeWindow"":null,""weatherCondition"":null}"	TRIGGER_ONLY	"{""spawnWeight"":null,""minGroup"":null,""maxGroup"":null,""localCap"":null,""maxAlivePerStructure"":null,""maxAlivePerArena"":null}"	NO_NATURAL_SPAWN	null	"{""sourceText"":null,""status"":""NOT_APPLICABLE_VISUAL_ONLY""}"	"{""id"":""dynasty:cod1/taibai_jianxian_qiling_chuqiao"",""status"":""PROPOSED_PENDING""}"	"{""arena"":null,""summonCondition"":null}"		"{""artifactId"":null,""artifactBindingStatus"":""PENDING_ARTIFACT_ID_NOT_DEFINED_IN_25"",""sourceArtifactName"":""封魔剑冢·玄天剑（或顶阶神剑）"",""allowedDimensions"":{""policy"":""INHERIT_ARTIFACT_USE_POLICY"",""excludedByPhantom"":[]},""anchorType"":""WEAPON_ORIGIN"",""anchorSource"":""并非凭空生成，而是直接从玩家手中的剑柄与剑刃缝隙中化作一道刺目青光呼啸脱鞘飞出！"",""triggerSkill"":""击退/挑空后追击"",""duration"":{""ticks"":60,""status"":""SPECIFIED""},""renderDistance"":{""blocks"":64,""status"":""PROPOSED_PENDING_PERFORMANCE_TEST""},""firstPersonRule"":""WORLD_SPACE_WITH_NEAR_CAMERA_CULL"",""multiplayerVisibility"":""WORLD_SPACE_FOR_OBSERVERS; OVERLAY_ONLY_FOR_LOCAL_CASTER"",""serverEntity"":false,""cleanup"":[""expiry"",""cancel"",""death"",""dimension_change"",""entity_unload""]}"	未实机验证
九天玄女引天刑	PHANTOM	dynasty:jiutian_xuannv_yintianxing	MISSING	NOT_STARTED	PROPOSED_PENDING_IMPLEMENTATION	INHERIT_ARTIFACT_USE_POLICY	"{""biomeTags"":[],""structureTags"":[]}"	"{""heightRange"":null,""timeWindow"":null,""weatherCondition"":null}"	TRIGGER_ONLY	"{""spawnWeight"":null,""minGroup"":null,""maxGroup"":null,""localCap"":null,""maxAlivePerStructure"":null,""maxAlivePerArena"":null}"	NO_NATURAL_SPAWN	null	"{""sourceText"":null,""status"":""NOT_APPLICABLE_VISUAL_ONLY""}"	"{""id"":""dynasty:cod1/jiutian_xuannv_yintianxing"",""status"":""PROPOSED_PENDING""}"	"{""arena"":null,""summonCondition"":null}"		"{""artifactId"":null,""artifactBindingStatus"":""PENDING_ARTIFACT_ID_NOT_DEFINED_IN_25"",""sourceArtifactName"":""九天玄刹雷泽巨灵相关神兵"",""allowedDimensions"":{""policy"":""INHERIT_ARTIFACT_USE_POLICY"",""excludedByPhantom"":[]},""anchorType"":""SKY_ANCHOR"",""anchorSource"":""高悬在天际云层之上（距地面30米高空），巨大威严，俯瞰整座战场。"",""triggerSkill"":""拉弓/引雷锁定"",""duration"":{""ticks"":null,""status"":""PENDING_ABILITY_TIMELINE""},""renderDistance"":{""blocks"":128,""status"":""PROPOSED_PENDING_PERFORMANCE_TEST""},""firstPersonRule"":""WORLD_SPACE_WITH_NEAR_CAMERA_CULL"",""multiplayerVisibility"":""WORLD_SPACE_FOR_OBSERVERS; OVERLAY_ONLY_FOR_LOCAL_CASTER"",""serverEntity"":false,""cleanup"":[""expiry"",""cancel"",""death"",""dimension_change"",""entity_unload""]}"	未实机验证
凶煞白虎裂天影	PHANTOM	dynasty:xiongsha_baihu_lietianying	MISSING	NOT_STARTED	PROPOSED_PENDING_IMPLEMENTATION	INHERIT_ARTIFACT_USE_POLICY	"{""biomeTags"":[],""structureTags"":[]}"	"{""heightRange"":null,""timeWindow"":null,""weatherCondition"":null}"	TRIGGER_ONLY	"{""spawnWeight"":null,""minGroup"":null,""maxGroup"":null,""localCap"":null,""maxAlivePerStructure"":null,""maxAlivePerArena"":null}"	NO_NATURAL_SPAWN	null	"{""sourceText"":null,""status"":""NOT_APPLICABLE_VISUAL_ONLY""}"	"{""id"":""dynasty:cod1/xiongsha_baihu_lietianying"",""status"":""PROPOSED_PENDING""}"	"{""arena"":null,""summonCondition"":null}"		"{""artifactId"":""dynasty:jiuqu_tougu_hongying_qiang"",""artifactBindingStatus"":""PROPOSED_CATALOG_BINDING"",""sourceArtifactName"":""九曲透骨红缨枪"",""allowedDimensions"":{""policy"":""INHERIT_ARTIFACT_USE_POLICY"",""excludedByPhantom"":[]},""anchorType"":""SHADOW_ORIGIN"",""anchorSource"":""贴附在地面，从玩家的脚底阴影中直接撕裂地面钻出。"",""triggerSkill"":""回马夺命扎/冲刺突刺"",""duration"":{""ticks"":null,""status"":""PENDING_ABILITY_TIMELINE""},""renderDistance"":{""blocks"":64,""status"":""PROPOSED_PENDING_PERFORMANCE_TEST""},""firstPersonRule"":""WORLD_SPACE_WITH_NEAR_CAMERA_CULL"",""multiplayerVisibility"":""WORLD_SPACE_FOR_OBSERVERS; OVERLAY_ONLY_FOR_LOCAL_CASTER"",""serverEntity"":false,""cleanup"":[""expiry"",""cancel"",""death"",""dimension_change"",""entity_unload""]}"	未实机验证
伏羲八卦开天指	PHANTOM	dynasty:fuxi_bagua_kaitianzhi	MISSING	NOT_STARTED	PROPOSED_PENDING_IMPLEMENTATION	INHERIT_ARTIFACT_USE_POLICY	"{""biomeTags"":[],""structureTags"":[]}"	"{""heightRange"":null,""timeWindow"":null,""weatherCondition"":null}"	TRIGGER_ONLY	"{""spawnWeight"":null,""minGroup"":null,""maxGroup"":null,""localCap"":null,""maxAlivePerStructure"":null,""maxAlivePerArena"":null}"	NO_NATURAL_SPAWN	null	"{""sourceText"":null,""status"":""NOT_APPLICABLE_VISUAL_ONLY""}"	"{""id"":""dynasty:cod1/fuxi_bagua_kaitianzhi"",""status"":""PROPOSED_PENDING""}"	"{""arena"":null,""summonCondition"":null}"		"{""artifactId"":""dynasty:fuxi_lianshan_guizang_yi"",""artifactBindingStatus"":""PROPOSED_CATALOG_BINDING"",""sourceArtifactName"":""伏羲连山归藏易"",""allowedDimensions"":{""policy"":""INHERIT_ARTIFACT_USE_POLICY"",""excludedByPhantom"":[]},""anchorType"":""TARGET_ABOVE"",""anchorSource"":""出现在目标敌人头顶垂直上方两格处。"",""triggerSkill"":""大衍之数推演指向"",""duration"":{""ticks"":null,""status"":""PENDING_ABILITY_TIMELINE""},""renderDistance"":{""blocks"":64,""status"":""PROPOSED_PENDING_PERFORMANCE_TEST""},""firstPersonRule"":""WORLD_SPACE_WITH_NEAR_CAMERA_CULL"",""multiplayerVisibility"":""WORLD_SPACE_FOR_OBSERVERS; OVERLAY_ONLY_FOR_LOCAL_CASTER"",""serverEntity"":false,""cleanup"":[""expiry"",""cancel"",""death"",""dimension_change"",""entity_unload""]}"	未实机验证
上古夸父逐日奔影	PHANTOM	dynasty:shanggu_kuafu_zhuri_benying	MISSING	NOT_STARTED	PROPOSED_PENDING_IMPLEMENTATION	INHERIT_ARTIFACT_USE_POLICY	"{""biomeTags"":[],""structureTags"":[]}"	"{""heightRange"":null,""timeWindow"":null,""weatherCondition"":null}"	TRIGGER_ONLY	"{""spawnWeight"":null,""minGroup"":null,""maxGroup"":null,""localCap"":null,""maxAlivePerStructure"":null,""maxAlivePerArena"":null}"	NO_NATURAL_SPAWN	null	"{""sourceText"":null,""status"":""NOT_APPLICABLE_VISUAL_ONLY""}"	"{""id"":""dynasty:cod1/shanggu_kuafu_zhuri_benying"",""status"":""PROPOSED_PENDING""}"	"{""arena"":null,""summonCondition"":null}"		"{""artifactId"":""dynasty:kuafu_zhuri_zhuiguang_zhang"",""artifactBindingStatus"":""PROPOSED_CATALOG_BINDING"",""sourceArtifactName"":""夸父逐日追光杖"",""allowedDimensions"":{""policy"":""INHERIT_ARTIFACT_USE_POLICY"",""excludedByPhantom"":[]},""anchorType"":""SIDE_RUNNING"",""anchorSource"":""出现在玩家奔跑时的正身侧（并排并行）。"",""triggerSkill"":""疾跑冲锋/杖击"",""duration"":{""ticks"":null,""status"":""PENDING_ABILITY_TIMELINE""},""renderDistance"":{""blocks"":64,""status"":""PROPOSED_PENDING_PERFORMANCE_TEST""},""firstPersonRule"":""WORLD_SPACE_WITH_NEAR_CAMERA_CULL"",""multiplayerVisibility"":""WORLD_SPACE_FOR_OBSERVERS; OVERLAY_ONLY_FOR_LOCAL_CASTER"",""serverEntity"":false,""cleanup"":[""expiry"",""cancel"",""death"",""dimension_change"",""entity_unload""]}"	未实机验证
忘川摆渡幽冥客	PHANTOM	dynasty:wangchuan_baidu_youmingke	MISSING	NOT_STARTED	PROPOSED_PENDING_IMPLEMENTATION	INHERIT_ARTIFACT_USE_POLICY	"{""biomeTags"":[],""structureTags"":[]}"	"{""heightRange"":null,""timeWindow"":null,""weatherCondition"":null}"	TRIGGER_ONLY	"{""spawnWeight"":null,""minGroup"":null,""maxGroup"":null,""localCap"":null,""maxAlivePerStructure"":null,""maxAlivePerArena"":null}"	NO_NATURAL_SPAWN	null	"{""sourceText"":null,""status"":""NOT_APPLICABLE_VISUAL_ONLY""}"	"{""id"":""dynasty:cod1/wangchuan_baidu_youmingke"",""status"":""PROPOSED_PENDING""}"	"{""arena"":null,""summonCondition"":null}"		"{""artifactId"":""dynasty:youdu_wangchuan_zhaohun_fan"",""artifactBindingStatus"":""PROPOSED_CATALOG_BINDING"",""sourceArtifactName"":""幽都忘川招魂幡"",""allowedDimensions"":{""policy"":""INHERIT_ARTIFACT_USE_POLICY"",""excludedByPhantom"":[]},""anchorType"":""GROUND_PASS_THROUGH"",""anchorSource"":""在玩家挥幡时，直接贴着地面由虚空浮现，自玩家背后向前方滑翔穿过。"",""triggerSkill"":""百鬼夜行·借道"",""duration"":{""ticks"":null,""status"":""PENDING_ABILITY_TIMELINE""},""renderDistance"":{""blocks"":64,""status"":""PROPOSED_PENDING_PERFORMANCE_TEST""},""firstPersonRule"":""WORLD_SPACE_WITH_NEAR_CAMERA_CULL"",""multiplayerVisibility"":""WORLD_SPACE_FOR_OBSERVERS; OVERLAY_ONLY_FOR_LOCAL_CASTER"",""serverEntity"":false,""cleanup"":[""expiry"",""cancel"",""death"",""dimension_change"",""entity_unload""]}"	未实机验证
墨家巨子千手天工枢	PHANTOM	dynasty:mojia_juzi_qianshou_tiangongshu	MISSING	NOT_STARTED	PROPOSED_PENDING_IMPLEMENTATION	INHERIT_ARTIFACT_USE_POLICY	"{""biomeTags"":[],""structureTags"":[]}"	"{""heightRange"":null,""timeWindow"":null,""weatherCondition"":null}"	TRIGGER_ONLY	"{""spawnWeight"":null,""minGroup"":null,""maxGroup"":null,""localCap"":null,""maxAlivePerStructure"":null,""maxAlivePerArena"":null}"	NO_NATURAL_SPAWN	null	"{""sourceText"":null,""status"":""NOT_APPLICABLE_VISUAL_ONLY""}"	"{""id"":""dynasty:cod1/mojia_juzi_qianshou_tiangongshu"",""status"":""PROPOSED_PENDING""}"	"{""arena"":null,""summonCondition"":null}"		"{""artifactId"":""dynasty:tianji_xiashi_shenji_nu"",""artifactBindingStatus"":""PROPOSED_CATALOG_BINDING"",""sourceArtifactName"":""天机匣式神机弩"",""allowedDimensions"":{""policy"":""INHERIT_ARTIFACT_USE_POLICY"",""excludedByPhantom"":[]},""anchorType"":""BACK_MECHANICAL_RING"",""anchorSource"":""悬浮在玩家后背半寸处，随玩家一同移动。"",""triggerSkill"":""破甲床弩轰"",""duration"":{""ticks"":null,""status"":""PENDING_ABILITY_TIMELINE""},""renderDistance"":{""blocks"":64,""status"":""PROPOSED_PENDING_PERFORMANCE_TEST""},""firstPersonRule"":""WORLD_SPACE_WITH_NEAR_CAMERA_CULL"",""multiplayerVisibility"":""WORLD_SPACE_FOR_OBSERVERS; OVERLAY_ONLY_FOR_LOCAL_CASTER"",""serverEntity"":false,""cleanup"":[""expiry"",""cancel"",""death"",""dimension_change"",""entity_unload""]}"	未实机验证
烈火祝融九龙绕体神像	PHANTOM	dynasty:liehuo_zhurong_jiulong_raoti_shenxiang	MISSING	NOT_STARTED	PROPOSED_PENDING_IMPLEMENTATION	INHERIT_ARTIFACT_USE_POLICY	"{""biomeTags"":[],""structureTags"":[]}"	"{""heightRange"":null,""timeWindow"":null,""weatherCondition"":null}"	TRIGGER_ONLY	"{""spawnWeight"":null,""minGroup"":null,""maxGroup"":null,""localCap"":null,""maxAlivePerStructure"":null,""maxAlivePerArena"":null}"	NO_NATURAL_SPAWN	null	"{""sourceText"":null,""status"":""NOT_APPLICABLE_VISUAL_ONLY""}"	"{""id"":""dynasty:cod1/liehuo_zhurong_jiulong_raoti_shenxiang"",""status"":""PROPOSED_PENDING""}"	"{""arena"":null,""summonCondition"":null}"		"{""artifactId"":null,""artifactBindingStatus"":""PENDING_ARTIFACT_ID_NOT_DEFINED_IN_25"",""sourceArtifactName"":""无相黑佛骨舍利（神火类兵刃）"",""allowedDimensions"":{""policy"":""INHERIT_ARTIFACT_USE_POLICY"",""excludedByPhantom"":[]},""anchorType"":""ORBIT_PLAYER"",""anchorSource"":""以玩家身体为轴心，呈同心圆高速环绕飞舞。"",""triggerSkill"":""烈火横扫"",""duration"":{""ticks"":null,""status"":""PENDING_ABILITY_TIMELINE""},""renderDistance"":{""blocks"":64,""status"":""PROPOSED_PENDING_PERFORMANCE_TEST""},""firstPersonRule"":""WORLD_SPACE_WITH_NEAR_CAMERA_CULL"",""multiplayerVisibility"":""WORLD_SPACE_FOR_OBSERVERS; OVERLAY_ONLY_FOR_LOCAL_CASTER"",""serverEntity"":false,""cleanup"":[""expiry"",""cancel"",""death"",""dimension_change"",""entity_unload""]}"	未实机验证
