id,type,current_path,current_resolution,previous_status,evidence,new_candidate,new_resolution,integration
dynasty:abyss_pearl,item,src/main/resources/assets/dynasty/textures/item/abyss_pearl.png,32x32,legacy_pending,tools/art/gen_trinkets5.py:154,resource-pack/assets/dynasty/textures/item/abyss_pearl.png,32x32,candidate pack only
dynasty:alchemy_furnace_charm,item,src/main/resources/assets/dynasty/textures/item/alchemy_furnace_charm.png,64x64,completed_elsewhere,docs/art/readable-batch-01/prompts.json; tools/art/export_readable_batch_01.sh; tools/art/gen_trinkets4.py:107,,,preserved
dynasty:alchemy_pendant,item,src/main/resources/assets/dynasty/textures/item/alchemy_pendant.png,32x32,completed_elsewhere,docs/art/vanilla-materials-v7/manifest.json; docs/art/vanilla-materials-v7/item/alchemy_pendant.png; tools/art/gen_trinkets3.py:119,,,preserved
dynasty:armor_piercer_token,item,src/main/resources/assets/dynasty/textures/item/armor_piercer_token.png,32x32,legacy_pending,tools/art/gen_trinkets4.py:59,resource-pack/assets/dynasty/textures/item/armor_piercer_token.png,32x32,candidate pack only
dynasty:arrow_quiver,item,src/main/resources/assets/dynasty/textures/item/arrow_quiver.png,128x128,completed_elsewhere,docs/art/school-accessories-v2/remasters.json; docs/art/school-accessories-v2/after/arrow_quiver.png; tools/art/gen_trinkets3.py:54; tools/art/gen_trinkets7.py:23,,,preserved
dynasty:auspicious_bell,item,src/main/resources/assets/dynasty/textures/item/auspicious_bell.png,128x128,completed_elsewhere,docs/art/items-remaster-v2/after/auspicious_bell.png; tools/art/gen_dynasty3.py:533; tools/art/gen_trinkets4.py:104; tools/art/gen_trinkets5.py:61,,,preserved
dynasty:bagua_mirror,item,src/main/resources/assets/dynasty/textures/item/bagua_mirror.png,64x64,completed_elsewhere,docs/art/readable-batch-02/prompts.json; tools/art/export_readable_batch_02.sh; tools/art/gen_trinkets3.py:113,,,preserved
dynasty:baihu_boots,item,src/main/resources/assets/dynasty/textures/item/baihu_boots.png,32x32,legacy_pending,tools/art/gen_armor3.py:35,resource-pack/assets/dynasty/textures/item/baihu_boots.png,32x32,candidate pack only
dynasty:baihu_chestplate,item,src/main/resources/assets/dynasty/textures/item/baihu_chestplate.png,32x32,legacy_pending,tools/art/gen_armor3.py:35,resource-pack/assets/dynasty/textures/item/baihu_chestplate.png,32x32,candidate pack only
dynasty:baihu_fang,item,src/main/resources/assets/dynasty/textures/item/baihu_fang.png,32x32,legacy_pending,tools/art/gen_weapons4.py:29; tools/art/gen_relic_materials.py:81,resource-pack/assets/dynasty/textures/item/baihu_fang.png,32x32,candidate pack only
dynasty:baihu_glaive,item,src/main/resources/assets/dynasty/textures/item/baihu_glaive.png,32x32,legacy_pending,tools/art/gen_weapons4.py:28,resource-pack/assets/dynasty/textures/item/baihu_glaive.png,32x32,candidate pack only
dynasty:baihu_helmet,item,src/main/resources/assets/dynasty/textures/item/baihu_helmet.png,32x32,legacy_pending,tools/art/gen_armor3.py:35,resource-pack/assets/dynasty/textures/item/baihu_helmet.png,32x32,candidate pack only
dynasty:baihu_leggings,item,src/main/resources/assets/dynasty/textures/item/baihu_leggings.png,32x32,legacy_pending,tools/art/gen_armor3.py:35,resource-pack/assets/dynasty/textures/item/baihu_leggings.png,32x32,candidate pack only
dynasty:baijiu,item,src/main/resources/assets/dynasty/textures/item/baijiu.png,32x32,legacy_pending,tools/art/gen_items_more_food.py:116,resource-pack/assets/dynasty/textures/item/baijiu.png,32x32,candidate pack only
dynasty:baizhan_ring,item,src/main/resources/assets/dynasty/textures/item/baizhan_ring.png,128x128,completed_elsewhere,docs/art/school-accessories-v2/assets.json; docs/art/school-accessories-v2/after/baizhan_ring.png; tools/art/gen_trinkets7.py:16,,,preserved
dynasty:bamboo_boots,item,src/main/resources/assets/dynasty/textures/item/bamboo_boots.png,32x32,legacy_pending,tools/art/gen_armor2.py:26,resource-pack/assets/dynasty/textures/item/bamboo_boots.png,32x32,candidate pack only
dynasty:bamboo_chestplate,item,src/main/resources/assets/dynasty/textures/item/bamboo_chestplate.png,32x32,legacy_pending,tools/art/gen_armor2.py:26,resource-pack/assets/dynasty/textures/item/bamboo_chestplate.png,32x32,candidate pack only
dynasty:bamboo_flute,item,src/main/resources/assets/dynasty/textures/item/bamboo_flute.png,32x32,legacy_pending,tools/art/gen_trinkets2.py:35; tools/art/gen_trinkets3.py:98,resource-pack/assets/dynasty/textures/item/bamboo_flute.png,32x32,candidate pack only
dynasty:bamboo_helmet,item,src/main/resources/assets/dynasty/textures/item/bamboo_helmet.png,32x32,legacy_pending,tools/art/gen_armor2.py:26,resource-pack/assets/dynasty/textures/item/bamboo_helmet.png,32x32,candidate pack only
dynasty:bamboo_leggings,item,src/main/resources/assets/dynasty/textures/item/bamboo_leggings.png,32x32,legacy_pending,tools/art/gen_armor2.py:26,resource-pack/assets/dynasty/textures/item/bamboo_leggings.png,32x32,candidate pack only
dynasty:bamboo_rice,item,src/main/resources/assets/dynasty/textures/item/bamboo_rice.png,32x32,legacy_pending,tools/art/gen_food2.py:96,resource-pack/assets/dynasty/textures/item/bamboo_rice.png,32x32,candidate pack only
dynasty:bamboo_slip,item,src/main/resources/assets/dynasty/textures/item/bamboo_slip.png,128x128,completed_elsewhere,docs/art/architecture-remaster-v3/items/after/bamboo_slip.png; tools/art/gen_trinket_box.py:61; tools/art/gen_items_more_craft.py:51; tools/art/gen_trinkets5.py:151,,,preserved
dynasty:bawang_spear,item,src/main/resources/assets/dynasty/textures/item/bawang_spear.png,32x32,uncertain_preserve,,,,preserved
dynasty:bear_paw,item,src/main/resources/assets/dynasty/textures/item/bear_paw.png,128x128,completed_elsewhere,docs/art/school-accessories-v2/remasters.json; docs/art/school-accessories-v2/after/bear_paw.png; tools/art/gen_trinkets3.py:81; tools/art/gen_trinkets5.py:185,,,preserved
dynasty:beichen_heartguard,item,src/main/resources/assets/dynasty/textures/item/beichen_heartguard.png,128x128,completed_elsewhere,docs/art/school-accessories-v2/assets.json; docs/art/school-accessories-v2/after/beichen_heartguard.png; tools/art/gen_trinkets7.py:20,,,preserved
dynasty:beichen_spear,item,src/main/resources/assets/dynasty/textures/item/beichen_spear.png,128x128,completed_elsewhere,docs/art/realm-remaster-v4/weapons.json,,,preserved
dynasty:beidou_boots,item,src/main/resources/assets/dynasty/textures/item/beidou_boots.png,32x32,legacy_pending,tools/art/gen_armor3.py:37,resource-pack/assets/dynasty/textures/item/beidou_boots.png,32x32,candidate pack only
dynasty:beidou_chestplate,item,src/main/resources/assets/dynasty/textures/item/beidou_chestplate.png,32x32,legacy_pending,tools/art/gen_armor3.py:37,resource-pack/assets/dynasty/textures/item/beidou_chestplate.png,32x32,candidate pack only
dynasty:beidou_helmet,item,src/main/resources/assets/dynasty/textures/item/beidou_helmet.png,32x32,legacy_pending,tools/art/gen_armor3.py:37,resource-pack/assets/dynasty/textures/item/beidou_helmet.png,32x32,candidate pack only
dynasty:beidou_leggings,item,src/main/resources/assets/dynasty/textures/item/beidou_leggings.png,32x32,legacy_pending,tools/art/gen_armor3.py:37,resource-pack/assets/dynasty/textures/item/beidou_leggings.png,32x32,candidate pack only
dynasty:belt_buckle,item,src/main/resources/assets/dynasty/textures/item/belt_buckle.png,32x32,legacy_pending,tools/art/gen_trinkets3.py:62,resource-pack/assets/dynasty/textures/item/belt_buckle.png,32x32,candidate pack only
dynasty:blood_iron_sash,item,src/main/resources/assets/dynasty/textures/item/blood_iron_sash.png,32x32,legacy_pending,tools/art/gen_trinkets5.py:92,resource-pack/assets/dynasty/textures/item/blood_iron_sash.png,32x32,candidate pack only
dynasty:blood_oath_seal,item,src/main/resources/assets/dynasty/textures/item/blood_oath_seal.png,32x32,legacy_pending,tools/art/gen_trinkets5.py:68,resource-pack/assets/dynasty/textures/item/blood_oath_seal.png,32x32,candidate pack only
dynasty:blueprint,item,src/main/resources/assets/dynasty/textures/item/blueprint.png,32x32,legacy_pending,tools/art/gen_dynasty3.py:501; tools/art/gen_trinkets7.py:15; tools/art/gen_weapons4.py:23; tools/art/gen_relic_materials.py:141,resource-pack/assets/dynasty/textures/item/blueprint.png,32x32,candidate pack only
dynasty:bone_chill_pendant,item,src/main/resources/assets/dynasty/textures/item/bone_chill_pendant.png,32x32,legacy_pending,tools/art/gen_trinkets5.py:139,resource-pack/assets/dynasty/textures/item/bone_chill_pendant.png,32x32,candidate pack only
dynasty:bone_reaper_tally,item,src/main/resources/assets/dynasty/textures/item/bone_reaper_tally.png,32x32,legacy_pending,tools/art/gen_trinkets5.py:71,resource-pack/assets/dynasty/textures/item/bone_reaper_tally.png,32x32,candidate pack only
dynasty:bow_string,item,src/main/resources/assets/dynasty/textures/item/bow_string.png,32x32,legacy_pending,tools/art/gen_trinkets3.py:56,resource-pack/assets/dynasty/textures/item/bow_string.png,32x32,candidate pack only
dynasty:brocade,item,src/main/resources/assets/dynasty/textures/item/brocade.png,32x32,legacy_pending,tools/art/gen_armor2.py:30; tools/art/gen_items_more_craft.py:40,resource-pack/assets/dynasty/textures/item/brocade.png,32x32,candidate pack only
dynasty:brocade_boots,item,src/main/resources/assets/dynasty/textures/item/brocade_boots.png,32x32,legacy_pending,tools/art/gen_armor2.py:30,resource-pack/assets/dynasty/textures/item/brocade_boots.png,32x32,candidate pack only
dynasty:brocade_chestplate,item,src/main/resources/assets/dynasty/textures/item/brocade_chestplate.png,32x32,legacy_pending,tools/art/gen_armor2.py:30,resource-pack/assets/dynasty/textures/item/brocade_chestplate.png,32x32,candidate pack only
dynasty:brocade_helmet,item,src/main/resources/assets/dynasty/textures/item/brocade_helmet.png,32x32,legacy_pending,tools/art/gen_armor2.py:30,resource-pack/assets/dynasty/textures/item/brocade_helmet.png,32x32,candidate pack only
dynasty:brocade_leggings,item,src/main/resources/assets/dynasty/textures/item/brocade_leggings.png,32x32,legacy_pending,tools/art/gen_armor2.py:30,resource-pack/assets/dynasty/textures/item/brocade_leggings.png,32x32,candidate pack only
dynasty:bronze_boots,item,src/main/resources/assets/dynasty/textures/item/bronze_boots.png,128x128,completed_elsewhere,docs/art/vanilla-materials-v7/manifest.json; docs/art/vanilla-materials-v7/item/bronze_boots.png; tools/art/gen_armor2.py:32,,,preserved
dynasty:bronze_chestplate,item,src/main/resources/assets/dynasty/textures/item/bronze_chestplate.png,128x128,completed_elsewhere,docs/art/vanilla-materials-v7/manifest.json; docs/art/vanilla-materials-v7/item/bronze_chestplate.png; tools/art/gen_armor2.py:32,,,preserved
dynasty:bronze_helmet,item,src/main/resources/assets/dynasty/textures/item/bronze_helmet.png,128x128,completed_elsewhere,docs/art/vanilla-materials-v7/manifest.json; docs/art/vanilla-materials-v7/item/bronze_helmet.png; tools/art/gen_armor2.py:32,,,preserved
dynasty:bronze_ingot,item,src/main/resources/assets/dynasty/textures/item/bronze_ingot.png,32x32,legacy_pending,tools/art/gen_trinkets7.py:15; tools/art/gen_items_a.py:125,resource-pack/assets/dynasty/textures/item/bronze_ingot.png,32x32,candidate pack only
dynasty:bronze_leggings,item,src/main/resources/assets/dynasty/textures/item/bronze_leggings.png,128x128,completed_elsewhere,docs/art/vanilla-materials-v7/manifest.json; docs/art/vanilla-materials-v7/item/bronze_leggings.png; tools/art/gen_armor2.py:32,,,preserved
dynasty:bronze_mirror,item,src/main/resources/assets/dynasty/textures/item/bronze_mirror.png,32x32,completed_this_thread,docs/art/accessory-detail-v13-sample/manifest.json; tools/art/gen_trinkets2.py:33; tools/art/gen_trinkets3.py:96; tools/art/gen_items_more_craft.py:84; tools/art/gen_trinkets5.py:46,,,preserved
dynasty:brush_rack,item,src/main/resources/assets/dynasty/textures/item/brush_rack.png,32x32,legacy_pending,tools/art/gen_trinkets3.py:110; tools/art/gen_trinkets4.py:79,resource-pack/assets/dynasty/textures/item/brush_rack.png,32x32,candidate pack only
dynasty:buzhou_armlet,item,src/main/resources/assets/dynasty/textures/item/buzhou_armlet.png,128x128,completed_elsewhere,docs/art/accessory-refining-v3/assets.json; docs/art/accessory-refining-v3/after/buzhou_armlet.png; tools/art/gen_trinkets7.py:33,,,preserved
dynasty:candied_hawthorn,item,src/main/resources/assets/dynasty/textures/item/candied_hawthorn.png,32x32,legacy_pending,tools/art/gen_items_food.py:67,resource-pack/assets/dynasty/textures/item/candied_hawthorn.png,32x32,candidate pack only
dynasty:candle_of_the_dead,item,src/main/resources/assets/dynasty/textures/item/candle_of_the_dead.png,32x32,legacy_pending,tools/art/gen_trinkets5.py:142,resource-pack/assets/dynasty/textures/item/candle_of_the_dead.png,32x32,candidate pack only
dynasty:cavalry_sash,item,src/main/resources/assets/dynasty/textures/item/cavalry_sash.png,32x32,legacy_pending,tools/art/gen_trinkets5.py:179,resource-pack/assets/dynasty/textures/item/cavalry_sash.png,32x32,candidate pack only
dynasty:chang_gong,item,src/main/resources/assets/dynasty/textures/item/chang_gong.png,128x128,completed_elsewhere,docs/art/realm-remaster-v4/weapons.json; tools/art/gen_dynasty3.py:486,,,preserved
dynasty:chang_gong_pulling_0,item,src/main/resources/assets/dynasty/textures/item/chang_gong_pulling_0.png,128x128,completed_elsewhere,docs/art/realm-remaster-v4/weapons.json,,,preserved
dynasty:chang_gong_pulling_1,item,src/main/resources/assets/dynasty/textures/item/chang_gong_pulling_1.png,128x128,completed_elsewhere,docs/art/realm-remaster-v4/weapons.json,,,preserved
dynasty:chang_gong_pulling_2,item,src/main/resources/assets/dynasty/textures/item/chang_gong_pulling_2.png,128x128,completed_elsewhere,docs/art/realm-remaster-v4/weapons.json,,,preserved
dynasty:chang_qiang,item,src/main/resources/assets/dynasty/textures/item/chang_qiang.png,32x32,legacy_pending,tools/art/gen_weapons4.py:31; tools/art/gen_weapons.py:27; tools/art/gen_items_weapons2.py:52,resource-pack/assets/dynasty/textures/item/chang_qiang.png,32x32,candidate pack only
dynasty:chengying_sword,item,src/main/resources/assets/dynasty/textures/item/chengying_sword.png,128x128,completed_elsewhere,docs/art/realm-remaster-v4/weapons.json,,,preserved
dynasty:chiling_brush,item,src/main/resources/assets/dynasty/textures/item/chiling_brush.png,128x128,completed_elsewhere,docs/art/schools-remaster-v1/final-assets.json; docs/art/schools-remaster-v1/prompts.json,,,preserved
dynasty:chrysanthemum_wine,item,src/main/resources/assets/dynasty/textures/item/chrysanthemum_wine.png,32x32,legacy_pending,tools/art/gen_food2.py:133,resource-pack/assets/dynasty/textures/item/chrysanthemum_wine.png,32x32,candidate pack only
dynasty:cinnabar,item,src/main/resources/assets/dynasty/textures/item/cinnabar.png,32x32,legacy_pending,tools/art/gen_armor2.py:36; tools/art/gen_trinkets7.py:27; tools/art/gen_relic_materials.py:147; tools/art/gen_items_a.py:78,resource-pack/assets/dynasty/textures/item/cinnabar.png,32x32,candidate pack only
dynasty:cinnabar_boots,item,src/main/resources/assets/dynasty/textures/item/cinnabar_boots.png,32x32,legacy_pending,tools/art/gen_armor2.py:36,resource-pack/assets/dynasty/textures/item/cinnabar_boots.png,32x32,candidate pack only
dynasty:cinnabar_chestplate,item,src/main/resources/assets/dynasty/textures/item/cinnabar_chestplate.png,32x32,legacy_pending,tools/art/gen_armor2.py:36,resource-pack/assets/dynasty/textures/item/cinnabar_chestplate.png,32x32,candidate pack only
dynasty:cinnabar_helmet,item,src/main/resources/assets/dynasty/textures/item/cinnabar_helmet.png,32x32,legacy_pending,tools/art/gen_armor2.py:36,resource-pack/assets/dynasty/textures/item/cinnabar_helmet.png,32x32,candidate pack only
dynasty:cinnabar_leggings,item,src/main/resources/assets/dynasty/textures/item/cinnabar_leggings.png,32x32,legacy_pending,tools/art/gen_armor2.py:36,resource-pack/assets/dynasty/textures/item/cinnabar_leggings.png,32x32,candidate pack only
dynasty:cinnabar_pouch,item,src/main/resources/assets/dynasty/textures/item/cinnabar_pouch.png,32x32,legacy_pending,tools/art/gen_trinkets2.py:31; tools/art/gen_dynasty3.py:527; tools/art/gen_trinkets3.py:79; tools/art/gen_trinkets4.py:107,resource-pack/assets/dynasty/textures/item/cinnabar_pouch.png,32x32,candidate pack only
dynasty:cloth_boots,item,src/main/resources/assets/dynasty/textures/item/cloth_boots.png,32x32,legacy_pending,tools/art/gen_armor2.py:26,resource-pack/assets/dynasty/textures/item/cloth_boots.png,32x32,candidate pack only
dynasty:cloth_chestplate,item,src/main/resources/assets/dynasty/textures/item/cloth_chestplate.png,32x32,legacy_pending,tools/art/gen_armor2.py:26,resource-pack/assets/dynasty/textures/item/cloth_chestplate.png,32x32,candidate pack only
dynasty:cloth_helmet,item,src/main/resources/assets/dynasty/textures/item/cloth_helmet.png,32x32,legacy_pending,tools/art/gen_armor2.py:26,resource-pack/assets/dynasty/textures/item/cloth_helmet.png,32x32,candidate pack only
dynasty:cloth_leggings,item,src/main/resources/assets/dynasty/textures/item/cloth_leggings.png,32x32,legacy_pending,tools/art/gen_armor2.py:26,resource-pack/assets/dynasty/textures/item/cloth_leggings.png,32x32,candidate pack only
dynasty:cloud_brocade,item,src/main/resources/assets/dynasty/textures/item/cloud_brocade.png,32x32,legacy_pending,tools/art/gen_trinkets2.py:21; tools/art/gen_trinkets3.py:102; tools/art/gen_trinkets4.py:34; tools/art/gen_trinkets5.py:40,resource-pack/assets/dynasty/textures/item/cloud_brocade.png,32x32,candidate pack only
dynasty:cloud_pattern,item,src/main/resources/assets/dynasty/textures/item/cloud_pattern.png,32x32,legacy_pending,tools/art/gen_trinkets3.py:123,resource-pack/assets/dynasty/textures/item/cloud_pattern.png,32x32,candidate pack only
dynasty:conch_horn,item,src/main/resources/assets/dynasty/textures/item/conch_horn.png,32x32,legacy_pending,tools/art/gen_trinkets4.py:111,resource-pack/assets/dynasty/textures/item/conch_horn.png,32x32,candidate pack only
dynasty:copper_coin,item,src/main/resources/assets/dynasty/textures/item/copper_coin.png,32x32,legacy_pending,tools/art/gen_items_a.py:120,resource-pack/assets/dynasty/textures/item/copper_coin.png,32x32,candidate pack only
dynasty:crane_feather,item,src/main/resources/assets/dynasty/textures/item/crane_feather.png,32x32,legacy_pending,tools/art/gen_trinkets3.py:71; tools/art/gen_trinkets4.py:98; tools/art/gen_trinkets5.py:52,resource-pack/assets/dynasty/textures/item/crane_feather.png,32x32,candidate pack only
dynasty:crimson_pact_charm,item,src/main/resources/assets/dynasty/textures/item/crimson_pact_charm.png,32x32,legacy_pending,tools/art/gen_trinkets5.py:80,resource-pack/assets/dynasty/textures/item/crimson_pact_charm.png,32x32,candidate pack only
dynasty:cured_meat,item,src/main/resources/assets/dynasty/textures/item/cured_meat.png,32x32,legacy_pending,tools/art/gen_items_more_food.py:71,resource-pack/assets/dynasty/textures/item/cured_meat.png,32x32,candidate pack only
dynasty:dark_iron_boots,item,src/main/resources/assets/dynasty/textures/item/dark_iron_boots.png,32x32,legacy_pending,tools/art/gen_armor2.py:44; tools/art/gen_armor3.py:29; tools/art/gen_armor.py:27,resource-pack/assets/dynasty/textures/item/dark_iron_boots.png,32x32,candidate pack only
dynasty:dark_iron_chestplate,item,src/main/resources/assets/dynasty/textures/item/dark_iron_chestplate.png,32x32,completed_this_thread,docs/art/armor-sample-v14/manifest.json; tools/art/gen_armor2.py:44; tools/art/gen_armor3.py:29; tools/art/gen_armor.py:27,resource-pack/assets/dynasty/textures/item/dark_iron_chestplate.png,32x32,candidate pack only
dynasty:dark_iron_helmet,item,src/main/resources/assets/dynasty/textures/item/dark_iron_helmet.png,32x32,legacy_pending,tools/art/gen_armor2.py:44; tools/art/gen_armor3.py:29; tools/art/gen_armor.py:27,resource-pack/assets/dynasty/textures/item/dark_iron_helmet.png,32x32,candidate pack only
dynasty:dark_iron_leggings,item,src/main/resources/assets/dynasty/textures/item/dark_iron_leggings.png,32x32,legacy_pending,tools/art/gen_armor2.py:44; tools/art/gen_armor3.py:29; tools/art/gen_armor.py:27,resource-pack/assets/dynasty/textures/item/dark_iron_leggings.png,32x32,candidate pack only
dynasty:dawn_blade_charm,item,src/main/resources/assets/dynasty/textures/item/dawn_blade_charm.png,32x32,legacy_pending,tools/art/gen_trinkets5.py:37,resource-pack/assets/dynasty/textures/item/dawn_blade_charm.png,32x32,candidate pack only
dynasty:dawn_drum,item,src/main/resources/assets/dynasty/textures/item/dawn_drum.png,32x32,legacy_pending,tools/art/gen_trinkets5.py:61,resource-pack/assets/dynasty/textures/item/dawn_drum.png,32x32,candidate pack only
dynasty:deathbed_talisman,item,src/main/resources/assets/dynasty/textures/item/deathbed_talisman.png,32x32,legacy_pending,tools/art/gen_trinkets5.py:86,resource-pack/assets/dynasty/textures/item/deathbed_talisman.png,32x32,candidate pack only
dynasty:deer_antler,item,src/main/resources/assets/dynasty/textures/item/deer_antler.png,32x32,legacy_pending,tools/art/gen_trinkets3.py:77,resource-pack/assets/dynasty/textures/item/deer_antler.png,32x32,candidate pack only
dynasty:dingfeng_silk,item,src/main/resources/assets/dynasty/textures/item/dingfeng_silk.png,128x128,completed_elsewhere,docs/art/schools-remaster-v1/final-assets.json; docs/art/schools-remaster-v1/prompts.json,,,preserved
dynasty:disha_boots,item,src/main/resources/assets/dynasty/textures/item/disha_boots.png,32x32,legacy_pending,tools/art/gen_armor3.py:41,resource-pack/assets/dynasty/textures/item/disha_boots.png,32x32,candidate pack only
dynasty:disha_chestplate,item,src/main/resources/assets/dynasty/textures/item/disha_chestplate.png,32x32,legacy_pending,tools/art/gen_armor3.py:41,resource-pack/assets/dynasty/textures/item/disha_chestplate.png,32x32,candidate pack only
dynasty:disha_helmet,item,src/main/resources/assets/dynasty/textures/item/disha_helmet.png,32x32,legacy_pending,tools/art/gen_armor3.py:41,resource-pack/assets/dynasty/textures/item/disha_helmet.png,32x32,candidate pack only
dynasty:disha_leggings,item,src/main/resources/assets/dynasty/textures/item/disha_leggings.png,32x32,legacy_pending,tools/art/gen_armor3.py:41,resource-pack/assets/dynasty/textures/item/disha_leggings.png,32x32,candidate pack only
dynasty:disha_talisman,item,src/main/resources/assets/dynasty/textures/item/disha_talisman.png,32x32,legacy_pending,tools/art/gen_trinkets3.py:129,resource-pack/assets/dynasty/textures/item/disha_talisman.png,32x32,candidate pack only
dynasty:diver_signet,item,src/main/resources/assets/dynasty/textures/item/diver_signet.png,32x32,legacy_pending,tools/art/gen_trinkets5.py:176,resource-pack/assets/dynasty/textures/item/diver_signet.png,32x32,candidate pack only
dynasty:draco_king_boots,item,src/main/resources/assets/dynasty/textures/item/draco_king_boots.png,32x32,legacy_pending,tools/art/gen_armor2.py:44; tools/art/gen_armor3.py:35,resource-pack/assets/dynasty/textures/item/draco_king_boots.png,32x32,candidate pack only
dynasty:draco_king_chestplate,item,src/main/resources/assets/dynasty/textures/item/draco_king_chestplate.png,32x32,legacy_pending,tools/art/gen_armor2.py:44; tools/art/gen_armor3.py:35,resource-pack/assets/dynasty/textures/item/draco_king_chestplate.png,32x32,candidate pack only
dynasty:draco_king_helmet,item,src/main/resources/assets/dynasty/textures/item/draco_king_helmet.png,32x32,legacy_pending,tools/art/gen_armor2.py:44; tools/art/gen_armor3.py:35,resource-pack/assets/dynasty/textures/item/draco_king_helmet.png,32x32,candidate pack only
dynasty:draco_king_leggings,item,src/main/resources/assets/dynasty/textures/item/draco_king_leggings.png,32x32,legacy_pending,tools/art/gen_armor2.py:44; tools/art/gen_armor3.py:35,resource-pack/assets/dynasty/textures/item/draco_king_leggings.png,32x32,candidate pack only
dynasty:dragon_beard_candy,item,src/main/resources/assets/dynasty/textures/item/dragon_beard_candy.png,32x32,legacy_pending,tools/art/gen_items_food.py:81; tools/art/gen_items_fix_b.py:28,resource-pack/assets/dynasty/textures/item/dragon_beard_candy.png,32x32,candidate pack only
dynasty:dragon_blood_pearl,item,src/main/resources/assets/dynasty/textures/item/dragon_blood_pearl.png,32x32,legacy_pending,tools/art/gen_trinkets4.py:75,resource-pack/assets/dynasty/textures/item/dragon_blood_pearl.png,32x32,candidate pack only
dynasty:dragon_bone_ring,item,src/main/resources/assets/dynasty/textures/item/dragon_bone_ring.png,32x32,completed_elsewhere,docs/art/vanilla-materials-v7/manifest.json; docs/art/vanilla-materials-v7/item/dragon_bone_ring.png; tools/art/gen_dragon_palace.py:89; tools/art/gen_trinkets3.py:81; tools/art/gen_trinkets5.py:49,,,preserved
dynasty:dragon_bow,item,src/main/resources/assets/dynasty/textures/item/dragon_bow.png,128x128,completed_elsewhere,docs/art/realm-remaster-v4/weapons.json; tools/art/gen_weapons4.py:37; tools/art/gen_weapons.py:28; tools/art/gen_items_weapons2.py:98,,,preserved
dynasty:dragon_bow_pulling_0,item,src/main/resources/assets/dynasty/textures/item/dragon_bow_pulling_0.png,128x128,completed_elsewhere,docs/art/realm-remaster-v4/weapons.json,,,preserved
dynasty:dragon_bow_pulling_1,item,src/main/resources/assets/dynasty/textures/item/dragon_bow_pulling_1.png,128x128,completed_elsewhere,docs/art/realm-remaster-v4/weapons.json,,,preserved
dynasty:dragon_bow_pulling_2,item,src/main/resources/assets/dynasty/textures/item/dragon_bow_pulling_2.png,128x128,completed_elsewhere,docs/art/realm-remaster-v4/weapons.json,,,preserved
dynasty:dragon_coin,item,src/main/resources/assets/dynasty/textures/item/dragon_coin.png,32x32,legacy_pending,tools/art/gen_items_a.py:124,resource-pack/assets/dynasty/textures/item/dragon_coin.png,32x32,candidate pack only
dynasty:dragon_crystal,item,src/main/resources/assets/dynasty/textures/item/dragon_crystal.png,32x32,legacy_pending,tools/art/gen_trinkets7.py:16; tools/art/gen_weapons4.py:26; tools/art/gen_relic_materials.py:143; tools/art/gen_items_a.py:128,resource-pack/assets/dynasty/textures/item/dragon_crystal.png,32x32,candidate pack only
dynasty:dragon_emperor_seal,item,src/main/resources/assets/dynasty/textures/item/dragon_emperor_seal.png,32x32,legacy_pending,tools/art/gen_dynasty3.py:506; tools/art/gen_relic_materials.py:153; tools/art/gen_trinkets5.py:99,resource-pack/assets/dynasty/textures/item/dragon_emperor_seal.png,32x32,candidate pack only
dynasty:dragon_king_scale,item,src/main/resources/assets/dynasty/textures/item/dragon_king_scale.png,32x32,legacy_pending,tools/art/gen_trinkets2.py:25; tools/art/gen_trinkets5.py:123,resource-pack/assets/dynasty/textures/item/dragon_king_scale.png,32x32,candidate pack only
dynasty:dragon_pearl,item,src/main/resources/assets/dynasty/textures/item/dragon_pearl.png,32x32,legacy_pending,tools/art/gen_dynasty3.py:520; tools/art/gen_trinkets4.py:40; tools/art/gen_trinkets5.py:58,resource-pack/assets/dynasty/textures/item/dragon_pearl.png,32x32,candidate pack only
dynasty:dragon_robe_sash,item,src/main/resources/assets/dynasty/textures/item/dragon_robe_sash.png,32x32,legacy_pending,tools/art/gen_trinkets4.py:34,resource-pack/assets/dynasty/textures/item/dragon_robe_sash.png,32x32,candidate pack only
dynasty:dragon_scale,item,src/main/resources/assets/dynasty/textures/item/dragon_scale.png,32x32,legacy_pending,tools/art/gen_armor2.py:40; tools/art/gen_armor3.py:33; tools/art/gen_gear_armor.py:87; tools/art/gen_armor_layers.py:57; tools/art/gen_relic_materials.py:141; tools/art/gen_armor.py:24; tools/art/gen_items_a.py:129,resource-pack/assets/dynasty/textures/item/dragon_scale.png,32x32,candidate pack only
dynasty:dragon_scale_boots,item,src/main/resources/assets/dynasty/textures/item/dragon_scale_boots.png,32x32,legacy_pending,tools/art/gen_armor2.py:40; tools/art/gen_armor3.py:33; tools/art/gen_gear_armor.py:87; tools/art/gen_armor_layers.py:57; tools/art/gen_armor.py:24,resource-pack/assets/dynasty/textures/item/dragon_scale_boots.png,32x32,candidate pack only
dynasty:dragon_scale_charm,item,src/main/resources/assets/dynasty/textures/item/dragon_scale_charm.png,128x128,completed_elsewhere,docs/art/boss-trinket-remaster-v1/after/dragon_scale_charm.png; tools/art/gen_trinkets2.py:25; tools/art/gen_trinkets3.py:64; tools/art/gen_trinkets4.py:114; tools/art/gen_items_trinkets.py:56,,,preserved
dynasty:dragon_scale_chestplate,item,src/main/resources/assets/dynasty/textures/item/dragon_scale_chestplate.png,32x32,legacy_pending,tools/art/gen_armor2.py:40; tools/art/gen_armor3.py:33; tools/art/gen_gear_armor.py:87; tools/art/gen_armor_layers.py:57; tools/art/gen_armor.py:24,resource-pack/assets/dynasty/textures/item/dragon_scale_chestplate.png,32x32,candidate pack only
dynasty:dragon_scale_helmet,item,src/main/resources/assets/dynasty/textures/item/dragon_scale_helmet.png,32x32,legacy_pending,tools/art/gen_armor2.py:40; tools/art/gen_armor3.py:33; tools/art/gen_gear_armor.py:87; tools/art/gen_armor_layers.py:57; tools/art/gen_armor.py:24,resource-pack/assets/dynasty/textures/item/dragon_scale_helmet.png,32x32,candidate pack only
dynasty:dragon_scale_leggings,item,src/main/resources/assets/dynasty/textures/item/dragon_scale_leggings.png,32x32,legacy_pending,tools/art/gen_armor2.py:40; tools/art/gen_armor3.py:33; tools/art/gen_gear_armor.py:87; tools/art/gen_armor_layers.py:57; tools/art/gen_armor.py:24,resource-pack/assets/dynasty/textures/item/dragon_scale_leggings.png,32x32,candidate pack only
dynasty:dragon_scale_sash,item,src/main/resources/assets/dynasty/textures/item/dragon_scale_sash.png,32x32,legacy_pending,tools/art/gen_trinkets4.py:114,resource-pack/assets/dynasty/textures/item/dragon_scale_sash.png,32x32,candidate pack only
dynasty:dragon_slayer,item,src/main/resources/assets/dynasty/textures/item/dragon_slayer.png,32x32,legacy_pending,tools/art/gen_weapons.py:30,resource-pack/assets/dynasty/textures/item/dragon_slayer.png,32x32,candidate pack only
dynasty:dragon_spear,item,src/main/resources/assets/dynasty/textures/item/dragon_spear.png,32x32,legacy_pending,tools/art/gen_weapons.py:27,resource-pack/assets/dynasty/textures/item/dragon_spear.png,32x32,candidate pack only
dynasty:dragon_whisker,item,src/main/resources/assets/dynasty/textures/item/dragon_whisker.png,32x32,legacy_pending,tools/art/gen_dynasty3.py:528; tools/art/gen_trinkets3.py:50; tools/art/gen_trinkets5.py:157,resource-pack/assets/dynasty/textures/item/dragon_whisker.png,32x32,candidate pack only
dynasty:dried_persimmon,item,src/main/resources/assets/dynasty/textures/item/dried_persimmon.png,32x32,legacy_pending,tools/art/gen_food2.py:120,resource-pack/assets/dynasty/textures/item/dried_persimmon.png,32x32,candidate pack only
dynasty:drum_beater,item,src/main/resources/assets/dynasty/textures/item/drum_beater.png,32x32,legacy_pending,tools/art/gen_trinkets4.py:56,resource-pack/assets/dynasty/textures/item/drum_beater.png,32x32,candidate pack only
dynasty:dumpling,item,src/main/resources/assets/dynasty/textures/item/dumpling.png,32x32,legacy_pending,tools/art/gen_items_food.py:38,resource-pack/assets/dynasty/textures/item/dumpling.png,32x32,candidate pack only
dynasty:dusk_raider_badge,item,src/main/resources/assets/dynasty/textures/item/dusk_raider_badge.png,32x32,legacy_pending,tools/art/gen_trinkets5.py:170,resource-pack/assets/dynasty/textures/item/dusk_raider_badge.png,32x32,candidate pack only
dynasty:dusk_veil_charm,item,src/main/resources/assets/dynasty/textures/item/dusk_veil_charm.png,32x32,legacy_pending,tools/art/gen_trinkets5.py:40,resource-pack/assets/dynasty/textures/item/dusk_veil_charm.png,32x32,candidate pack only
dynasty:dynasty_emblem,item,src/main/resources/assets/dynasty/textures/item/dynasty_emblem.png,96x96,completed_elsewhere,tools/art/gen_tab_icon.py,,,preserved
dynasty:dynasty_guide,item,src/main/resources/assets/dynasty/textures/item/dynasty_guide.png,32x32,legacy_pending,tools/art/gen_items_b.py:118,resource-pack/assets/dynasty/textures/item/dynasty_guide.png,32x32,candidate pack only
dynasty:dynasty_lingering_potion,item,src/main/resources/assets/dynasty/textures/item/dynasty_lingering_potion.png,32x32,legacy_pending,tools/art/gen_items_potion.py:67,resource-pack/assets/dynasty/textures/item/dynasty_lingering_potion.png,32x32,candidate pack only
dynasty:dynasty_manual,item,src/main/resources/assets/dynasty/textures/item/dynasty_manual.png,32x32,legacy_pending,tools/art/gen_items_trinkets.py:136,resource-pack/assets/dynasty/textures/item/dynasty_manual.png,32x32,candidate pack only
dynasty:dynasty_potion,item,src/main/resources/assets/dynasty/textures/item/dynasty_potion.png,32x32,legacy_pending,tools/art/gen_items_potion.py:65,resource-pack/assets/dynasty/textures/item/dynasty_potion.png,32x32,candidate pack only
dynasty:dynasty_splash_potion,item,src/main/resources/assets/dynasty/textures/item/dynasty_splash_potion.png,32x32,legacy_pending,tools/art/gen_items_potion.py:66,resource-pack/assets/dynasty/textures/item/dynasty_splash_potion.png,32x32,candidate pack only
dynasty:eclipse_bead,item,src/main/resources/assets/dynasty/textures/item/eclipse_bead.png,32x32,legacy_pending,tools/art/gen_trinkets5.py:58,resource-pack/assets/dynasty/textures/item/eclipse_bead.png,32x32,candidate pack only
dynasty:edict,item,src/main/resources/assets/dynasty/textures/item/edict.png,32x32,legacy_pending,tools/art/gen_items_b.py:76; tools/art/gen_trinkets7.py:26,resource-pack/assets/dynasty/textures/item/edict.png,32x32,candidate pack only
dynasty:edict_of_dragon,item,src/main/resources/assets/dynasty/textures/item/edict_of_dragon.png,32x32,legacy_pending,tools/art/gen_trinkets5.py:99,resource-pack/assets/dynasty/textures/item/edict_of_dragon.png,32x32,candidate pack only
dynasty:edict_of_dread,item,src/main/resources/assets/dynasty/textures/item/edict_of_dread.png,32x32,legacy_pending,tools/art/gen_trinkets5.py:111,resource-pack/assets/dynasty/textures/item/edict_of_dread.png,32x32,candidate pack only
dynasty:edict_of_iron,item,src/main/resources/assets/dynasty/textures/item/edict_of_iron.png,32x32,legacy_pending,tools/art/gen_trinkets5.py:102,resource-pack/assets/dynasty/textures/item/edict_of_iron.png,32x32,candidate pack only
dynasty:edict_of_loyalty,item,src/main/resources/assets/dynasty/textures/item/edict_of_loyalty.png,32x32,legacy_pending,tools/art/gen_trinkets5.py:114,resource-pack/assets/dynasty/textures/item/edict_of_loyalty.png,32x32,candidate pack only
dynasty:edict_of_mandate,item,src/main/resources/assets/dynasty/textures/item/edict_of_mandate.png,32x32,legacy_pending,tools/art/gen_trinkets5.py:108,resource-pack/assets/dynasty/textures/item/edict_of_mandate.png,32x32,candidate pack only
dynasty:edict_of_swift,item,src/main/resources/assets/dynasty/textures/item/edict_of_swift.png,32x32,legacy_pending,tools/art/gen_trinkets5.py:105,resource-pack/assets/dynasty/textures/item/edict_of_swift.png,32x32,candidate pack only
dynasty:eight_treasure_porridge,item,src/main/resources/assets/dynasty/textures/item/eight_treasure_porridge.png,32x32,legacy_pending,tools/art/gen_food2.py:109,resource-pack/assets/dynasty/textures/item/eight_treasure_porridge.png,32x32,candidate pack only
dynasty:emperor_bone,item,src/main/resources/assets/dynasty/textures/item/emperor_bone.png,32x32,legacy_pending,tools/art/gen_dynasty3.py:505; tools/art/gen_trinkets7.py:21; tools/art/gen_relic_materials.py:153,resource-pack/assets/dynasty/textures/item/emperor_bone.png,32x32,candidate pack only
dynasty:eunuch_token,item,src/main/resources/assets/dynasty/textures/item/eunuch_token.png,32x32,legacy_pending,tools/art/gen_dragon_palace.py:87; tools/art/gen_dynasty3.py:504,resource-pack/assets/dynasty/textures/item/eunuch_token.png,32x32,candidate pack only
dynasty:exam_paper,item,src/main/resources/assets/dynasty/textures/item/exam_paper.png,128x128,completed_elsewhere,docs/art/architecture-remaster-v3/items/after/exam_paper.png; tools/art/gen_items_b.py:103,,,preserved
dynasty:fengling_bow,item,src/main/resources/assets/dynasty/textures/item/fengling_bow.png,128x128,completed_elsewhere,docs/art/realm-remaster-v4/weapons.json,,,preserved
dynasty:fengling_bow_pulling_0,item,src/main/resources/assets/dynasty/textures/item/fengling_bow_pulling_0.png,128x128,completed_elsewhere,docs/art/realm-remaster-v4/weapons.json,,,preserved
dynasty:fengling_bow_pulling_1,item,src/main/resources/assets/dynasty/textures/item/fengling_bow_pulling_1.png,128x128,completed_elsewhere,docs/art/realm-remaster-v4/weapons.json,,,preserved
dynasty:fengling_bow_pulling_2,item,src/main/resources/assets/dynasty/textures/item/fengling_bow_pulling_2.png,128x128,completed_elsewhere,docs/art/realm-remaster-v4/weapons.json,,,preserved
dynasty:festival_lantern,item,src/main/resources/assets/dynasty/textures/item/festival_lantern.png,32x32,legacy_pending,tools/art/gen_items_more_talisman.py:59,resource-pack/assets/dynasty/textures/item/festival_lantern.png,32x32,candidate pack only
dynasty:fire_talisman,item,src/main/resources/assets/dynasty/textures/item/fire_talisman.png,32x32,legacy_pending,tools/art/gen_items_more_talisman.py:66,resource-pack/assets/dynasty/textures/item/fire_talisman.png,32x32,candidate pack only
dynasty:flesh_gamble_dice,item,src/main/resources/assets/dynasty/textures/item/flesh_gamble_dice.png,32x32,legacy_pending,tools/art/gen_trinkets5.py:83,resource-pack/assets/dynasty/textures/item/flesh_gamble_dice.png,32x32,candidate pack only
dynasty:folding_fan,item,src/main/resources/assets/dynasty/textures/item/folding_fan.png,32x32,legacy_pending,tools/art/gen_trinkets3.py:106,resource-pack/assets/dynasty/textures/item/folding_fan.png,32x32,candidate pack only
dynasty:fox_spirit_pendant,item,src/main/resources/assets/dynasty/textures/item/fox_spirit_pendant.png,32x32,completed_elsewhere,docs/art/vanilla-materials-v7/manifest.json; docs/art/vanilla-materials-v7/item/fox_spirit_pendant.png; tools/art/gen_trinkets4.py:72,,,preserved
dynasty:fox_tail,item,src/main/resources/assets/dynasty/textures/item/fox_tail.png,32x32,legacy_pending,tools/art/gen_items_fix.py:28; tools/art/gen_items_a.py:89,resource-pack/assets/dynasty/textures/item/fox_tail.png,32x32,candidate pack only
dynasty:fox_tail_charm,item,src/main/resources/assets/dynasty/textures/item/fox_tail_charm.png,32x32,legacy_pending,tools/art/gen_trinkets3.py:75; tools/art/gen_trinkets4.py:72; tools/art/gen_items_trinkets.py:87,resource-pack/assets/dynasty/textures/item/fox_tail_charm.png,32x32,candidate pack only
dynasty:general_boots,item,src/main/resources/assets/dynasty/textures/item/general_boots.png,128x128,completed_elsewhere,docs/art/build-feedback-v5/armor-assets.json; docs/art/build-feedback-v5/armor/general_boots.png; docs/art/visual-feedback-v6/manifest.json; docs/art/visual-feedback-v6/item/general_boots.png; tools/art/gen_armor2.py:32; tools/art/gen_gear_armor.py:88; tools/art/gen_armor_layers.py:58,,,preserved
dynasty:general_chestplate,item,src/main/resources/assets/dynasty/textures/item/general_chestplate.png,128x128,completed_elsewhere,docs/art/build-feedback-v5/armor-assets.json; docs/art/build-feedback-v5/armor/general_chestplate.png; docs/art/visual-feedback-v6/manifest.json; docs/art/visual-feedback-v6/item/general_chestplate.png; tools/art/gen_armor2.py:32; tools/art/gen_gear_armor.py:88; tools/art/gen_armor_layers.py:58,,,preserved
dynasty:general_helmet,item,src/main/resources/assets/dynasty/textures/item/general_helmet.png,128x128,completed_elsewhere,docs/art/build-feedback-v5/armor-assets.json; docs/art/build-feedback-v5/armor/general_helmet.png; docs/art/visual-feedback-v6/manifest.json; docs/art/visual-feedback-v6/item/general_helmet.png; tools/art/gen_armor2.py:32; tools/art/gen_gear_armor.py:88; tools/art/gen_armor_layers.py:58,,,preserved
dynasty:general_leggings,item,src/main/resources/assets/dynasty/textures/item/general_leggings.png,128x128,completed_elsewhere,docs/art/build-feedback-v5/armor-assets.json; docs/art/build-feedback-v5/armor/general_leggings.png; docs/art/visual-feedback-v6/manifest.json; docs/art/visual-feedback-v6/item/general_leggings.png; tools/art/gen_armor2.py:32; tools/art/gen_gear_armor.py:88; tools/art/gen_armor_layers.py:58,,,preserved
dynasty:ghost_ferry_tally,item,src/main/resources/assets/dynasty/textures/item/ghost_ferry_tally.png,32x32,legacy_pending,tools/art/gen_trinkets5.py:136,resource-pack/assets/dynasty/textures/item/ghost_ferry_tally.png,32x32,candidate pack only
dynasty:gilded_lotus_crown,item,src/main/resources/assets/dynasty/textures/item/gilded_lotus_crown.png,32x32,legacy_pending,tools/art/gen_trinkets4.py:43,resource-pack/assets/dynasty/textures/item/gilded_lotus_crown.png,32x32,candidate pack only
dynasty:gilded_mace,item,src/main/resources/assets/dynasty/textures/item/gilded_mace.png,32x32,legacy_pending,tools/art/gen_weapons.py:25,resource-pack/assets/dynasty/textures/item/gilded_mace.png,32x32,candidate pack only
dynasty:go_board,item,src/main/resources/assets/dynasty/textures/item/go_board.png,32x32,legacy_pending,tools/art/gen_trinkets3.py:96,resource-pack/assets/dynasty/textures/item/go_board.png,32x32,candidate pack only
dynasty:gold_coin,item,src/main/resources/assets/dynasty/textures/item/gold_coin.png,32x32,legacy_pending,tools/art/gen_items_a.py:122,resource-pack/assets/dynasty/textures/item/gold_coin.png,32x32,candidate pack only
dynasty:gold_seal_charm,item,src/main/resources/assets/dynasty/textures/item/gold_seal_charm.png,32x32,legacy_pending,tools/art/gen_trinkets2.py:29; tools/art/gen_trinkets3.py:62; tools/art/gen_trinkets5.py:117; tools/art/gen_items_trinkets.py:46,resource-pack/assets/dynasty/textures/item/gold_seal_charm.png,32x32,candidate pack only
dynasty:golden_pill,item,src/main/resources/assets/dynasty/textures/item/golden_pill.png,32x32,legacy_pending,tools/art/gen_trinkets3.py:121,resource-pack/assets/dynasty/textures/item/golden_pill.png,32x32,candidate pack only
dynasty:guanri_thumbring,item,src/main/resources/assets/dynasty/textures/item/guanri_thumbring.png,128x128,completed_elsewhere,docs/art/school-accessories-v2/assets.json; docs/art/school-accessories-v2/after/guanri_thumbring.png; tools/art/gen_trinkets7.py:24,,,preserved
dynasty:guanxing_pendant,item,src/main/resources/assets/dynasty/textures/item/guanxing_pendant.png,128x128,completed_elsewhere,docs/art/schools-remaster-v1/final-assets.json; docs/art/schools-remaster-v1/prompts.json,,,preserved
dynasty:guqin_string,item,src/main/resources/assets/dynasty/textures/item/guqin_string.png,32x32,legacy_pending,tools/art/gen_trinkets3.py:98; tools/art/gen_trinkets4.py:88,resource-pack/assets/dynasty/textures/item/guqin_string.png,32x32,candidate pack only
dynasty:guqin_tassel,item,src/main/resources/assets/dynasty/textures/item/guqin_tassel.png,32x32,legacy_pending,tools/art/gen_trinkets4.py:88,resource-pack/assets/dynasty/textures/item/guqin_tassel.png,32x32,candidate pack only
dynasty:halberd_fangtian,item,src/main/resources/assets/dynasty/textures/item/halberd_fangtian.png,32x32,legacy_pending,tools/art/gen_dragon_palace.py:88; tools/art/gen_weapons4.py:28; tools/art/gen_gear_weapons.py:68,resource-pack/assets/dynasty/textures/item/halberd_fangtian.png,32x32,candidate pack only
dynasty:hawk_eye,item,src/main/resources/assets/dynasty/textures/item/hawk_eye.png,32x32,legacy_pending,tools/art/gen_trinkets3.py:89,resource-pack/assets/dynasty/textures/item/hawk_eye.png,32x32,candidate pack only
dynasty:healing_salve,item,src/main/resources/assets/dynasty/textures/item/healing_salve.png,32x32,legacy_pending,tools/art/gen_items_potion.py:37,resource-pack/assets/dynasty/textures/item/healing_salve.png,32x32,candidate pack only
dynasty:heart_mirror,item,src/main/resources/assets/dynasty/textures/item/heart_mirror.png,128x128,completed_elsewhere,docs/art/school-accessories-v2/remasters.json; docs/art/school-accessories-v2/after/heart_mirror.png; tools/art/gen_dynasty3.py:510; tools/art/gen_trinkets3.py:45,,,preserved
dynasty:hongmeng_boots,item,src/main/resources/assets/dynasty/textures/item/hongmeng_boots.png,32x32,legacy_pending,tools/art/gen_armor3.py:53,resource-pack/assets/dynasty/textures/item/hongmeng_boots.png,32x32,candidate pack only
dynasty:hongmeng_chestplate,item,src/main/resources/assets/dynasty/textures/item/hongmeng_chestplate.png,32x32,legacy_pending,tools/art/gen_armor3.py:53,resource-pack/assets/dynasty/textures/item/hongmeng_chestplate.png,32x32,candidate pack only
dynasty:hongmeng_helmet,item,src/main/resources/assets/dynasty/textures/item/hongmeng_helmet.png,32x32,legacy_pending,tools/art/gen_armor3.py:53,resource-pack/assets/dynasty/textures/item/hongmeng_helmet.png,32x32,candidate pack only
dynasty:hongmeng_leggings,item,src/main/resources/assets/dynasty/textures/item/hongmeng_leggings.png,32x32,legacy_pending,tools/art/gen_armor3.py:53,resource-pack/assets/dynasty/textures/item/hongmeng_leggings.png,32x32,candidate pack only
dynasty:horse_stirrup,item,src/main/resources/assets/dynasty/textures/item/horse_stirrup.png,32x32,legacy_pending,tools/art/gen_trinkets3.py:68; tools/art/gen_trinkets5.py:179,resource-pack/assets/dynasty/textures/item/horse_stirrup.png,32x32,candidate pack only
dynasty:hotpot,item,src/main/resources/assets/dynasty/textures/item/hotpot.png,32x32,legacy_pending,tools/art/gen_items_food.py:102; tools/art/gen_items_fix_b.py:86,resource-pack/assets/dynasty/textures/item/hotpot.png,32x32,candidate pack only
dynasty:houyi_bow,item,src/main/resources/assets/dynasty/textures/item/houyi_bow.png,64x64,completed_elsewhere,docs/art/weapon-batch-01/prompts.json; tools/art/export_houyi_bow_v2.sh,,,preserved
dynasty:houyi_bow_pulling_0,item,src/main/resources/assets/dynasty/textures/item/houyi_bow_pulling_0.png,64x64,completed_elsewhere,tools/art/export_houyi_bow_v2.sh,,,preserved
dynasty:houyi_bow_pulling_1,item,src/main/resources/assets/dynasty/textures/item/houyi_bow_pulling_1.png,64x64,completed_elsewhere,tools/art/export_houyi_bow_v2.sh,,,preserved
dynasty:houyi_bow_pulling_2,item,src/main/resources/assets/dynasty/textures/item/houyi_bow_pulling_2.png,64x64,completed_elsewhere,tools/art/export_houyi_bow_v2.sh,,,preserved
dynasty:huan_shou_dao,item,src/main/resources/assets/dynasty/textures/item/huan_shou_dao.png,32x32,legacy_pending,tools/art/gen_weapons.py:22; tools/art/gen_items_weapons2.py:41,resource-pack/assets/dynasty/textures/item/huan_shou_dao.png,32x32,candidate pack only
dynasty:huben_bracer,item,src/main/resources/assets/dynasty/textures/item/huben_bracer.png,128x128,completed_elsewhere,docs/art/schools-remaster-v1/final-assets.json; docs/art/schools-remaster-v1/prompts.json,,,preserved
dynasty:hunyuan_boots,item,src/main/resources/assets/dynasty/textures/item/hunyuan_boots.png,32x32,legacy_pending,tools/art/gen_armor3.py:47,resource-pack/assets/dynasty/textures/item/hunyuan_boots.png,32x32,candidate pack only
dynasty:hunyuan_chestplate,item,src/main/resources/assets/dynasty/textures/item/hunyuan_chestplate.png,32x32,legacy_pending,tools/art/gen_armor3.py:47,resource-pack/assets/dynasty/textures/item/hunyuan_chestplate.png,32x32,candidate pack only
dynasty:hunyuan_helmet,item,src/main/resources/assets/dynasty/textures/item/hunyuan_helmet.png,32x32,legacy_pending,tools/art/gen_armor3.py:47,resource-pack/assets/dynasty/textures/item/hunyuan_helmet.png,32x32,candidate pack only
dynasty:hunyuan_leggings,item,src/main/resources/assets/dynasty/textures/item/hunyuan_leggings.png,32x32,legacy_pending,tools/art/gen_armor3.py:47,resource-pack/assets/dynasty/textures/item/hunyuan_leggings.png,32x32,candidate pack only
dynasty:hunyuan_pearl,item,src/main/resources/assets/dynasty/textures/item/hunyuan_pearl.png,32x32,legacy_pending,tools/art/gen_relic_materials.py:134,resource-pack/assets/dynasty/textures/item/hunyuan_pearl.png,32x32,candidate pack only
dynasty:hunyuan_staff,item,src/main/resources/assets/dynasty/textures/item/hunyuan_staff.png,128x128,completed_elsewhere,docs/art/realm-remaster-v4/weapons.json,,,preserved
dynasty:immortal_crane_feather,item,src/main/resources/assets/dynasty/textures/item/immortal_crane_feather.png,32x32,legacy_pending,tools/art/gen_trinkets4.py:98,resource-pack/assets/dynasty/textures/item/immortal_crane_feather.png,32x32,candidate pack only
dynasty:immortal_peach,item,src/main/resources/assets/dynasty/textures/item/immortal_peach.png,32x32,legacy_pending,tools/art/gen_items_food.py:130,resource-pack/assets/dynasty/textures/item/immortal_peach.png,32x32,candidate pack only
dynasty:imperial_pearl_earring,item,src/main/resources/assets/dynasty/textures/item/imperial_pearl_earring.png,128x128,completed_elsewhere,docs/art/items-remaster-v2/after/imperial_pearl_earring.png; tools/art/gen_trinkets4.py:40,,,preserved
dynasty:imperial_seal_charm,item,src/main/resources/assets/dynasty/textures/item/imperial_seal_charm.png,32x32,legacy_pending,tools/art/gen_trinkets2.py:29; tools/art/gen_trinkets3.py:87; tools/art/gen_trinkets4.py:91; tools/art/gen_trinkets5.py:68,resource-pack/assets/dynasty/textures/item/imperial_seal_charm.png,32x32,candidate pack only
dynasty:incense_sachet,item,src/main/resources/assets/dynasty/textures/item/incense_sachet.png,128x128,completed_elsewhere,docs/art/school-accessories-v2/remasters.json; docs/art/school-accessories-v2/after/incense_sachet.png; tools/art/gen_trinkets3.py:104,,,preserved
dynasty:ink_brush,item,src/main/resources/assets/dynasty/textures/item/ink_brush.png,32x32,legacy_pending,tools/art/gen_items_more_craft.py:71,resource-pack/assets/dynasty/textures/item/ink_brush.png,32x32,candidate pack only
dynasty:ink_slab_charm,item,src/main/resources/assets/dynasty/textures/item/ink_slab_charm.png,32x32,legacy_pending,tools/art/gen_trinkets4.py:82,resource-pack/assets/dynasty/textures/item/ink_slab_charm.png,32x32,candidate pack only
dynasty:ink_stick,item,src/main/resources/assets/dynasty/textures/item/ink_stick.png,128x128,completed_elsewhere,docs/art/architecture-remaster-v3/items/after/ink_stick.png; tools/art/gen_items_more_craft.py:61,,,preserved
dynasty:inkstone,item,src/main/resources/assets/dynasty/textures/item/inkstone.png,32x32,legacy_pending,tools/art/gen_trinkets2.py:33; tools/art/gen_trinkets3.py:100; tools/art/gen_trinkets4.py:82,resource-pack/assets/dynasty/textures/item/inkstone.png,32x32,candidate pack only
dynasty:internal_injury_talisman,item,src/main/resources/assets/dynasty/textures/item/internal_injury_talisman.png,32x32,legacy_pending,tools/art/gen_trinkets5.py:74,resource-pack/assets/dynasty/textures/item/internal_injury_talisman.png,32x32,candidate pack only
dynasty:iron_helmet_plume,item,src/main/resources/assets/dynasty/textures/item/iron_helmet_plume.png,32x32,legacy_pending,tools/art/gen_trinkets4.py:50,resource-pack/assets/dynasty/textures/item/iron_helmet_plume.png,32x32,candidate pack only
dynasty:iron_pauldron,item,src/main/resources/assets/dynasty/textures/item/iron_pauldron.png,128x128,completed_elsewhere,docs/art/school-accessories-v2/remasters.json; docs/art/school-accessories-v2/after/iron_pauldron.png; tools/art/gen_trinkets3.py:66,,,preserved
dynasty:iron_ration_charm,item,src/main/resources/assets/dynasty/textures/item/iron_ration_charm.png,32x32,legacy_pending,tools/art/gen_trinkets5.py:185,resource-pack/assets/dynasty/textures/item/iron_ration_charm.png,32x32,candidate pack only
dynasty:iron_waist_token,item,src/main/resources/assets/dynasty/textures/item/iron_waist_token.png,32x32,legacy_pending,tools/art/gen_dragon_palace.py:89; tools/art/gen_dynasty3.py:532; tools/art/gen_trinkets3.py:56; tools/art/gen_trinkets5.py:92,resource-pack/assets/dynasty/textures/item/iron_waist_token.png,32x32,candidate pack only
dynasty:ivory_tusk,item,src/main/resources/assets/dynasty/textures/item/ivory_tusk.png,32x32,legacy_pending,tools/art/gen_trinkets3.py:87,resource-pack/assets/dynasty/textures/item/ivory_tusk.png,32x32,candidate pack only
dynasty:jade,item,src/main/resources/assets/dynasty/textures/item/jade.png,32x32,legacy_pending,tools/art/gen_armor2.py:36; tools/art/gen_trinkets7.py:14; tools/art/gen_gear_armor.py:86; tools/art/gen_armor_layers.py:56; tools/art/gen_relic_materials.py:149; tools/art/gen_items_a.py:127,resource-pack/assets/dynasty/textures/item/jade.png,32x32,candidate pack only
dynasty:jade_belt_hook,item,src/main/resources/assets/dynasty/textures/item/jade_belt_hook.png,32x32,legacy_pending,tools/art/gen_trinkets3.py:35,resource-pack/assets/dynasty/textures/item/jade_belt_hook.png,32x32,candidate pack only
dynasty:jade_bi_disc,item,src/main/resources/assets/dynasty/textures/item/jade_bi_disc.png,32x32,legacy_pending,tools/art/gen_trinkets2.py:35; tools/art/gen_trinkets3.py:31; tools/art/gen_items_trinkets.py:36,resource-pack/assets/dynasty/textures/item/jade_bi_disc.png,32x32,candidate pack only
dynasty:jade_bixie,item,src/main/resources/assets/dynasty/textures/item/jade_bixie.png,32x32,legacy_pending,tools/art/gen_trinkets3.py:39,resource-pack/assets/dynasty/textures/item/jade_bixie.png,32x32,candidate pack only
dynasty:jade_boots,item,src/main/resources/assets/dynasty/textures/item/jade_boots.png,128x128,completed_elsewhere,docs/art/build-feedback-v5/armor-assets.json; docs/art/build-feedback-v5/armor/jade_boots.png; docs/art/visual-feedback-v6/manifest.json; docs/art/visual-feedback-v6/item/jade_boots.png; tools/art/gen_armor2.py:36; tools/art/gen_gear_armor.py:86; tools/art/gen_armor_layers.py:56,,,preserved
dynasty:jade_brush_holder,item,src/main/resources/assets/dynasty/textures/item/jade_brush_holder.png,32x32,legacy_pending,tools/art/gen_trinkets4.py:79,resource-pack/assets/dynasty/textures/item/jade_brush_holder.png,32x32,candidate pack only
dynasty:jade_chestplate,item,src/main/resources/assets/dynasty/textures/item/jade_chestplate.png,128x128,completed_elsewhere,docs/art/build-feedback-v5/armor-assets.json; docs/art/build-feedback-v5/armor/jade_chestplate.png; docs/art/visual-feedback-v6/manifest.json; docs/art/visual-feedback-v6/item/jade_chestplate.png; tools/art/gen_armor2.py:36; tools/art/gen_gear_armor.py:86; tools/art/gen_armor_layers.py:56,,,preserved
dynasty:jade_cicada,item,src/main/resources/assets/dynasty/textures/item/jade_cicada.png,128x128,completed_elsewhere,docs/art/items-remaster-v2/after/jade_cicada.png; tools/art/gen_dynasty3.py:519; tools/art/gen_trinkets3.py:33; tools/art/gen_trinkets5.py:55,,,preserved
dynasty:jade_coin,item,src/main/resources/assets/dynasty/textures/item/jade_coin.png,32x32,legacy_pending,tools/art/gen_items_a.py:123,resource-pack/assets/dynasty/textures/item/jade_coin.png,32x32,candidate pack only
dynasty:jade_cong,item,src/main/resources/assets/dynasty/textures/item/jade_cong.png,128x128,completed_elsewhere,docs/art/school-accessories-v2/remasters.json; docs/art/school-accessories-v2/after/jade_cong.png; tools/art/gen_trinkets3.py:45,,,preserved
dynasty:jade_crown,item,src/main/resources/assets/dynasty/textures/item/jade_crown.png,32x32,legacy_pending,tools/art/gen_dynasty3.py:511; tools/art/gen_trinkets3.py:39; tools/art/gen_trinkets4.py:31,resource-pack/assets/dynasty/textures/item/jade_crown.png,32x32,candidate pack only
dynasty:jade_flying_apsara,item,src/main/resources/assets/dynasty/textures/item/jade_flying_apsara.png,32x32,legacy_pending,tools/art/gen_trinkets3.py:37,resource-pack/assets/dynasty/textures/item/jade_flying_apsara.png,32x32,candidate pack only
dynasty:jade_helmet,item,src/main/resources/assets/dynasty/textures/item/jade_helmet.png,128x128,completed_elsewhere,docs/art/build-feedback-v5/armor-assets.json; docs/art/build-feedback-v5/armor/jade_helmet.png; docs/art/visual-feedback-v6/manifest.json; docs/art/visual-feedback-v6/item/jade_helmet.png; tools/art/gen_armor2.py:36; tools/art/gen_gear_armor.py:86; tools/art/gen_armor_layers.py:56,,,preserved
dynasty:jade_kylin,item,src/main/resources/assets/dynasty/textures/item/jade_kylin.png,128x128,completed_elsewhere,docs/art/items-remaster-v2/after/jade_kylin.png; tools/art/gen_trinkets3.py:41,,,preserved
dynasty:jade_leggings,item,src/main/resources/assets/dynasty/textures/item/jade_leggings.png,128x128,completed_elsewhere,docs/art/build-feedback-v5/armor-assets.json; docs/art/build-feedback-v5/armor/jade_leggings.png; docs/art/visual-feedback-v6/manifest.json; docs/art/visual-feedback-v6/item/jade_leggings.png; tools/art/gen_armor2.py:36; tools/art/gen_gear_armor.py:86; tools/art/gen_armor_layers.py:56,,,preserved
dynasty:jade_marrow_charm,item,src/main/resources/assets/dynasty/textures/item/jade_marrow_charm.png,32x32,legacy_pending,tools/art/gen_trinkets3.py:29; tools/art/gen_trinkets5.py:80,resource-pack/assets/dynasty/textures/item/jade_marrow_charm.png,32x32,candidate pack only
dynasty:jade_pendant,item,src/main/resources/assets/dynasty/textures/item/jade_pendant.png,32x32,completed_this_thread,docs/art/native16-rework-v11/candidate-manifest.json; tools/art/gen_dragon_palace.py:88; tools/art/gen_trinkets3.py:29; tools/art/gen_items_trinkets.py:25,,,preserved
dynasty:jade_ring,item,src/main/resources/assets/dynasty/textures/item/jade_ring.png,32x32,legacy_pending,tools/art/gen_trinkets3.py:33,resource-pack/assets/dynasty/textures/item/jade_ring.png,32x32,candidate pack only
dynasty:jade_ruyi,item,src/main/resources/assets/dynasty/textures/item/jade_ruyi.png,64x64,completed_elsewhere,docs/art/readable-batch-01/prompts.json; tools/art/export_readable_batch_01.sh; tools/art/gen_trinkets3.py:31; tools/art/gen_trinkets5.py:89,,,preserved
dynasty:jade_seal,item,src/main/resources/assets/dynasty/textures/item/jade_seal.png,32x32,legacy_pending,tools/art/gen_items_b.py:60; tools/art/gen_trinkets5.py:102,resource-pack/assets/dynasty/textures/item/jade_seal.png,32x32,candidate pack only
dynasty:jade_shroud_charm,item,src/main/resources/assets/dynasty/textures/item/jade_shroud_charm.png,32x32,legacy_pending,tools/art/gen_trinkets5.py:148,resource-pack/assets/dynasty/textures/item/jade_shroud_charm.png,32x32,candidate pack only
dynasty:jade_silkworm,item,src/main/resources/assets/dynasty/textures/item/jade_silkworm.png,32x32,legacy_pending,tools/art/gen_trinkets3.py:43,resource-pack/assets/dynasty/textures/item/jade_silkworm.png,32x32,candidate pack only
dynasty:jade_tortoise,item,src/main/resources/assets/dynasty/textures/item/jade_tortoise.png,32x32,legacy_pending,tools/art/gen_dynasty3.py:525; tools/art/gen_trinkets3.py:35; tools/art/gen_trinkets4.py:69,resource-pack/assets/dynasty/textures/item/jade_tortoise.png,32x32,candidate pack only
dynasty:jade_zhang,item,src/main/resources/assets/dynasty/textures/item/jade_zhang.png,32x32,legacy_pending,tools/art/gen_trinkets3.py:47,resource-pack/assets/dynasty/textures/item/jade_zhang.png,32x32,candidate pack only
dynasty:jinwu_quiver,item,src/main/resources/assets/dynasty/textures/item/jinwu_quiver.png,128x128,completed_elsewhere,docs/art/accessory-refining-v3/assets.json; docs/art/accessory-refining-v3/after/jinwu_quiver.png; docs/art/journey-polish-v4/assets.json; docs/art/journey-polish-v4/samples/jinwu_quiver.png; tools/art/gen_trinkets7.py:35,,,preserved
dynasty:juling_axe,item,src/main/resources/assets/dynasty/textures/item/juling_axe.png,32x32,uncertain_preserve,,,,preserved
dynasty:juque_sword,item,src/main/resources/assets/dynasty/textures/item/juque_sword.png,128x128,completed_elsewhere,docs/art/realm-remaster-v4/weapons.json; tools/art/gen_weapons4.py:25; tools/art/gen_weapons.py:29; tools/art/gen_items_weapons2.py:74,,,preserved
dynasty:karma_ledger_charm,item,src/main/resources/assets/dynasty/textures/item/karma_ledger_charm.png,32x32,legacy_pending,tools/art/gen_trinkets5.py:151,resource-pack/assets/dynasty/textures/item/karma_ledger_charm.png,32x32,candidate pack only
dynasty:knee_guard,item,src/main/resources/assets/dynasty/textures/item/knee_guard.png,128x128,completed_elsewhere,docs/art/school-accessories-v2/remasters.json; docs/art/school-accessories-v2/after/knee_guard.png; tools/art/gen_trinkets3.py:60; tools/art/gen_trinkets5.py:182,,,preserved
dynasty:leather_boots,item,src/main/resources/assets/dynasty/textures/item/leather_boots.png,32x32,legacy_pending,tools/art/gen_armor2.py:28,resource-pack/assets/dynasty/textures/item/leather_boots.png,32x32,candidate pack only
dynasty:leather_chestplate,item,src/main/resources/assets/dynasty/textures/item/leather_chestplate.png,32x32,legacy_pending,tools/art/gen_armor2.py:28,resource-pack/assets/dynasty/textures/item/leather_chestplate.png,32x32,candidate pack only
dynasty:leather_helmet,item,src/main/resources/assets/dynasty/textures/item/leather_helmet.png,32x32,legacy_pending,tools/art/gen_armor2.py:28,resource-pack/assets/dynasty/textures/item/leather_helmet.png,32x32,candidate pack only
dynasty:leather_leggings,item,src/main/resources/assets/dynasty/textures/item/leather_leggings.png,32x32,legacy_pending,tools/art/gen_armor2.py:28,resource-pack/assets/dynasty/textures/item/leather_leggings.png,32x32,candidate pack only
dynasty:leibu_seal,item,src/main/resources/assets/dynasty/textures/item/leibu_seal.png,128x128,completed_elsewhere,docs/art/school-accessories-v2/assets.json; docs/art/school-accessories-v2/after/leibu_seal.png; tools/art/gen_trinkets7.py:27,,,preserved
dynasty:leifu_staff,item,src/main/resources/assets/dynasty/textures/item/leifu_staff.png,128x128,completed_elsewhere,docs/art/realm-remaster-v4/weapons.json,,,preserved
dynasty:leiting_hammer,item,src/main/resources/assets/dynasty/textures/item/leiting_hammer.png,128x128,completed_elsewhere,docs/art/items-remaster-v2/after/leiting_hammer.png; docs/art/weapon-batch-01/prompts.json; tools/art/export_weapon_batch_01.sh,,,preserved
dynasty:leopard_tail,item,src/main/resources/assets/dynasty/textures/item/leopard_tail.png,32x32,legacy_pending,tools/art/gen_trinkets3.py:75,resource-pack/assets/dynasty/textures/item/leopard_tail.png,32x32,candidate pack only
dynasty:liancheng_tassel,item,src/main/resources/assets/dynasty/textures/item/liancheng_tassel.png,128x128,completed_elsewhere,docs/art/schools-remaster-v1/final-assets.json; docs/art/schools-remaster-v1/prompts.json,,,preserved
dynasty:lie_gong,item,src/main/resources/assets/dynasty/textures/item/lie_gong.png,32x32,legacy_pending,tools/art/gen_dynasty3.py:485,resource-pack/assets/dynasty/textures/item/lie_gong.png,32x32,candidate pack only
dynasty:lifedrain_ring,item,src/main/resources/assets/dynasty/textures/item/lifedrain_ring.png,32x32,legacy_pending,tools/art/gen_trinkets5.py:77,resource-pack/assets/dynasty/textures/item/lifedrain_ring.png,32x32,candidate pack only
dynasty:lingwen_pendant,item,src/main/resources/assets/dynasty/textures/item/lingwen_pendant.png,128x128,completed_elsewhere,docs/art/journey-polish-v4/assets.json; docs/art/journey-polish-v4/samples/lingwen_pendant.png; docs/art/school-accessories-v2/assets.json; docs/art/school-accessories-v2/after/lingwen_pendant.png; tools/art/gen_trinkets7.py:26,,,preserved
dynasty:liuyun_sword,item,src/main/resources/assets/dynasty/textures/item/liuyun_sword.png,128x128,completed_elsewhere,docs/art/schools-remaster-v1/final-assets.json; docs/art/schools-remaster-v1/prompts.json,,,preserved
dynasty:longevity_noodles,item,src/main/resources/assets/dynasty/textures/item/longevity_noodles.png,32x32,legacy_pending,tools/art/gen_items_more_food.py:102,resource-pack/assets/dynasty/textures/item/longevity_noodles.png,32x32,candidate pack only
dynasty:longyuan_sword,item,src/main/resources/assets/dynasty/textures/item/longyuan_sword.png,64x64,completed_elsewhere,docs/art/weapon-batch-01/prompts.json; tools/art/export_weapon_batch_01.sh,,,preserved
dynasty:lotus_cake,item,src/main/resources/assets/dynasty/textures/item/lotus_cake.png,32x32,legacy_pending,tools/art/gen_food2.py:60,resource-pack/assets/dynasty/textures/item/lotus_cake.png,32x32,candidate pack only
dynasty:luoyan_bow,item,src/main/resources/assets/dynasty/textures/item/luoyan_bow.png,32x32,legacy_pending,tools/art/gen_dynasty3.py:490,resource-pack/assets/dynasty/textures/item/luoyan_bow.png,32x32,candidate pack only
dynasty:mandarin_rank_badge,item,src/main/resources/assets/dynasty/textures/item/mandarin_rank_badge.png,32x32,legacy_pending,tools/art/gen_trinkets4.py:37,resource-pack/assets/dynasty/textures/item/mandarin_rank_badge.png,32x32,candidate pack only
dynasty:merit_badge,item,src/main/resources/assets/dynasty/textures/item/merit_badge.png,32x32,legacy_pending,tools/art/gen_trinkets2.py:37; tools/art/gen_trinkets4.py:37; tools/art/gen_trinkets5.py:114,resource-pack/assets/dynasty/textures/item/merit_badge.png,32x32,candidate pack only
dynasty:mingxian_ring,item,src/main/resources/assets/dynasty/textures/item/mingxian_ring.png,128x128,completed_elsewhere,docs/art/schools-remaster-v1/final-assets.json; docs/art/schools-remaster-v1/prompts.json,,,preserved
dynasty:mirror_pouch,item,src/main/resources/assets/dynasty/textures/item/mirror_pouch.png,32x32,legacy_pending,tools/art/gen_trinkets3.py:108,resource-pack/assets/dynasty/textures/item/mirror_pouch.png,32x32,candidate pack only
dynasty:moon_pendant,item,src/main/resources/assets/dynasty/textures/item/moon_pendant.png,128x128,completed_elsewhere,docs/art/boss-trinket-remaster-v1/after/moon_pendant.png; tools/art/gen_dynasty3.py:523; tools/art/gen_trinkets4.py:123; tools/art/gen_trinkets5.py:43,,,preserved
dynasty:mooncake,item,src/main/resources/assets/dynasty/textures/item/mooncake.png,32x32,legacy_pending,tools/art/gen_items_food.py:25,resource-pack/assets/dynasty/textures/item/mooncake.png,32x32,candidate pack only
dynasty:moonlit_mirror,item,src/main/resources/assets/dynasty/textures/item/moonlit_mirror.png,32x32,legacy_pending,tools/art/gen_trinkets5.py:46,resource-pack/assets/dynasty/textures/item/moonlit_mirror.png,32x32,candidate pack only
dynasty:mu_mao,item,src/main/resources/assets/dynasty/textures/item/mu_mao.png,32x32,legacy_pending,tools/art/gen_dynasty3.py:481,resource-pack/assets/dynasty/textures/item/mu_mao.png,32x32,candidate pack only
dynasty:nether_binding_ring,item,src/main/resources/assets/dynasty/textures/item/nether_binding_ring.png,32x32,legacy_pending,tools/art/gen_trinkets5.py:133,resource-pack/assets/dynasty/textures/item/nether_binding_ring.png,32x32,candidate pack only
dynasty:niangao,item,src/main/resources/assets/dynasty/textures/item/niangao.png,32x32,legacy_pending,tools/art/gen_items_more_food.py:44,resource-pack/assets/dynasty/textures/item/niangao.png,32x32,candidate pack only
dynasty:night_heron_feather,item,src/main/resources/assets/dynasty/textures/item/night_heron_feather.png,32x32,legacy_pending,tools/art/gen_trinkets5.py:52,resource-pack/assets/dynasty/textures/item/night_heron_feather.png,32x32,candidate pack only
dynasty:noon_pendant,item,src/main/resources/assets/dynasty/textures/item/noon_pendant.png,32x32,legacy_pending,tools/art/gen_trinkets5.py:43,resource-pack/assets/dynasty/textures/item/noon_pendant.png,32x32,candidate pack only
dynasty:official_seal,item,src/main/resources/assets/dynasty/textures/item/official_seal.png,32x32,legacy_pending,tools/art/gen_items_b.py:44; tools/art/gen_trinkets5.py:105,resource-pack/assets/dynasty/textures/item/official_seal.png,32x32,candidate pack only
dynasty:osmanthus_cake,item,src/main/resources/assets/dynasty/textures/item/osmanthus_cake.png,32x32,legacy_pending,tools/art/gen_items_more_food.py:58,resource-pack/assets/dynasty/textures/item/osmanthus_cake.png,32x32,candidate pack only
dynasty:peach_bun,item,src/main/resources/assets/dynasty/textures/item/peach_bun.png,32x32,legacy_pending,tools/art/gen_food2.py:49,resource-pack/assets/dynasty/textures/item/peach_bun.png,32x32,candidate pack only
dynasty:peach_sword,item,src/main/resources/assets/dynasty/textures/item/peach_sword.png,32x32,legacy_pending,tools/art/gen_trinkets3.py:115,resource-pack/assets/dynasty/textures/item/peach_sword.png,32x32,candidate pack only
dynasty:pearl_net_charm,item,src/main/resources/assets/dynasty/textures/item/pearl_net_charm.png,32x32,legacy_pending,tools/art/gen_trinkets4.py:117,resource-pack/assets/dynasty/textures/item/pearl_net_charm.png,32x32,candidate pack only
dynasty:phoenix_boots,item,src/main/resources/assets/dynasty/textures/item/phoenix_boots.png,32x32,legacy_pending,tools/art/gen_armor2.py:38; tools/art/gen_armor3.py:31,resource-pack/assets/dynasty/textures/item/phoenix_boots.png,32x32,candidate pack only
dynasty:phoenix_chestplate,item,src/main/resources/assets/dynasty/textures/item/phoenix_chestplate.png,32x32,legacy_pending,tools/art/gen_armor2.py:38; tools/art/gen_armor3.py:31,resource-pack/assets/dynasty/textures/item/phoenix_chestplate.png,32x32,candidate pack only
dynasty:phoenix_feather,item,src/main/resources/assets/dynasty/textures/item/phoenix_feather.png,32x32,legacy_pending,tools/art/gen_items_fix.py:63; tools/art/gen_weapons4.py:38; tools/art/gen_relic_materials.py:147; tools/art/gen_items_a.py:116,resource-pack/assets/dynasty/textures/item/phoenix_feather.png,32x32,candidate pack only
dynasty:phoenix_feather_charm,item,src/main/resources/assets/dynasty/textures/item/phoenix_feather_charm.png,128x128,completed_elsewhere,docs/art/items-remaster-v2/after/phoenix_feather_charm.png; tools/art/gen_trinkets2.py:27; tools/art/gen_trinkets3.py:71; tools/art/gen_trinkets4.py:63; tools/art/gen_items_trinkets.py:67,,,preserved
dynasty:phoenix_hairpin,item,src/main/resources/assets/dynasty/textures/item/phoenix_hairpin.png,128x128,completed_elsewhere,docs/art/items-remaster-v2/after/phoenix_hairpin.png; docs/art/readable-batch-02/prompts.json; tools/art/export_readable_batch_02.sh; tools/art/gen_trinkets4.py:31,,,preserved
dynasty:phoenix_helmet,item,src/main/resources/assets/dynasty/textures/item/phoenix_helmet.png,32x32,legacy_pending,tools/art/gen_armor2.py:38; tools/art/gen_armor3.py:31,resource-pack/assets/dynasty/textures/item/phoenix_helmet.png,32x32,candidate pack only
dynasty:phoenix_leggings,item,src/main/resources/assets/dynasty/textures/item/phoenix_leggings.png,32x32,legacy_pending,tools/art/gen_armor2.py:38; tools/art/gen_armor3.py:31,resource-pack/assets/dynasty/textures/item/phoenix_leggings.png,32x32,candidate pack only
dynasty:phoenix_ring,item,src/main/resources/assets/dynasty/textures/item/phoenix_ring.png,128x128,completed_elsewhere,docs/art/boss-trinket-remaster-v1/after/phoenix_ring.png; tools/art/gen_dynasty3.py:521,,,preserved
dynasty:phoenix_wing_charm,item,src/main/resources/assets/dynasty/textures/item/phoenix_wing_charm.png,32x32,legacy_pending,tools/art/gen_trinkets4.py:63,resource-pack/assets/dynasty/textures/item/phoenix_wing_charm.png,32x32,candidate pack only
dynasty:pickaxe_dragon_crystal,item,src/main/resources/assets/dynasty/textures/item/pickaxe_dragon_crystal.png,32x32,legacy_pending,tools/art/gen_items_fix.py:87; tools/art/gen_gear_weapons.py:77,resource-pack/assets/dynasty/textures/item/pickaxe_dragon_crystal.png,32x32,candidate pack only
dynasty:pickaxe_jade,item,src/main/resources/assets/dynasty/textures/item/pickaxe_jade.png,32x32,legacy_pending,tools/art/gen_items_fix.py:86; tools/art/gen_gear_weapons.py:76,resource-pack/assets/dynasty/textures/item/pickaxe_jade.png,32x32,candidate pack only
dynasty:pike_tassel,item,src/main/resources/assets/dynasty/textures/item/pike_tassel.png,32x32,legacy_pending,tools/art/gen_trinkets4.py:53,resource-pack/assets/dynasty/textures/item/pike_tassel.png,32x32,candidate pack only
dynasty:pill_focus,item,src/main/resources/assets/dynasty/textures/item/pill_focus.png,32x32,legacy_pending,tools/art/gen_items_potion.py:63,resource-pack/assets/dynasty/textures/item/pill_focus.png,32x32,candidate pack only
dynasty:pill_longevity,item,src/main/resources/assets/dynasty/textures/item/pill_longevity.png,32x32,legacy_pending,tools/art/gen_items_potion.py:62,resource-pack/assets/dynasty/textures/item/pill_longevity.png,32x32,candidate pack only
dynasty:poem_scroll,item,src/main/resources/assets/dynasty/textures/item/poem_scroll.png,32x32,legacy_pending,tools/art/gen_trinkets3.py:92; tools/art/gen_trinkets4.py:85,resource-pack/assets/dynasty/textures/item/poem_scroll.png,32x32,candidate pack only
dynasty:pojun_axe,item,src/main/resources/assets/dynasty/textures/item/pojun_axe.png,32x32,legacy_pending,tools/art/gen_weapons4.py:22; tools/art/gen_weapons.py:25; tools/art/gen_items_weapons2.py:85,resource-pack/assets/dynasty/textures/item/pojun_axe.png,32x32,candidate pack only
dynasty:pojun_ring,item,src/main/resources/assets/dynasty/textures/item/pojun_ring.png,128x128,completed_elsewhere,docs/art/school-accessories-v2/assets.json; docs/art/school-accessories-v2/after/pojun_ring.png; tools/art/gen_trinkets7.py:14,,,preserved
dynasty:purple_qi_pearl,item,src/main/resources/assets/dynasty/textures/item/purple_qi_pearl.png,32x32,legacy_pending,tools/art/gen_trinkets3.py:131,resource-pack/assets/dynasty/textures/item/purple_qi_pearl.png,32x32,candidate pack only
dynasty:qilin_boots,item,src/main/resources/assets/dynasty/textures/item/qilin_boots.png,32x32,legacy_pending,tools/art/gen_armor2.py:40,resource-pack/assets/dynasty/textures/item/qilin_boots.png,32x32,candidate pack only
dynasty:qilin_chestplate,item,src/main/resources/assets/dynasty/textures/item/qilin_chestplate.png,32x32,legacy_pending,tools/art/gen_armor2.py:40,resource-pack/assets/dynasty/textures/item/qilin_chestplate.png,32x32,candidate pack only
dynasty:qilin_helmet,item,src/main/resources/assets/dynasty/textures/item/qilin_helmet.png,32x32,legacy_pending,tools/art/gen_armor2.py:40,resource-pack/assets/dynasty/textures/item/qilin_helmet.png,32x32,candidate pack only
dynasty:qilin_hoof_charm,item,src/main/resources/assets/dynasty/textures/item/qilin_hoof_charm.png,32x32,legacy_pending,tools/art/gen_trinkets4.py:66,resource-pack/assets/dynasty/textures/item/qilin_hoof_charm.png,32x32,candidate pack only
dynasty:qilin_horn,item,src/main/resources/assets/dynasty/textures/item/qilin_horn.png,32x32,legacy_pending,tools/art/gen_items_fix.py:45; tools/art/gen_weapons4.py:23; tools/art/gen_items_a.py:103,resource-pack/assets/dynasty/textures/item/qilin_horn.png,32x32,candidate pack only
dynasty:qilin_horn_charm,item,src/main/resources/assets/dynasty/textures/item/qilin_horn_charm.png,32x32,legacy_pending,tools/art/gen_trinkets3.py:41; tools/art/gen_trinkets4.py:66; tools/art/gen_items_trinkets.py:76,resource-pack/assets/dynasty/textures/item/qilin_horn_charm.png,32x32,candidate pack only
dynasty:qilin_leggings,item,src/main/resources/assets/dynasty/textures/item/qilin_leggings.png,32x32,legacy_pending,tools/art/gen_armor2.py:40,resource-pack/assets/dynasty/textures/item/qilin_leggings.png,32x32,candidate pack only
dynasty:qilin_war_axe,item,src/main/resources/assets/dynasty/textures/item/qilin_war_axe.png,32x32,legacy_pending,tools/art/gen_weapons4.py:22,resource-pack/assets/dynasty/textures/item/qilin_war_axe.png,32x32,candidate pack only
dynasty:qinggang_sword,item,src/main/resources/assets/dynasty/textures/item/qinggang_sword.png,32x32,legacy_pending,tools/art/gen_weapons.py:24,resource-pack/assets/dynasty/textures/item/qinggang_sword.png,32x32,candidate pack only
dynasty:qinglong_boots,item,src/main/resources/assets/dynasty/textures/item/qinglong_boots.png,32x32,legacy_pending,tools/art/gen_armor3.py:33,resource-pack/assets/dynasty/textures/item/qinglong_boots.png,32x32,candidate pack only
dynasty:qinglong_chestplate,item,src/main/resources/assets/dynasty/textures/item/qinglong_chestplate.png,32x32,legacy_pending,tools/art/gen_armor3.py:33,resource-pack/assets/dynasty/textures/item/qinglong_chestplate.png,32x32,candidate pack only
dynasty:qinglong_dao,item,src/main/resources/assets/dynasty/textures/item/qinglong_dao.png,128x128,completed_elsewhere,tools/art/export_guanyu_weapons.sh,,,preserved
dynasty:qinglong_helmet,item,src/main/resources/assets/dynasty/textures/item/qinglong_helmet.png,32x32,legacy_pending,tools/art/gen_armor3.py:33,resource-pack/assets/dynasty/textures/item/qinglong_helmet.png,32x32,candidate pack only
dynasty:qinglong_leggings,item,src/main/resources/assets/dynasty/textures/item/qinglong_leggings.png,32x32,legacy_pending,tools/art/gen_armor3.py:33,resource-pack/assets/dynasty/textures/item/qinglong_leggings.png,32x32,candidate pack only
dynasty:qinglong_scale,item,src/main/resources/assets/dynasty/textures/item/qinglong_scale.png,32x32,legacy_pending,tools/art/gen_relic_materials.py:70,resource-pack/assets/dynasty/textures/item/qinglong_scale.png,32x32,candidate pack only
dynasty:qixing_sword_knot,item,src/main/resources/assets/dynasty/textures/item/qixing_sword_knot.png,128x128,completed_elsewhere,docs/art/school-accessories-v2/assets.json; docs/art/school-accessories-v2/after/qixing_sword_knot.png; tools/art/gen_trinkets7.py:17,,,preserved
dynasty:quickdraw_glove,item,src/main/resources/assets/dynasty/textures/item/quickdraw_glove.png,128x128,completed_elsewhere,docs/art/school-accessories-v2/remasters.json; docs/art/school-accessories-v2/after/quickdraw_glove.png; tools/art/gen_trinkets5.py:164,,,preserved
dynasty:rain_prayer_knot,item,src/main/resources/assets/dynasty/textures/item/rain_prayer_knot.png,32x32,legacy_pending,tools/art/gen_trinkets5.py:173,resource-pack/assets/dynasty/textures/item/rain_prayer_knot.png,32x32,candidate pack only
dynasty:ranging_compass_charm,item,src/main/resources/assets/dynasty/textures/item/ranging_compass_charm.png,32x32,legacy_pending,tools/art/gen_trinkets5.py:161,resource-pack/assets/dynasty/textures/item/ranging_compass_charm.png,32x32,candidate pack only
dynasty:raw_silk,item,src/main/resources/assets/dynasty/textures/item/raw_silk.png,32x32,legacy_pending,tools/art/gen_items_more_craft.py:20,resource-pack/assets/dynasty/textures/item/raw_silk.png,32x32,candidate pack only
dynasty:rebel_head,item,src/main/resources/assets/dynasty/textures/item/rebel_head.png,32x32,legacy_pending,tools/art/gen_dynasty3.py:503,resource-pack/assets/dynasty/textures/item/rebel_head.png,32x32,candidate pack only
dynasty:refined_steel,item,src/main/resources/assets/dynasty/textures/item/refined_steel.png,32x32,legacy_pending,tools/art/gen_dynasty3.py:502; tools/art/gen_trinkets7.py:14; tools/art/gen_weapons4.py:23; tools/art/gen_relic_materials.py:141,resource-pack/assets/dynasty/textures/item/refined_steel.png,32x32,candidate pack only
dynasty:return_talisman,item,src/main/resources/assets/dynasty/textures/item/return_talisman.png,32x32,legacy_pending,tools/art/gen_items_more_talisman.py:68,resource-pack/assets/dynasty/textures/item/return_talisman.png,32x32,candidate pack only
dynasty:rhino_horn,item,src/main/resources/assets/dynasty/textures/item/rhino_horn.png,32x32,legacy_pending,tools/art/gen_trinkets3.py:85,resource-pack/assets/dynasty/textures/item/rhino_horn.png,32x32,candidate pack only
dynasty:roast_duck,item,src/main/resources/assets/dynasty/textures/item/roast_duck.png,32x32,legacy_pending,tools/art/gen_items_more_food.py:86,resource-pack/assets/dynasty/textures/item/roast_duck.png,32x32,candidate pack only
dynasty:roof_tile,item,src/main/resources/assets/dynasty/textures/item/roof_tile.png,32x32,legacy_pending,tools/art/gen_items_more_craft.py:94,resource-pack/assets/dynasty/textures/item/roof_tile.png,32x32,candidate pack only
dynasty:saber_tassel,item,src/main/resources/assets/dynasty/textures/item/saber_tassel.png,32x32,legacy_pending,tools/art/gen_trinkets3.py:50; tools/art/gen_trinkets4.py:53; tools/art/gen_trinkets5.py:37,resource-pack/assets/dynasty/textures/item/saber_tassel.png,32x32,candidate pack only
dynasty:sacrificial_blade_charm,item,src/main/resources/assets/dynasty/textures/item/sacrificial_blade_charm.png,32x32,legacy_pending,tools/art/gen_trinkets5.py:130,resource-pack/assets/dynasty/textures/item/sacrificial_blade_charm.png,32x32,candidate pack only
dynasty:sanqing_talisman_chain,item,src/main/resources/assets/dynasty/textures/item/sanqing_talisman_chain.png,128x128,completed_elsewhere,docs/art/accessory-refining-v3/assets.json; docs/art/accessory-refining-v3/after/sanqing_talisman_chain.png; tools/art/gen_trinkets7.py:36,,,preserved
dynasty:scale_plate,item,src/main/resources/assets/dynasty/textures/item/scale_plate.png,128x128,completed_elsewhere,docs/art/school-accessories-v2/remasters.json; docs/art/school-accessories-v2/after/scale_plate.png; tools/art/gen_trinkets3.py:64; tools/art/gen_trinkets5.py:145,,,preserved
dynasty:scarlet_lotus,item,src/main/resources/assets/dynasty/textures/item/scarlet_lotus.png,32x32,legacy_pending,tools/art/gen_trinkets5.py:89,resource-pack/assets/dynasty/textures/item/scarlet_lotus.png,32x32,candidate pack only
dynasty:scholar_ink_badge,item,src/main/resources/assets/dynasty/textures/item/scholar_ink_badge.png,32x32,legacy_pending,tools/art/gen_trinkets4.py:91,resource-pack/assets/dynasty/textures/item/scholar_ink_badge.png,32x32,candidate pack only
dynasty:scroll_case_charm,item,src/main/resources/assets/dynasty/textures/item/scroll_case_charm.png,32x32,legacy_pending,tools/art/gen_trinkets4.py:85,resource-pack/assets/dynasty/textures/item/scroll_case_charm.png,32x32,candidate pack only
dynasty:sea_conch,item,src/main/resources/assets/dynasty/textures/item/sea_conch.png,32x32,legacy_pending,tools/art/gen_trinkets2.py:39; tools/art/gen_trinkets4.py:111; tools/art/gen_trinkets5.py:176,resource-pack/assets/dynasty/textures/item/sea_conch.png,32x32,candidate pack only
dynasty:sea_pearl,item,src/main/resources/assets/dynasty/textures/item/sea_pearl.png,32x32,legacy_pending,tools/art/gen_dragon_palace.py:88; tools/art/gen_trinkets2.py:39; tools/art/gen_trinkets3.py:131; tools/art/gen_trinkets4.py:117; tools/art/gen_trinkets5.py:154,resource-pack/assets/dynasty/textures/item/sea_pearl.png,32x32,candidate pack only
dynasty:sea_silk_boots,item,src/main/resources/assets/dynasty/textures/item/sea_silk_boots.png,32x32,legacy_pending,tools/art/gen_armor2.py:42; tools/art/gen_armor.py:24,resource-pack/assets/dynasty/textures/item/sea_silk_boots.png,32x32,candidate pack only
dynasty:sea_silk_chestplate,item,src/main/resources/assets/dynasty/textures/item/sea_silk_chestplate.png,32x32,legacy_pending,tools/art/gen_armor2.py:42; tools/art/gen_armor.py:24,resource-pack/assets/dynasty/textures/item/sea_silk_chestplate.png,32x32,candidate pack only
dynasty:sea_silk_helmet,item,src/main/resources/assets/dynasty/textures/item/sea_silk_helmet.png,32x32,legacy_pending,tools/art/gen_armor2.py:42; tools/art/gen_armor.py:24,resource-pack/assets/dynasty/textures/item/sea_silk_helmet.png,32x32,candidate pack only
dynasty:sea_silk_leggings,item,src/main/resources/assets/dynasty/textures/item/sea_silk_leggings.png,32x32,legacy_pending,tools/art/gen_armor2.py:42; tools/art/gen_armor.py:24,resource-pack/assets/dynasty/textures/item/sea_silk_leggings.png,32x32,candidate pack only
dynasty:sea_token,item,src/main/resources/assets/dynasty/textures/item/sea_token.png,32x32,legacy_pending,tools/art/gen_dragon_palace.py:87,resource-pack/assets/dynasty/textures/item/sea_token.png,32x32,candidate pack only
dynasty:sea_trident,item,src/main/resources/assets/dynasty/textures/item/sea_trident.png,32x32,legacy_pending,tools/art/gen_dragon_palace.py:88,resource-pack/assets/dynasty/textures/item/sea_trident.png,32x32,candidate pack only
dynasty:seal_charm,item,src/main/resources/assets/dynasty/textures/item/seal_charm.png,32x32,legacy_pending,tools/art/gen_trinkets3.py:94; tools/art/gen_trinkets5.py:111,resource-pack/assets/dynasty/textures/item/seal_charm.png,32x32,candidate pack only
dynasty:seal_of_two_heavens,item,src/main/resources/assets/dynasty/textures/item/seal_of_two_heavens.png,32x32,legacy_pending,tools/art/gen_trinkets5.py:117,resource-pack/assets/dynasty/textures/item/seal_of_two_heavens.png,32x32,candidate pack only
dynasty:sesame_ball,item,src/main/resources/assets/dynasty/textures/item/sesame_ball.png,32x32,legacy_pending,tools/art/gen_food2.py:71,resource-pack/assets/dynasty/textures/item/sesame_ball.png,32x32,candidate pack only
dynasty:seven_star_saber,item,src/main/resources/assets/dynasty/textures/item/seven_star_saber.png,128x128,completed_elsewhere,docs/art/items-remaster-v2/after/seven_star_saber.png; tools/art/gen_weapons4.py:34; tools/art/gen_weapons.py:29,,,preserved
dynasty:shanyue_bracelet,item,src/main/resources/assets/dynasty/textures/item/shanyue_bracelet.png,128x128,completed_elsewhere,docs/art/school-accessories-v2/assets.json; docs/art/school-accessories-v2/after/shanyue_bracelet.png; tools/art/gen_trinkets7.py:19,,,preserved
dynasty:shenbi_bow,item,src/main/resources/assets/dynasty/textures/item/shenbi_bow.png,128x128,completed_elsewhere,docs/art/realm-remaster-v4/weapons.json; tools/art/gen_dynasty3.py:489,,,preserved
dynasty:shenbi_bow_pulling_0,item,src/main/resources/assets/dynasty/textures/item/shenbi_bow_pulling_0.png,128x128,completed_elsewhere,docs/art/realm-remaster-v4/weapons.json,,,preserved
dynasty:shenbi_bow_pulling_1,item,src/main/resources/assets/dynasty/textures/item/shenbi_bow_pulling_1.png,128x128,completed_elsewhere,docs/art/realm-remaster-v4/weapons.json,,,preserved
dynasty:shenbi_bow_pulling_2,item,src/main/resources/assets/dynasty/textures/item/shenbi_bow_pulling_2.png,128x128,completed_elsewhere,docs/art/realm-remaster-v4/weapons.json,,,preserved
dynasty:shenji_quiver,item,src/main/resources/assets/dynasty/textures/item/shenji_quiver.png,128x128,completed_elsewhere,docs/art/school-accessories-v2/assets.json; docs/art/school-accessories-v2/after/shenji_quiver.png; tools/art/gen_trinkets7.py:23,,,preserved
dynasty:sheyue_thumbring,item,src/main/resources/assets/dynasty/textures/item/sheyue_thumbring.png,128x128,completed_elsewhere,docs/art/accessory-refining-v3/assets.json; docs/art/accessory-refining-v3/after/sheyue_thumbring.png; tools/art/gen_trinkets7.py:34,,,preserved
dynasty:shi_ge,item,src/main/resources/assets/dynasty/textures/item/shi_ge.png,32x32,legacy_pending,tools/art/gen_dynasty3.py:482,resource-pack/assets/dynasty/textures/item/shi_ge.png,32x32,candidate pack only
dynasty:siege_hammer_charm,item,src/main/resources/assets/dynasty/textures/item/siege_hammer_charm.png,32x32,legacy_pending,tools/art/gen_trinkets5.py:167,resource-pack/assets/dynasty/textures/item/siege_hammer_charm.png,32x32,candidate pack only
dynasty:silk,item,src/main/resources/assets/dynasty/textures/item/silk.png,32x32,legacy_pending,tools/art/gen_trinket_box.py:60; tools/art/gen_trinkets7.py:14; tools/art/gen_items_more_craft.py:29,resource-pack/assets/dynasty/textures/item/silk.png,32x32,candidate pack only
dynasty:silk_pouch,item,src/main/resources/assets/dynasty/textures/item/silk_pouch.png,32x32,legacy_pending,tools/art/gen_trinkets2.py:21; tools/art/gen_trinkets3.py:54; tools/art/gen_items_trinkets.py:100,resource-pack/assets/dynasty/textures/item/silk_pouch.png,32x32,candidate pack only
dynasty:silver_boots,item,src/main/resources/assets/dynasty/textures/item/silver_boots.png,32x32,legacy_pending,tools/art/gen_armor2.py:34,resource-pack/assets/dynasty/textures/item/silver_boots.png,32x32,candidate pack only
dynasty:silver_chestplate,item,src/main/resources/assets/dynasty/textures/item/silver_chestplate.png,32x32,legacy_pending,tools/art/gen_armor2.py:34,resource-pack/assets/dynasty/textures/item/silver_chestplate.png,32x32,candidate pack only
dynasty:silver_coin,item,src/main/resources/assets/dynasty/textures/item/silver_coin.png,32x32,legacy_pending,tools/art/gen_items_a.py:121,resource-pack/assets/dynasty/textures/item/silver_coin.png,32x32,candidate pack only
dynasty:silver_helmet,item,src/main/resources/assets/dynasty/textures/item/silver_helmet.png,32x32,legacy_pending,tools/art/gen_armor2.py:34,resource-pack/assets/dynasty/textures/item/silver_helmet.png,32x32,candidate pack only
dynasty:silver_ingot,item,src/main/resources/assets/dynasty/textures/item/silver_ingot.png,32x32,legacy_pending,tools/art/gen_items_a.py:126,resource-pack/assets/dynasty/textures/item/silver_ingot.png,32x32,candidate pack only
dynasty:silver_leggings,item,src/main/resources/assets/dynasty/textures/item/silver_leggings.png,32x32,legacy_pending,tools/art/gen_armor2.py:34,resource-pack/assets/dynasty/textures/item/silver_leggings.png,32x32,candidate pack only
dynasty:sitian_seal,item,src/main/resources/assets/dynasty/textures/item/sitian_seal.png,128x128,completed_elsewhere,docs/art/schools-remaster-v1/final-assets.json; docs/art/schools-remaster-v1/prompts.json,,,preserved
dynasty:sky_boots,item,src/main/resources/assets/dynasty/textures/item/sky_boots.png,128x128,completed_elsewhere,docs/art/build-feedback-v5/armor-assets.json; docs/art/build-feedback-v5/armor/sky_boots.png; docs/art/visual-feedback-v6/manifest.json; docs/art/visual-feedback-v6/item/sky_boots.png; tools/art/gen_armor2.py:42; tools/art/gen_armor3.py:37,,,preserved
dynasty:sky_chestplate,item,src/main/resources/assets/dynasty/textures/item/sky_chestplate.png,128x128,completed_elsewhere,docs/art/build-feedback-v5/armor-assets.json; docs/art/build-feedback-v5/armor/sky_chestplate.png; docs/art/visual-feedback-v6/manifest.json; docs/art/visual-feedback-v6/item/sky_chestplate.png; tools/art/gen_armor2.py:42; tools/art/gen_armor3.py:37,,,preserved
dynasty:sky_feather,item,src/main/resources/assets/dynasty/textures/item/sky_feather.png,32x32,legacy_pending,tools/art/gen_trinkets2.py:27; tools/art/gen_trinkets3.py:37; tools/art/gen_trinkets4.py:50,resource-pack/assets/dynasty/textures/item/sky_feather.png,32x32,candidate pack only
dynasty:sky_helmet,item,src/main/resources/assets/dynasty/textures/item/sky_helmet.png,128x128,completed_elsewhere,docs/art/build-feedback-v5/armor-assets.json; docs/art/build-feedback-v5/armor/sky_helmet.png; docs/art/visual-feedback-v6/manifest.json; docs/art/visual-feedback-v6/item/sky_helmet.png; tools/art/gen_armor2.py:42; tools/art/gen_armor3.py:37,,,preserved
dynasty:sky_leggings,item,src/main/resources/assets/dynasty/textures/item/sky_leggings.png,128x128,completed_elsewhere,docs/art/build-feedback-v5/armor-assets.json; docs/art/build-feedback-v5/armor/sky_leggings.png; docs/art/visual-feedback-v6/manifest.json; docs/art/visual-feedback-v6/item/sky_leggings.png; tools/art/gen_armor2.py:42; tools/art/gen_armor3.py:37,,,preserved
dynasty:sky_token,item,src/main/resources/assets/dynasty/textures/item/sky_token.png,32x32,legacy_pending,tools/art/gen_trinkets7.py:25,resource-pack/assets/dynasty/textures/item/sky_token.png,32x32,candidate pack only
dynasty:snake_gall,item,src/main/resources/assets/dynasty/textures/item/snake_gall.png,32x32,legacy_pending,tools/art/gen_trinkets3.py:79,resource-pack/assets/dynasty/textures/item/snake_gall.png,32x32,candidate pack only
dynasty:soul_candle_charm,item,src/main/resources/assets/dynasty/textures/item/soul_candle_charm.png,32x32,legacy_pending,tools/art/gen_trinkets5.py:95,resource-pack/assets/dynasty/textures/item/soul_candle_charm.png,32x32,candidate pack only
dynasty:soul_talisman,item,src/main/resources/assets/dynasty/textures/item/soul_talisman.png,32x32,legacy_pending,tools/art/gen_dynasty3.py:516,resource-pack/assets/dynasty/textures/item/soul_talisman.png,32x32,candidate pack only
dynasty:south_pointing_compass,item,src/main/resources/assets/dynasty/textures/item/south_pointing_compass.png,32x32,legacy_pending,tools/art/gen_trinkets2.py:23; tools/art/gen_trinkets4.py:120; tools/art/gen_trinkets5.py:161; tools/art/gen_items_trinkets.py:110,resource-pack/assets/dynasty/textures/item/south_pointing_compass.png,32x32,candidate pack only
dynasty:star_compass,item,src/main/resources/assets/dynasty/textures/item/star_compass.png,128x128,completed_elsewhere,docs/art/items-remaster-v2/after/star_compass.png; tools/art/gen_trinkets2.py:23; tools/art/gen_trinkets3.py:47; tools/art/gen_trinkets4.py:101,,,preserved
dynasty:star_diagram_charm,item,src/main/resources/assets/dynasty/textures/item/star_diagram_charm.png,32x32,legacy_pending,tools/art/gen_trinkets4.py:101,resource-pack/assets/dynasty/textures/item/star_diagram_charm.png,32x32,candidate pack only
dynasty:star_dial,item,src/main/resources/assets/dynasty/textures/item/star_dial.png,32x32,legacy_pending,tools/art/gen_trinkets3.py:125,resource-pack/assets/dynasty/textures/item/star_dial.png,32x32,candidate pack only
dynasty:starless_night_ring,item,src/main/resources/assets/dynasty/textures/item/starless_night_ring.png,32x32,legacy_pending,tools/art/gen_trinkets5.py:64,resource-pack/assets/dynasty/textures/item/starless_night_ring.png,32x32,candidate pack only
dynasty:stealth_talisman,item,src/main/resources/assets/dynasty/textures/item/stealth_talisman.png,32x32,legacy_pending,tools/art/gen_items_more_talisman.py:64,resource-pack/assets/dynasty/textures/item/stealth_talisman.png,32x32,candidate pack only
dynasty:storm_anchor_charm,item,src/main/resources/assets/dynasty/textures/item/storm_anchor_charm.png,32x32,legacy_pending,tools/art/gen_trinkets4.py:123,resource-pack/assets/dynasty/textures/item/storm_anchor_charm.png,32x32,candidate pack only
dynasty:storm_charm,item,src/main/resources/assets/dynasty/textures/item/storm_charm.png,32x32,completed_this_thread,docs/art/native16-rework-v11/candidate-manifest.json; tools/art/gen_dynasty3.py:522; tools/art/gen_trinkets3.py:127; tools/art/gen_trinkets4.py:95,,,preserved
dynasty:sun_chaser_ring,item,src/main/resources/assets/dynasty/textures/item/sun_chaser_ring.png,32x32,legacy_pending,tools/art/gen_trinkets5.py:49,resource-pack/assets/dynasty/textures/item/sun_chaser_ring.png,32x32,candidate pack only
dynasty:sun_feather,item,src/main/resources/assets/dynasty/textures/item/sun_feather.png,32x32,legacy_pending,tools/art/gen_dynasty3.py:530,resource-pack/assets/dynasty/textures/item/sun_feather.png,32x32,candidate pack only
dynasty:sunbow,item,src/main/resources/assets/dynasty/textures/item/sunbow.png,32x32,legacy_pending,tools/art/gen_weapons.py:28,resource-pack/assets/dynasty/textures/item/sunbow.png,32x32,candidate pack only
dynasty:supreme_sword,item,src/main/resources/assets/dynasty/textures/item/supreme_sword.png,32x32,legacy_pending,tools/art/gen_weapons.py:31,resource-pack/assets/dynasty/textures/item/supreme_sword.png,32x32,candidate pack only
dynasty:sweet_soup_cake,item,src/main/resources/assets/dynasty/textures/item/sweet_soup_cake.png,32x32,legacy_pending,tools/art/gen_food2.py:82,resource-pack/assets/dynasty/textures/item/sweet_soup_cake.png,32x32,candidate pack only
dynasty:sword_bronze,item,src/main/resources/assets/dynasty/textures/item/sword_bronze.png,32x32,legacy_pending,tools/art/gen_gear_weapons.py:72,resource-pack/assets/dynasty/textures/item/sword_bronze.png,32x32,candidate pack only
dynasty:sword_dragon_crystal,item,src/main/resources/assets/dynasty/textures/item/sword_dragon_crystal.png,128x128,completed_elsewhere,docs/art/realm-remaster-v4/weapons.json; tools/art/gen_gear_weapons.py:75; tools/art/gen_weapons.py:30,,,preserved
dynasty:sword_jade,item,src/main/resources/assets/dynasty/textures/item/sword_jade.png,32x32,legacy_pending,tools/art/gen_gear_weapons.py:74; tools/art/gen_weapons.py:24,resource-pack/assets/dynasty/textures/item/sword_jade.png,32x32,candidate pack only
dynasty:sword_silver,item,src/main/resources/assets/dynasty/textures/item/sword_silver.png,32x32,legacy_pending,tools/art/gen_gear_weapons.py:73; tools/art/gen_weapons.py:26,resource-pack/assets/dynasty/textures/item/sword_silver.png,32x32,candidate pack only
dynasty:sword_tassel,item,src/main/resources/assets/dynasty/textures/item/sword_tassel.png,128x128,completed_elsewhere,docs/art/school-accessories-v2/remasters.json; docs/art/school-accessories-v2/after/sword_tassel.png; tools/art/gen_trinkets3.py:52; tools/art/gen_trinkets5.py:130,,,preserved
dynasty:taiqing_talisman_case,item,src/main/resources/assets/dynasty/textures/item/taiqing_talisman_case.png,128x128,completed_elsewhere,docs/art/school-accessories-v2/assets.json; docs/art/school-accessories-v2/after/taiqing_talisman_case.png; tools/art/gen_trinkets7.py:29,,,preserved
dynasty:taiyi_boots,item,src/main/resources/assets/dynasty/textures/item/taiyi_boots.png,32x32,legacy_pending,tools/art/gen_armor3.py:43,resource-pack/assets/dynasty/textures/item/taiyi_boots.png,32x32,candidate pack only
dynasty:taiyi_chestplate,item,src/main/resources/assets/dynasty/textures/item/taiyi_chestplate.png,32x32,legacy_pending,tools/art/gen_armor3.py:43,resource-pack/assets/dynasty/textures/item/taiyi_chestplate.png,32x32,candidate pack only
dynasty:taiyi_helmet,item,src/main/resources/assets/dynasty/textures/item/taiyi_helmet.png,32x32,legacy_pending,tools/art/gen_armor3.py:43,resource-pack/assets/dynasty/textures/item/taiyi_helmet.png,32x32,candidate pack only
dynasty:taiyi_jade,item,src/main/resources/assets/dynasty/textures/item/taiyi_jade.png,32x32,legacy_pending,tools/art/gen_weapons4.py:26; tools/art/gen_relic_materials.py:107,resource-pack/assets/dynasty/textures/item/taiyi_jade.png,32x32,candidate pack only
dynasty:taiyi_leggings,item,src/main/resources/assets/dynasty/textures/item/taiyi_leggings.png,32x32,legacy_pending,tools/art/gen_armor3.py:43,resource-pack/assets/dynasty/textures/item/taiyi_leggings.png,32x32,candidate pack only
dynasty:taiyi_sword,item,src/main/resources/assets/dynasty/textures/item/taiyi_sword.png,128x128,completed_elsewhere,docs/art/items-remaster-v2/after/taiyi_sword.png; tools/art/gen_weapons4.py:25,,,preserved
dynasty:taiyi_whisk,item,src/main/resources/assets/dynasty/textures/item/taiyi_whisk.png,128x128,completed_elsewhere,docs/art/realm-remaster-v4/weapons.json,,,preserved
dynasty:talisman_paper,item,src/main/resources/assets/dynasty/textures/item/talisman_paper.png,32x32,legacy_pending,tools/art/gen_items_b.py:21; tools/art/gen_trinkets7.py:26; tools/art/gen_relic_materials.py:151,resource-pack/assets/dynasty/textures/item/talisman_paper.png,32x32,candidate pack only
dynasty:talisman_pouch,item,src/main/resources/assets/dynasty/textures/item/talisman_pouch.png,128x128,completed_elsewhere,docs/art/school-accessories-v2/remasters.json; docs/art/school-accessories-v2/after/talisman_pouch.png; tools/art/gen_trinkets3.py:117; tools/art/gen_trinkets5.py:74,,,preserved
dynasty:tang_dao,item,src/main/resources/assets/dynasty/textures/item/tang_dao.png,128x128,completed_elsewhere,docs/art/realm-remaster-v4/weapons.json; tools/art/gen_items_weapons2.py:34,,,preserved
dynasty:tangyuan,item,src/main/resources/assets/dynasty/textures/item/tangyuan.png,32x32,legacy_pending,tools/art/gen_items_more_food.py:31,resource-pack/assets/dynasty/textures/item/tangyuan.png,32x32,candidate pack only
dynasty:tayun_pendant,item,src/main/resources/assets/dynasty/textures/item/tayun_pendant.png,128x128,completed_elsewhere,docs/art/schools-remaster-v1/final-assets.json; docs/art/schools-remaster-v1/prompts.json,,,preserved
dynasty:tea,item,src/main/resources/assets/dynasty/textures/item/tea.png,32x32,legacy_pending,tools/art/gen_items_food.py:54; tools/art/gen_items_fix_b.py:46,resource-pack/assets/dynasty/textures/item/tea.png,32x32,candidate pack only
dynasty:tea_cup,item,src/main/resources/assets/dynasty/textures/item/tea_cup.png,32x32,legacy_pending,tools/art/gen_trinkets3.py:100,resource-pack/assets/dynasty/textures/item/tea_cup.png,32x32,candidate pack only
dynasty:throne_inheritance_charm,item,src/main/resources/assets/dynasty/textures/item/throne_inheritance_charm.png,32x32,legacy_pending,tools/art/gen_trinkets5.py:120,resource-pack/assets/dynasty/textures/item/throne_inheritance_charm.png,32x32,candidate pack only
dynasty:thunder_seal_charm,item,src/main/resources/assets/dynasty/textures/item/thunder_seal_charm.png,32x32,legacy_pending,tools/art/gen_trinkets4.py:95,resource-pack/assets/dynasty/textures/item/thunder_seal_charm.png,32x32,candidate pack only
dynasty:thunder_spear,item,src/main/resources/assets/dynasty/textures/item/thunder_spear.png,32x32,legacy_pending,tools/art/gen_weapons4.py:31,resource-pack/assets/dynasty/textures/item/thunder_spear.png,32x32,candidate pack only
dynasty:thunder_talisman,item,src/main/resources/assets/dynasty/textures/item/thunder_talisman.png,32x32,legacy_pending,tools/art/gen_items_more_talisman.py:67,resource-pack/assets/dynasty/textures/item/thunder_talisman.png,32x32,candidate pack only
dynasty:thunder_token,item,src/main/resources/assets/dynasty/textures/item/thunder_token.png,32x32,legacy_pending,tools/art/gen_weapons4.py:32; tools/art/gen_relic_materials.py:121,resource-pack/assets/dynasty/textures/item/thunder_token.png,32x32,candidate pack only
dynasty:tiangang_boots,item,src/main/resources/assets/dynasty/textures/item/tiangang_boots.png,32x32,legacy_pending,tools/art/gen_armor3.py:39,resource-pack/assets/dynasty/textures/item/tiangang_boots.png,32x32,candidate pack only
dynasty:tiangang_chestplate,item,src/main/resources/assets/dynasty/textures/item/tiangang_chestplate.png,32x32,legacy_pending,tools/art/gen_armor3.py:39,resource-pack/assets/dynasty/textures/item/tiangang_chestplate.png,32x32,candidate pack only
dynasty:tiangang_helmet,item,src/main/resources/assets/dynasty/textures/item/tiangang_helmet.png,32x32,legacy_pending,tools/art/gen_armor3.py:39,resource-pack/assets/dynasty/textures/item/tiangang_helmet.png,32x32,candidate pack only
dynasty:tiangang_leggings,item,src/main/resources/assets/dynasty/textures/item/tiangang_leggings.png,32x32,legacy_pending,tools/art/gen_armor3.py:39,resource-pack/assets/dynasty/textures/item/tiangang_leggings.png,32x32,candidate pack only
dynasty:tiangang_talisman,item,src/main/resources/assets/dynasty/textures/item/tiangang_talisman.png,32x32,legacy_pending,tools/art/gen_trinkets3.py:127,resource-pack/assets/dynasty/textures/item/tiangang_talisman.png,32x32,candidate pack only
dynasty:tianheng_sword_knot,item,src/main/resources/assets/dynasty/textures/item/tianheng_sword_knot.png,128x128,completed_elsewhere,docs/art/accessory-refining-v3/assets.json; docs/art/accessory-refining-v3/after/tianheng_sword_knot.png; tools/art/gen_trinkets7.py:31,,,preserved
dynasty:tianlang_bow,item,src/main/resources/assets/dynasty/textures/item/tianlang_bow.png,32x32,legacy_pending,tools/art/gen_dynasty3.py:491,resource-pack/assets/dynasty/textures/item/tianlang_bow.png,32x32,candidate pack only
dynasty:tianzi_sword,item,src/main/resources/assets/dynasty/textures/item/tianzi_sword.png,128x128,completed_elsewhere,tools/art/export_guanyu_weapons.sh; tools/art/gen_dynasty3.py:493; tools/art/gen_weapons.py:31,,,preserved
dynasty:tide_compass_charm,item,src/main/resources/assets/dynasty/textures/item/tide_compass_charm.png,32x32,legacy_pending,tools/art/gen_trinkets4.py:120,resource-pack/assets/dynasty/textures/item/tide_compass_charm.png,32x32,candidate pack only
dynasty:tie_jian,item,src/main/resources/assets/dynasty/textures/item/tie_jian.png,32x32,legacy_pending,tools/art/gen_dynasty3.py:484,resource-pack/assets/dynasty/textures/item/tie_jian.png,32x32,candidate pack only
dynasty:tiger_claw,item,src/main/resources/assets/dynasty/textures/item/tiger_claw.png,32x32,legacy_pending,tools/art/gen_trinkets3.py:73,resource-pack/assets/dynasty/textures/item/tiger_claw.png,32x32,candidate pack only
dynasty:tiger_crest,item,src/main/resources/assets/dynasty/textures/item/tiger_crest.png,32x32,legacy_pending,tools/art/gen_trinkets2.py:37; tools/art/gen_dynasty3.py:524; tools/art/gen_trinkets3.py:60; tools/art/gen_trinkets5.py:83,resource-pack/assets/dynasty/textures/item/tiger_crest.png,32x32,candidate pack only
dynasty:tiger_tally,item,src/main/resources/assets/dynasty/textures/item/tiger_tally.png,64x64,completed_elsewhere,docs/art/readable-batch-02/prompts.json; tools/art/export_readable_batch_02.sh; tools/art/gen_items_b.py:89; tools/art/gen_items_fix_b.py:64,,,preserved
dynasty:tiger_token,item,src/main/resources/assets/dynasty/textures/item/tiger_token.png,32x32,legacy_pending,tools/art/gen_dynasty3.py:529; tools/art/gen_trinkets3.py:73; tools/art/gen_trinkets4.py:59; tools/art/gen_trinkets5.py:71,resource-pack/assets/dynasty/textures/item/tiger_token.png,32x32,candidate pack only
dynasty:tomb_candle,item,src/main/resources/assets/dynasty/textures/item/tomb_candle.png,32x32,legacy_pending,tools/art/gen_trinkets2.py:31; tools/art/gen_trinkets3.py:129; tools/art/gen_trinkets5.py:95,resource-pack/assets/dynasty/textures/item/tomb_candle.png,32x32,candidate pack only
dynasty:tomb_warden_seal,item,src/main/resources/assets/dynasty/textures/item/tomb_warden_seal.png,32x32,legacy_pending,tools/art/gen_trinkets5.py:145,resource-pack/assets/dynasty/textures/item/tomb_warden_seal.png,32x32,candidate pack only
dynasty:tong_dao,item,src/main/resources/assets/dynasty/textures/item/tong_dao.png,32x32,legacy_pending,tools/art/gen_dynasty3.py:483; tools/art/gen_weapons.py:23,resource-pack/assets/dynasty/textures/item/tong_dao.png,32x32,candidate pack only
dynasty:trinket_box,item,src/main/resources/assets/dynasty/textures/item/trinket_box.png,32x32,legacy_pending,tools/art/gen_trinket_box.py:63; tools/art/gen_items_trinkets.py:124,resource-pack/assets/dynasty/textures/item/trinket_box.png,32x32,candidate pack only
dynasty:turtle_blood_charm,item,src/main/resources/assets/dynasty/textures/item/turtle_blood_charm.png,32x32,legacy_pending,tools/art/gen_trinkets4.py:69,resource-pack/assets/dynasty/textures/item/turtle_blood_charm.png,32x32,candidate pack only
dynasty:turtle_shell,item,src/main/resources/assets/dynasty/textures/item/turtle_shell.png,32x32,legacy_pending,tools/art/gen_trinkets3.py:83,resource-pack/assets/dynasty/textures/item/turtle_shell.png,32x32,candidate pack only
dynasty:twilight_cicada,item,src/main/resources/assets/dynasty/textures/item/twilight_cicada.png,32x32,legacy_pending,tools/art/gen_trinkets5.py:55,resource-pack/assets/dynasty/textures/item/twilight_cicada.png,32x32,candidate pack only
dynasty:unbroken_wall_charm,item,src/main/resources/assets/dynasty/textures/item/unbroken_wall_charm.png,32x32,legacy_pending,tools/art/gen_trinkets5.py:126,resource-pack/assets/dynasty/textures/item/unbroken_wall_charm.png,32x32,candidate pack only
dynasty:underworld_gate_key,item,src/main/resources/assets/dynasty/textures/item/underworld_gate_key.png,32x32,legacy_pending,tools/art/gen_trinkets5.py:157,resource-pack/assets/dynasty/textures/item/underworld_gate_key.png,32x32,candidate pack only
dynasty:vajra_talisman,item,src/main/resources/assets/dynasty/textures/item/vajra_talisman.png,32x32,legacy_pending,tools/art/gen_dynasty3.py:515,resource-pack/assets/dynasty/textures/item/vajra_talisman.png,32x32,candidate pack only
dynasty:wanjun_ring,item,src/main/resources/assets/dynasty/textures/item/wanjun_ring.png,128x128,completed_elsewhere,docs/art/accessory-refining-v3/assets.json; docs/art/accessory-refining-v3/after/wanjun_ring.png; docs/art/journey-polish-v4/assets.json; docs/art/journey-polish-v4/samples/wanjun_ring.png; tools/art/gen_trinkets7.py:30,,,preserved
dynasty:war_banner_charm,item,src/main/resources/assets/dynasty/textures/item/war_banner_charm.png,32x32,legacy_pending,tools/art/gen_trinkets4.py:47,resource-pack/assets/dynasty/textures/item/war_banner_charm.png,32x32,candidate pack only
dynasty:war_deity_signet,item,src/main/resources/assets/dynasty/textures/item/war_deity_signet.png,32x32,legacy_pending,tools/art/gen_trinkets5.py:123,resource-pack/assets/dynasty/textures/item/war_deity_signet.png,32x32,candidate pack only
dynasty:war_drum_charm,item,src/main/resources/assets/dynasty/textures/item/war_drum_charm.png,32x32,legacy_pending,tools/art/gen_dynasty3.py:526; tools/art/gen_trinkets4.py:47; tools/art/gen_trinkets5.py:167,resource-pack/assets/dynasty/textures/item/war_drum_charm.png,32x32,candidate pack only
dynasty:war_horse_bell,item,src/main/resources/assets/dynasty/textures/item/war_horse_bell.png,32x32,legacy_pending,tools/art/gen_dynasty3.py:531; tools/art/gen_trinkets3.py:68,resource-pack/assets/dynasty/textures/item/war_horse_bell.png,32x32,candidate pack only
dynasty:warlord_drum_charm,item,src/main/resources/assets/dynasty/textures/item/warlord_drum_charm.png,32x32,legacy_pending,tools/art/gen_trinkets5.py:188,resource-pack/assets/dynasty/textures/item/warlord_drum_charm.png,32x32,candidate pack only
dynasty:wind_talisman,item,src/main/resources/assets/dynasty/textures/item/wind_talisman.png,32x32,legacy_pending,tools/art/gen_items_more_talisman.py:63,resource-pack/assets/dynasty/textures/item/wind_talisman.png,32x32,candidate pack only
dynasty:wine,item,src/main/resources/assets/dynasty/textures/item/wine.png,32x32,legacy_pending,tools/art/gen_items_food.py:117,resource-pack/assets/dynasty/textures/item/wine.png,32x32,candidate pack only
dynasty:wine_gourd,item,src/main/resources/assets/dynasty/textures/item/wine_gourd.png,64x64,completed_elsewhere,docs/art/readable-batch-01/prompts.json; tools/art/export_readable_batch_01.sh; tools/art/gen_trinkets3.py:102; tools/art/gen_trinkets5.py:173,,,preserved
dynasty:wound_binder_charm,item,src/main/resources/assets/dynasty/textures/item/wound_binder_charm.png,32x32,legacy_pending,tools/art/gen_trinkets5.py:182,resource-pack/assets/dynasty/textures/item/wound_binder_charm.png,32x32,candidate pack only
dynasty:wrist_guard,item,src/main/resources/assets/dynasty/textures/item/wrist_guard.png,128x128,completed_elsewhere,docs/art/school-accessories-v2/remasters.json; docs/art/school-accessories-v2/after/wrist_guard.png; tools/art/gen_trinkets3.py:58; tools/art/gen_trinkets5.py:164,,,preserved
dynasty:wuqu_sword_knot,item,src/main/resources/assets/dynasty/textures/item/wuqu_sword_knot.png,128x128,completed_elsewhere,docs/art/school-accessories-v2/assets.json; docs/art/school-accessories-v2/after/wuqu_sword_knot.png; tools/art/gen_trinkets7.py:15,,,preserved
dynasty:xuanjia_clasp,item,src/main/resources/assets/dynasty/textures/item/xuanjia_clasp.png,128x128,completed_elsewhere,docs/art/school-accessories-v2/assets.json; docs/art/school-accessories-v2/after/xuanjia_clasp.png; tools/art/gen_trinkets7.py:18,,,preserved
dynasty:xuantian_axe,item,src/main/resources/assets/dynasty/textures/item/xuantian_axe.png,32x32,legacy_pending,tools/art/gen_dynasty3.py:492,resource-pack/assets/dynasty/textures/item/xuantian_axe.png,32x32,candidate pack only
dynasty:xuantian_boots,item,src/main/resources/assets/dynasty/textures/item/xuantian_boots.png,128x128,completed_elsewhere,docs/art/vanilla-materials-v7/manifest.json; docs/art/vanilla-materials-v7/item/xuantian_boots.png; tools/art/gen_armor2.py:51; tools/art/gen_armor3.py:43; tools/art/gen_armor.py:27,,,preserved
dynasty:xuantian_chestplate,item,src/main/resources/assets/dynasty/textures/item/xuantian_chestplate.png,128x128,completed_elsewhere,docs/art/vanilla-materials-v7/manifest.json; docs/art/vanilla-materials-v7/item/xuantian_chestplate.png; tools/art/gen_armor2.py:51; tools/art/gen_armor3.py:43; tools/art/gen_armor.py:27,,,preserved
dynasty:xuantian_helmet,item,src/main/resources/assets/dynasty/textures/item/xuantian_helmet.png,128x128,completed_elsewhere,docs/art/vanilla-materials-v7/manifest.json; docs/art/vanilla-materials-v7/item/xuantian_helmet.png; tools/art/gen_armor2.py:51; tools/art/gen_armor3.py:43; tools/art/gen_armor.py:27,,,preserved
dynasty:xuantian_jade,item,src/main/resources/assets/dynasty/textures/item/xuantian_jade.png,32x32,legacy_pending,tools/art/gen_dynasty3.py:507; tools/art/gen_trinkets7.py:17; tools/art/gen_weapons4.py:35; tools/art/gen_relic_materials.py:149,resource-pack/assets/dynasty/textures/item/xuantian_jade.png,32x32,candidate pack only
dynasty:xuantian_leggings,item,src/main/resources/assets/dynasty/textures/item/xuantian_leggings.png,128x128,completed_elsewhere,docs/art/vanilla-materials-v7/manifest.json; docs/art/vanilla-materials-v7/item/xuantian_leggings.png; tools/art/gen_armor2.py:51; tools/art/gen_armor3.py:43; tools/art/gen_armor.py:27,,,preserved
dynasty:xuanwu_blade,item,src/main/resources/assets/dynasty/textures/item/xuanwu_blade.png,128x128,completed_elsewhere,docs/art/realm-remaster-v4/weapons.json,,,preserved
dynasty:xuanwu_boots,item,src/main/resources/assets/dynasty/textures/item/xuanwu_boots.png,32x32,legacy_pending,tools/art/gen_armor3.py:29,resource-pack/assets/dynasty/textures/item/xuanwu_boots.png,32x32,candidate pack only
dynasty:xuanwu_chestplate,item,src/main/resources/assets/dynasty/textures/item/xuanwu_chestplate.png,32x32,legacy_pending,tools/art/gen_armor3.py:29,resource-pack/assets/dynasty/textures/item/xuanwu_chestplate.png,32x32,candidate pack only
dynasty:xuanwu_helmet,item,src/main/resources/assets/dynasty/textures/item/xuanwu_helmet.png,32x32,legacy_pending,tools/art/gen_armor3.py:29,resource-pack/assets/dynasty/textures/item/xuanwu_helmet.png,32x32,candidate pack only
dynasty:xuanwu_leggings,item,src/main/resources/assets/dynasty/textures/item/xuanwu_leggings.png,32x32,legacy_pending,tools/art/gen_armor3.py:29,resource-pack/assets/dynasty/textures/item/xuanwu_leggings.png,32x32,candidate pack only
dynasty:xuanwu_shell,item,src/main/resources/assets/dynasty/textures/item/xuanwu_shell.png,32x32,legacy_pending,tools/art/gen_relic_materials.py:57; tools/art/gen_trinkets5.py:126,resource-pack/assets/dynasty/textures/item/xuanwu_shell.png,32x32,candidate pack only
dynasty:xuanyue_armlet,item,src/main/resources/assets/dynasty/textures/item/xuanyue_armlet.png,128x128,completed_elsewhere,docs/art/school-accessories-v2/assets.json; docs/art/school-accessories-v2/after/xuanyue_armlet.png; tools/art/gen_trinkets7.py:21,,,preserved
dynasty:yanling_thumbring,item,src/main/resources/assets/dynasty/textures/item/yanling_thumbring.png,128x128,completed_elsewhere,docs/art/school-accessories-v2/assets.json; docs/art/school-accessories-v2/after/yanling_thumbring.png; tools/art/gen_trinkets7.py:22,,,preserved
dynasty:yitian_sword,item,src/main/resources/assets/dynasty/textures/item/yitian_sword.png,32x32,legacy_pending,tools/art/gen_weapons.py:26,resource-pack/assets/dynasty/textures/item/yitian_sword.png,32x32,candidate pack only
dynasty:yu_di,item,src/main/resources/assets/dynasty/textures/item/yu_di.png,32x32,legacy_pending,tools/art/gen_items_weapons2.py:64,resource-pack/assets/dynasty/textures/item/yu_di.png,32x32,candidate pack only
dynasty:yuchang_dagger,item,src/main/resources/assets/dynasty/textures/item/yuchang_dagger.png,128x128,completed_elsewhere,docs/art/items-remaster-v2/after/yuchang_dagger.png; tools/art/gen_weapons.py:23,,,preserved
dynasty:yuxu_talisman_case,item,src/main/resources/assets/dynasty/textures/item/yuxu_talisman_case.png,128x128,completed_elsewhere,docs/art/accessory-refining-v3/assets.json; docs/art/accessory-refining-v3/after/yuxu_talisman_case.png; tools/art/gen_trinkets7.py:37,,,preserved
dynasty:zen_bead_string,item,src/main/resources/assets/dynasty/textures/item/zen_bead_string.png,128x128,completed_elsewhere,docs/art/items-remaster-v2/after/zen_bead_string.png; tools/art/gen_trinkets4.py:104,,,preserved
dynasty:zhanma_dao,item,src/main/resources/assets/dynasty/textures/item/zhanma_dao.png,32x32,legacy_pending,tools/art/gen_weapons.py:22,resource-pack/assets/dynasty/textures/item/zhanma_dao.png,32x32,candidate pack only
dynasty:zhenguan_mirror,item,src/main/resources/assets/dynasty/textures/item/zhenguan_mirror.png,128x128,completed_elsewhere,docs/art/schools-remaster-v1/final-assets.json; docs/art/schools-remaster-v1/prompts.json,,,preserved
dynasty:zhenhai_heartguard,item,src/main/resources/assets/dynasty/textures/item/zhenhai_heartguard.png,128x128,completed_elsewhere,docs/art/accessory-refining-v3/assets.json; docs/art/accessory-refining-v3/after/zhenhai_heartguard.png; tools/art/gen_trinkets7.py:32,,,preserved
dynasty:zhenyue_blade,item,src/main/resources/assets/dynasty/textures/item/zhenyue_blade.png,128x128,completed_elsewhere,docs/art/schools-remaster-v1/final-assets.json; docs/art/schools-remaster-v1/prompts.json,,,preserved
dynasty:zhuiri_quiver,item,src/main/resources/assets/dynasty/textures/item/zhuiri_quiver.png,128x128,completed_elsewhere,docs/art/school-accessories-v2/assets.json; docs/art/school-accessories-v2/after/zhuiri_quiver.png; tools/art/gen_trinkets7.py:25,,,preserved
dynasty:zhuque_boots,item,src/main/resources/assets/dynasty/textures/item/zhuque_boots.png,32x32,legacy_pending,tools/art/gen_armor3.py:31,resource-pack/assets/dynasty/textures/item/zhuque_boots.png,32x32,candidate pack only
dynasty:zhuque_bow,item,src/main/resources/assets/dynasty/textures/item/zhuque_bow.png,32x32,legacy_pending,tools/art/gen_weapons4.py:37,resource-pack/assets/dynasty/textures/item/zhuque_bow.png,32x32,candidate pack only
dynasty:zhuque_chestplate,item,src/main/resources/assets/dynasty/textures/item/zhuque_chestplate.png,32x32,legacy_pending,tools/art/gen_armor3.py:31,resource-pack/assets/dynasty/textures/item/zhuque_chestplate.png,32x32,candidate pack only
dynasty:zhuque_fan,item,src/main/resources/assets/dynasty/textures/item/zhuque_fan.png,32x32,uncertain_preserve,,,,preserved
dynasty:zhuque_feather,item,src/main/resources/assets/dynasty/textures/item/zhuque_feather.png,32x32,legacy_pending,tools/art/gen_weapons4.py:38; tools/art/gen_relic_materials.py:94,resource-pack/assets/dynasty/textures/item/zhuque_feather.png,32x32,candidate pack only
dynasty:zhuque_helmet,item,src/main/resources/assets/dynasty/textures/item/zhuque_helmet.png,32x32,legacy_pending,tools/art/gen_armor3.py:31,resource-pack/assets/dynasty/textures/item/zhuque_helmet.png,32x32,candidate pack only
dynasty:zhuque_leggings,item,src/main/resources/assets/dynasty/textures/item/zhuque_leggings.png,32x32,legacy_pending,tools/art/gen_armor3.py:31,resource-pack/assets/dynasty/textures/item/zhuque_leggings.png,32x32,candidate pack only
dynasty:zhuxing_bow,item,src/main/resources/assets/dynasty/textures/item/zhuxing_bow.png,128x128,completed_elsewhere,docs/art/schools-remaster-v1/final-assets.json; docs/art/schools-remaster-v1/prompts.json,,,preserved
dynasty:zhuxing_bow_pulling_0,item,src/main/resources/assets/dynasty/textures/item/zhuxing_bow_pulling_0.png,128x128,completed_elsewhere,docs/art/schools-remaster-v1/final-assets.json,,,preserved
dynasty:zhuxing_bow_pulling_1,item,src/main/resources/assets/dynasty/textures/item/zhuxing_bow_pulling_1.png,128x128,completed_elsewhere,docs/art/schools-remaster-v1/final-assets.json,,,preserved
dynasty:zhuxing_bow_pulling_2,item,src/main/resources/assets/dynasty/textures/item/zhuxing_bow_pulling_2.png,128x128,completed_elsewhere,docs/art/schools-remaster-v1/final-assets.json,,,preserved
dynasty:ziwei_boots,item,src/main/resources/assets/dynasty/textures/item/ziwei_boots.png,32x32,legacy_pending,tools/art/gen_armor3.py:45,resource-pack/assets/dynasty/textures/item/ziwei_boots.png,32x32,candidate pack only
dynasty:ziwei_chestplate,item,src/main/resources/assets/dynasty/textures/item/ziwei_chestplate.png,32x32,legacy_pending,tools/art/gen_armor3.py:45,resource-pack/assets/dynasty/textures/item/ziwei_chestplate.png,32x32,candidate pack only
dynasty:ziwei_helmet,item,src/main/resources/assets/dynasty/textures/item/ziwei_helmet.png,32x32,legacy_pending,tools/art/gen_armor3.py:45,resource-pack/assets/dynasty/textures/item/ziwei_helmet.png,32x32,candidate pack only
dynasty:ziwei_leggings,item,src/main/resources/assets/dynasty/textures/item/ziwei_leggings.png,32x32,legacy_pending,tools/art/gen_armor3.py:45,resource-pack/assets/dynasty/textures/item/ziwei_leggings.png,32x32,candidate pack only
dynasty:ziwei_saber,item,src/main/resources/assets/dynasty/textures/item/ziwei_saber.png,32x32,legacy_pending,tools/art/gen_weapons4.py:34,resource-pack/assets/dynasty/textures/item/ziwei_saber.png,32x32,candidate pack only
dynasty:ziwei_talisman_chain,item,src/main/resources/assets/dynasty/textures/item/ziwei_talisman_chain.png,128x128,completed_elsewhere,docs/art/school-accessories-v2/assets.json; docs/art/school-accessories-v2/after/ziwei_talisman_chain.png; tools/art/gen_trinkets7.py:28,,,preserved
dynasty:zongzi,item,src/main/resources/assets/dynasty/textures/item/zongzi.png,32x32,legacy_pending,tools/art/gen_items_more_food.py:20,resource-pack/assets/dynasty/textures/item/zongzi.png,32x32,candidate pack only
dynasty:block/altar,block,src/main/resources/assets/dynasty/textures/block/altar.png,16x16,completed_elsewhere,docs/art/vanilla-v9/manifest.json,,,preserved
dynasty:block/bronze_block,block,src/main/resources/assets/dynasty/textures/block/bronze_block.png,16x16,completed_elsewhere,docs/art/vanilla-v9/manifest.json,,,preserved
dynasty:block/celestial_stone,block,src/main/resources/assets/dynasty/textures/block/celestial_stone.png,16x16,completed_elsewhere,docs/art/vanilla-v9/manifest.json,,,preserved
dynasty:block/chime_bell,block,src/main/resources/assets/dynasty/textures/block/chime_bell.png,16x16,completed_elsewhere,docs/art/vanilla-v9/manifest.json,,,preserved
dynasty:block/cloud_portal,block,src/main/resources/assets/dynasty/textures/block/cloud_portal.png,16x16,completed_elsewhere,docs/art/vanilla-v9/manifest.json,,,preserved
dynasty:block/cloud_stone,block,src/main/resources/assets/dynasty/textures/block/cloud_stone.png,16x16,completed_elsewhere,docs/art/vanilla-v9/manifest.json,,,preserved
dynasty:block/crimson_pillar_side,block,src/main/resources/assets/dynasty/textures/block/crimson_pillar_side.png,16x16,completed_elsewhere,docs/art/vanilla-v9/manifest.json,,,preserved
dynasty:block/crimson_pillar_top,block,src/main/resources/assets/dynasty/textures/block/crimson_pillar_top.png,16x16,completed_elsewhere,docs/art/vanilla-v9/manifest.json,,,preserved
dynasty:block/deepslate_jade_ore,block,src/main/resources/assets/dynasty/textures/block/deepslate_jade_ore.png,16x16,completed_elsewhere,docs/art/vanilla-v9/manifest.json,,,preserved
dynasty:block/dragon_crystal_ore,block,src/main/resources/assets/dynasty/textures/block/dragon_crystal_ore.png,16x16,completed_elsewhere,docs/art/vanilla-v9/manifest.json,,,preserved
dynasty:block/dragon_gate,block,src/main/resources/assets/dynasty/textures/block/dragon_gate.png,16x16,completed_elsewhere,docs/art/vanilla-v9/manifest.json,,,preserved
dynasty:block/dragon_throne,block,src/main/resources/assets/dynasty/textures/block/dragon_throne.png,16x16,completed_elsewhere,docs/art/vanilla-v9/manifest.json,,,preserved
dynasty:block/essence_condenser,block,src/main/resources/assets/dynasty/textures/block/essence_condenser.png,16x16,completed_elsewhere,docs/art/vanilla-v9/manifest.json,,,preserved
dynasty:block/imperial_lantern,block,src/main/resources/assets/dynasty/textures/block/imperial_lantern.png,16x16,completed_elsewhere,docs/art/vanilla-v9/manifest.json,,,preserved
dynasty:block/incense_burner,block,src/main/resources/assets/dynasty/textures/block/incense_burner.png,16x16,completed_elsewhere,docs/art/vanilla-v9/manifest.json,,,preserved
dynasty:block/jade_block,block,src/main/resources/assets/dynasty/textures/block/jade_block.png,16x16,completed_elsewhere,docs/art/vanilla-v9/manifest.json,,,preserved
dynasty:block/jade_mending_forge,block,src/main/resources/assets/dynasty/textures/block/jade_mending_forge.png,16x16,completed_elsewhere,docs/art/vanilla-v9/manifest.json,,,preserved
dynasty:block/jade_ore,block,src/main/resources/assets/dynasty/textures/block/jade_ore.png,16x16,completed_elsewhere,docs/art/vanilla-v9/manifest.json,,,preserved
dynasty:block/jade_portal,block,src/main/resources/assets/dynasty/textures/block/jade_portal.png,16x16,completed_elsewhere,docs/art/vanilla-v9/manifest.json,,,preserved
dynasty:block/jade_soil,block,src/main/resources/assets/dynasty/textures/block/jade_soil.png,16x16,completed_elsewhere,docs/art/vanilla-v9/manifest.json,,,preserved
dynasty:block/marble_block,block,src/main/resources/assets/dynasty/textures/block/marble_block.png,16x16,completed_elsewhere,docs/art/vanilla-v9/manifest.json,,,preserved
dynasty:block/marrow_vat,block,src/main/resources/assets/dynasty/textures/block/marrow_vat.png,16x16,completed_elsewhere,docs/art/vanilla-v9/manifest.json,,,preserved
dynasty:block/palace_bricks,block,src/main/resources/assets/dynasty/textures/block/palace_bricks.png,16x16,completed_elsewhere,docs/art/vanilla-v9/manifest.json,,,preserved
dynasty:block/pearl_sand,block,src/main/resources/assets/dynasty/textures/block/pearl_sand.png,16x16,completed_elsewhere,docs/art/vanilla-v9/manifest.json,,,preserved
dynasty:block/plaque,block,src/main/resources/assets/dynasty/textures/block/plaque.png,16x16,completed_elsewhere,docs/art/vanilla-v9/manifest.json,,,preserved
dynasty:block/ritual_altar,block,src/main/resources/assets/dynasty/textures/block/ritual_altar.png,16x16,completed_elsewhere,docs/art/vanilla-v9/manifest.json,,,preserved
dynasty:block/screen,block,src/main/resources/assets/dynasty/textures/block/screen.png,16x16,completed_elsewhere,docs/art/vanilla-v9/manifest.json,,,preserved
dynasty:block/spirit_soil,block,src/main/resources/assets/dynasty/textures/block/spirit_soil.png,16x16,completed_elsewhere,docs/art/vanilla-v9/manifest.json,,,preserved
dynasty:block/star_soil,block,src/main/resources/assets/dynasty/textures/block/star_soil.png,16x16,completed_elsewhere,docs/art/vanilla-v9/manifest.json,,,preserved
dynasty:block/taiko_drum,block,src/main/resources/assets/dynasty/textures/block/taiko_drum.png,16x16,completed_elsewhere,docs/art/vanilla-v9/manifest.json,,,preserved
dynasty:block/tidal_stone,block,src/main/resources/assets/dynasty/textures/block/tidal_stone.png,16x16,completed_elsewhere,docs/art/vanilla-v9/manifest.json,,,preserved
dynasty:block/underworld_portal,block,src/main/resources/assets/dynasty/textures/block/underworld_portal.png,16x16,completed_elsewhere,docs/art/vanilla-v9/manifest.json,,,preserved
dynasty:block/underworld_stone,block,src/main/resources/assets/dynasty/textures/block/underworld_stone.png,16x16,completed_elsewhere,docs/art/vanilla-v9/manifest.json,,,preserved
dynasty:block/vitality_shrine,block,src/main/resources/assets/dynasty/textures/block/vitality_shrine.png,16x16,completed_elsewhere,docs/art/vanilla-v9/manifest.json,,,preserved
dynasty:bounty_board,block,models/block/bounty_board.json (minecraft:block/bookshelf),16x16,confirmed temporary,docs/content/bounty-board-v1.md:178,resource-pack/assets/dynasty/models/block/bounty_board.json,5 x 16x16,candidate pack only
