index	block_id	pack	category	resource	size	rgba_sha256	jar
1	minecraft:bricks	原版 Minecraft 1.20.1	brick	assets/minecraft/textures/block/bricks.png	16x16	6487c6d03d9f172654f6849d2505dc12d8d1b7a6863a7d32693b4a8ba245469e	/Users/a15356015027/.gradle/caches/forge_gradle/minecraft_repo/versions/1.20.1/client-extra.jar
2	minecraft:cracked_deepslate_bricks	原版 Minecraft 1.20.1	brick	assets/minecraft/textures/block/cracked_deepslate_bricks.png	16x16	05607055d25d22e7dce3001c9d846c1b4aff34d9fbe9749f52ff280a81f7d884	/Users/a15356015027/.gradle/caches/forge_gradle/minecraft_repo/versions/1.20.1/client-extra.jar
3	minecraft:cracked_nether_bricks	原版 Minecraft 1.20.1	brick	assets/minecraft/textures/block/cracked_nether_bricks.png	16x16	132b58728709c38bf4f7badfefcb79c3398c21b8e2845feeeb9ea25aaba2162c	/Users/a15356015027/.gradle/caches/forge_gradle/minecraft_repo/versions/1.20.1/client-extra.jar
4	minecraft:end_stone_bricks	原版 Minecraft 1.20.1	brick	assets/minecraft/textures/block/end_stone_bricks.png	16x16	a865d9917be0b2176abd6bde7d48fb6d87906fe55812a0384d9d02b66484c058	/Users/a15356015027/.gradle/caches/forge_gradle/minecraft_repo/versions/1.20.1/client-extra.jar
5	minecraft:mossy_stone_bricks	原版 Minecraft 1.20.1	brick	assets/minecraft/textures/block/mossy_stone_bricks.png	16x16	46bd4c9173614b2fcd228472b0519a32823e72a981bb1ad7746b939bc8fcedf5	/Users/a15356015027/.gradle/caches/forge_gradle/minecraft_repo/versions/1.20.1/client-extra.jar
6	minecraft:polished_blackstone_bricks	原版 Minecraft 1.20.1	brick	assets/minecraft/textures/block/polished_blackstone_bricks.png	16x16	5fa51c80cf11917abe91e293cf1e0c3f5fca3e98b3893faef1a22943a481a1b9	/Users/a15356015027/.gradle/caches/forge_gradle/minecraft_repo/versions/1.20.1/client-extra.jar
7	minecraft:prismarine_bricks	原版 Minecraft 1.20.1	brick	assets/minecraft/textures/block/prismarine_bricks.png	16x16	4c4327a00d592bfcc3a8a6e1c074bed1c9da7422c39ba4bddd960325459d7ebc	/Users/a15356015027/.gradle/caches/forge_gradle/minecraft_repo/versions/1.20.1/client-extra.jar
8	minecraft:red_nether_bricks	原版 Minecraft 1.20.1	brick	assets/minecraft/textures/block/red_nether_bricks.png	16x16	c216ca3b2466f3619d8b59570f576585c88262712acc38baa70844bdb15c8b94	/Users/a15356015027/.gradle/caches/forge_gradle/minecraft_repo/versions/1.20.1/client-extra.jar
9	minecraft:stone_bricks	原版 Minecraft 1.20.1	brick	assets/minecraft/textures/block/stone_bricks.png	16x16	2718cf6835985ef3bd7621a4e51101b2343f86d864698f8ff1b7b2a0f4507eef	/Users/a15356015027/.gradle/caches/forge_gradle/minecraft_repo/versions/1.20.1/client-extra.jar
10	minecraft:cut_red_sandstone	原版 Minecraft 1.20.1	raw_stone	assets/minecraft/textures/block/cut_red_sandstone.png	16x16	193ad00ee4fcc95d0bc8151036b72339a586b18d089529e5f8f43c30e9ba9053	/Users/a15356015027/.gradle/caches/forge_gradle/minecraft_repo/versions/1.20.1/client-extra.jar
11	minecraft:cut_sandstone	原版 Minecraft 1.20.1	raw_stone	assets/minecraft/textures/block/cut_sandstone.png	16x16	103f369bcbb170a73a157c6ff2d6a2077eb2c48c625ebded03cb216f7e1cfc3f	/Users/a15356015027/.gradle/caches/forge_gradle/minecraft_repo/versions/1.20.1/client-extra.jar
12	minecraft:end_stone	原版 Minecraft 1.20.1	raw_stone	assets/minecraft/textures/block/end_stone.png	16x16	6c0f5fadd8f3372827dfb2167dedba7a885775748379cd3643a5bc4528f9a6c3	/Users/a15356015027/.gradle/caches/forge_gradle/minecraft_repo/versions/1.20.1/client-extra.jar
13	minecraft:grindstone	原版 Minecraft 1.20.1	raw_stone	assets/minecraft/textures/block/dark_oak_log.png	16x16	10f262977d6391c96d2e578443e15db2f3ba03585128d37a71f6ae14cb621ad9	/Users/a15356015027/.gradle/caches/forge_gradle/minecraft_repo/versions/1.20.1/client-extra.jar
14	minecraft:mossy_cobblestone	原版 Minecraft 1.20.1	raw_stone	assets/minecraft/textures/block/mossy_cobblestone.png	16x16	444cb91b061bf94865572a992306953cefb15ec9bd147e8cdd7b177193201cd3	/Users/a15356015027/.gradle/caches/forge_gradle/minecraft_repo/versions/1.20.1/client-extra.jar
15	minecraft:red_sandstone	原版 Minecraft 1.20.1	raw_stone	assets/minecraft/textures/block/red_sandstone.png	16x16	16d4858cd1ae425ba3c06e0850efdcf86303434fc238cf571c9e7ebfba41a777	/Users/a15356015027/.gradle/caches/forge_gradle/minecraft_repo/versions/1.20.1/client-extra.jar
16	minecraft:redstone_block	原版 Minecraft 1.20.1	raw_stone	assets/minecraft/textures/block/redstone_block.png	16x16	3105ea9e68551e3e07abeede1ef9c6ef51d405c753a88cd9b6a38cb039d47092	/Users/a15356015027/.gradle/caches/forge_gradle/minecraft_repo/versions/1.20.1/client-extra.jar
17	minecraft:tuff	原版 Minecraft 1.20.1	raw_stone	assets/minecraft/textures/block/tuff.png	16x16	d042882696e7d1048a4d95c85cc0a632ef15e4486e85228b863d378c47e1edba	/Users/a15356015027/.gradle/caches/forge_gradle/minecraft_repo/versions/1.20.1/client-extra.jar
18	minecraft:copper_ore	原版 Minecraft 1.20.1	ore	assets/minecraft/textures/block/copper_ore.png	16x16	cfce1de24e88045cf23e960cbca03f971ada8a5cfbb4470a6ae7959c5f68835a	/Users/a15356015027/.gradle/caches/forge_gradle/minecraft_repo/versions/1.20.1/client-extra.jar
19	minecraft:deepslate_copper_ore	原版 Minecraft 1.20.1	ore	assets/minecraft/textures/block/deepslate_copper_ore.png	16x16	a9631a09dafda04bba536edb72dbc1926c1fb8bcd53992bd10753e2d63f2baa2	/Users/a15356015027/.gradle/caches/forge_gradle/minecraft_repo/versions/1.20.1/client-extra.jar
20	minecraft:deepslate_diamond_ore	原版 Minecraft 1.20.1	ore	assets/minecraft/textures/block/deepslate_diamond_ore.png	16x16	c9735e3476ee12c3fdbbd8a9292a8a5b24f78d7d71c6e71e8029ebfba60846fa	/Users/a15356015027/.gradle/caches/forge_gradle/minecraft_repo/versions/1.20.1/client-extra.jar
21	minecraft:deepslate_emerald_ore	原版 Minecraft 1.20.1	ore	assets/minecraft/textures/block/deepslate_emerald_ore.png	16x16	72f0883e0b81367df0dd4f5f55f78d29e62b6af308fd5e458014980e97f0beab	/Users/a15356015027/.gradle/caches/forge_gradle/minecraft_repo/versions/1.20.1/client-extra.jar
22	minecraft:diamond_ore	原版 Minecraft 1.20.1	ore	assets/minecraft/textures/block/diamond_ore.png	16x16	aa7117a3f334b31da9fee30944939ca4ff68cd8fb7b3f27dd704e570125d5067	/Users/a15356015027/.gradle/caches/forge_gradle/minecraft_repo/versions/1.20.1/client-extra.jar
23	minecraft:nether_gold_ore	原版 Minecraft 1.20.1	ore	assets/minecraft/textures/block/nether_gold_ore.png	16x16	cd33fa0d26de83aed270217dca8953ec416578f6fd9950e810bb4563d3a95d94	/Users/a15356015027/.gradle/caches/forge_gradle/minecraft_repo/versions/1.20.1/client-extra.jar
24	minecraft:nether_quartz_ore	原版 Minecraft 1.20.1	ore	assets/minecraft/textures/block/nether_quartz_ore.png	16x16	6c1502f8c5f205e9f05e68ad392d656169f016aa573b3fa91dfdc366adaeea79	/Users/a15356015027/.gradle/caches/forge_gradle/minecraft_repo/versions/1.20.1/client-extra.jar
25	minecraft:redstone_ore	原版 Minecraft 1.20.1	ore	assets/minecraft/textures/block/redstone_ore.png	16x16	d95458fcf98972eec9f9df42839b158c43a63d90dfca60c9db9bcc9ec0d89b05	/Users/a15356015027/.gradle/caches/forge_gradle/minecraft_repo/versions/1.20.1/client-extra.jar
26	minecraft:barrel	原版 Minecraft 1.20.1	functional	assets/minecraft/textures/block/barrel_side.png	16x16	b5d01115c72d3f3ac27192db18f36b5693bb306c56bc50d3057f7a4baf73a785	/Users/a15356015027/.gradle/caches/forge_gradle/minecraft_repo/versions/1.20.1/client-extra.jar
27	minecraft:blast_furnace	原版 Minecraft 1.20.1	functional	assets/minecraft/textures/block/blast_furnace_front.png	16x16	b08dbbdcaf57c23fc8126b8aea6538fc6e291eeb6d246e3ae3fdd29dbed1d16a	/Users/a15356015027/.gradle/caches/forge_gradle/minecraft_repo/versions/1.20.1/client-extra.jar
28	minecraft:cartography_table	原版 Minecraft 1.20.1	functional	assets/minecraft/textures/block/cartography_table_side3.png	16x16	f02d050716933f6ec7a8d160989df36ef12994670238e5fa5f27258304e78e31	/Users/a15356015027/.gradle/caches/forge_gradle/minecraft_repo/versions/1.20.1/client-extra.jar
29	minecraft:crafting_table	原版 Minecraft 1.20.1	functional	assets/minecraft/textures/block/crafting_table_front.png	16x16	020698b0e1e5230dac60a1a04eaa886518d46aed88c9390310dcba2db086709d	/Users/a15356015027/.gradle/caches/forge_gradle/minecraft_repo/versions/1.20.1/client-extra.jar
30	minecraft:damaged_anvil	原版 Minecraft 1.20.1	functional	assets/minecraft/textures/block/anvil.png	16x16	9f1143e578b309dcd501e90d7dc5a926114c1d88dc1b97a96d807fa5a93e21d0	/Users/a15356015027/.gradle/caches/forge_gradle/minecraft_repo/versions/1.20.1/client-extra.jar
31	minecraft:dispenser	原版 Minecraft 1.20.1	functional	assets/minecraft/textures/block/dispenser_front.png	16x16	b25b1e2532c46293f685db1f168b868c311d4dd934f92217dd945502fd7abac7	/Users/a15356015027/.gradle/caches/forge_gradle/minecraft_repo/versions/1.20.1/client-extra.jar
32	minecraft:dropper	原版 Minecraft 1.20.1	functional	assets/minecraft/textures/block/dropper_front.png	16x16	c7a4199d043c3f9d21eed3d75ff223f063454c0fb126d7ab3682f14c1f5dc737	/Users/a15356015027/.gradle/caches/forge_gradle/minecraft_repo/versions/1.20.1/client-extra.jar
33	minecraft:furnace	原版 Minecraft 1.20.1	functional	assets/minecraft/textures/block/furnace_front.png	16x16	f7b868c6fd23e7c1390e10c010065f1d0c6450dabfb50d9865bcab6eff05db41	/Users/a15356015027/.gradle/caches/forge_gradle/minecraft_repo/versions/1.20.1/client-extra.jar
34	minecraft:acacia_log	原版 Minecraft 1.20.1	wood	assets/minecraft/textures/block/acacia_log.png	16x16	f881abadb4a41c0e2ae1bbbc88c380b689d2218b53c5d0d6ee7a5c528dfc4961	/Users/a15356015027/.gradle/caches/forge_gradle/minecraft_repo/versions/1.20.1/client-extra.jar
35	minecraft:bamboo_mosaic	原版 Minecraft 1.20.1	wood	assets/minecraft/textures/block/bamboo_mosaic.png	16x16	33e3f27cfebf54040f2a58b28a09f768d0719a09e06ba43f533b56bdc8e343ca	/Users/a15356015027/.gradle/caches/forge_gradle/minecraft_repo/versions/1.20.1/client-extra.jar
36	minecraft:jungle_planks	原版 Minecraft 1.20.1	wood	assets/minecraft/textures/block/jungle_planks.png	16x16	f8540f6d483fb18c7b3f4a67b196ba835264297c8eed4520b86505d5b3f91253	/Users/a15356015027/.gradle/caches/forge_gradle/minecraft_repo/versions/1.20.1/client-extra.jar
37	minecraft:stripped_cherry_log	原版 Minecraft 1.20.1	wood	assets/minecraft/textures/block/stripped_cherry_log.png	16x16	2bd05665d21370217ba69711b669591312d27486f5cd2562af062f3b7b6bb19e	/Users/a15356015027/.gradle/caches/forge_gradle/minecraft_repo/versions/1.20.1/client-extra.jar
38	minecraft:stripped_dark_oak_wood	原版 Minecraft 1.20.1	wood	assets/minecraft/textures/block/stripped_dark_oak_log.png	16x16	cfbe59b98cffcfa41208f58c7e163cd4a77ca3d136d28e1affa6367cd4e39a79	/Users/a15356015027/.gradle/caches/forge_gradle/minecraft_repo/versions/1.20.1/client-extra.jar
39	minecraft:stripped_jungle_wood	原版 Minecraft 1.20.1	wood	assets/minecraft/textures/block/stripped_jungle_log.png	16x16	6b15fc5660ca55ed52dbee22cb06979f7337444f266f619b34f83e377e321f75	/Users/a15356015027/.gradle/caches/forge_gradle/minecraft_repo/versions/1.20.1/client-extra.jar
40	minecraft:warped_planks	原版 Minecraft 1.20.1	wood	assets/minecraft/textures/block/warped_planks.png	16x16	be8b1c999136dfc91d7a4dbdd252e4fb4385d77d7db3c509de3683512a8c2ea6	/Users/a15356015027/.gradle/caches/forge_gradle/minecraft_repo/versions/1.20.1/client-extra.jar
41	minecraft:copper_block	原版 Minecraft 1.20.1	metal	assets/minecraft/textures/block/copper_block.png	16x16	b7c718b51748e8d8f4130fb37b7df9846623ba65beebf8d056bd3216bc4b2a54	/Users/a15356015027/.gradle/caches/forge_gradle/minecraft_repo/versions/1.20.1/client-extra.jar
42	minecraft:exposed_cut_copper	原版 Minecraft 1.20.1	metal	assets/minecraft/textures/block/exposed_cut_copper.png	16x16	e9c3e0b39bd83c45ff3f47d78f24e1fa19392ed052693fad4e5ca15ec61336f5	/Users/a15356015027/.gradle/caches/forge_gradle/minecraft_repo/versions/1.20.1/client-extra.jar
43	minecraft:iron_block	原版 Minecraft 1.20.1	metal	assets/minecraft/textures/block/iron_block.png	16x16	35f208f3b1ac258f24dd4abd4ed994ee2caf627016c67bc0f2cc2d365a9fb5c3	/Users/a15356015027/.gradle/caches/forge_gradle/minecraft_repo/versions/1.20.1/client-extra.jar
44	minecraft:oxidized_cut_copper	原版 Minecraft 1.20.1	metal	assets/minecraft/textures/block/oxidized_cut_copper.png	16x16	5adcfb7a98f9e8333d763e78d93752123f1ce5565ab5816e5727fd3a13f5458f	/Users/a15356015027/.gradle/caches/forge_gradle/minecraft_repo/versions/1.20.1/client-extra.jar
45	minecraft:raw_copper_block	原版 Minecraft 1.20.1	metal	assets/minecraft/textures/block/raw_copper_block.png	16x16	9dea5a0c3b04d849001748e79ad0c19de6d6929c47f2c1a006c27a04de04a71c	/Users/a15356015027/.gradle/caches/forge_gradle/minecraft_repo/versions/1.20.1/client-extra.jar
46	minecraft:raw_iron_block	原版 Minecraft 1.20.1	metal	assets/minecraft/textures/block/raw_iron_block.png	16x16	c1fd1f2ddf46570b714d60fa0c7009f61454dfea17939542508700bb18a1a17e	/Users/a15356015027/.gradle/caches/forge_gradle/minecraft_repo/versions/1.20.1/client-extra.jar
47	minecraft:weathered_copper	原版 Minecraft 1.20.1	metal	assets/minecraft/textures/block/weathered_copper.png	16x16	0592f50b90c930ee72f2574966707e0d219f243989ad4b147c182ef204a2b115	/Users/a15356015027/.gradle/caches/forge_gradle/minecraft_repo/versions/1.20.1/client-extra.jar
48	minecraft:weathered_cut_copper	原版 Minecraft 1.20.1	metal	assets/minecraft/textures/block/weathered_cut_copper.png	16x16	f0b710598a2a0606f6493903cdbd36b0fcf89ff07be147258cf37206092f5a9e	/Users/a15356015027/.gradle/caches/forge_gradle/minecraft_repo/versions/1.20.1/client-extra.jar
49	minecraft:carved_pumpkin	原版 Minecraft 1.20.1	carved	assets/minecraft/textures/block/carved_pumpkin.png	16x16	4831c36b408b8aeb7baabf8d7d9ada9cc3f8a915ae0ef914300fb62d75c9794a	/Users/a15356015027/.gradle/caches/forge_gradle/minecraft_repo/versions/1.20.1/client-extra.jar
50	minecraft:chiseled_bookshelf	原版 Minecraft 1.20.1	carved	assets/minecraft/textures/block/chiseled_bookshelf_empty.png	16x16	f98f167cbefcff6a2e57accf0acd1b25e578c9f16fd1ab21248240029e41c789	/Users/a15356015027/.gradle/caches/forge_gradle/minecraft_repo/versions/1.20.1/client-extra.jar
51	minecraft:chiseled_deepslate	原版 Minecraft 1.20.1	carved	assets/minecraft/textures/block/chiseled_deepslate.png	16x16	f480db1b6456f1b527c99cbca3d5c6087eabe3db316bd85c0a22e1fad86473d6	/Users/a15356015027/.gradle/caches/forge_gradle/minecraft_repo/versions/1.20.1/client-extra.jar
52	minecraft:chiseled_nether_bricks	原版 Minecraft 1.20.1	carved	assets/minecraft/textures/block/chiseled_nether_bricks.png	16x16	d5be5d93aee4703057cc44bcb4db3133562f1193ff7270264ab55fb7590364b7	/Users/a15356015027/.gradle/caches/forge_gradle/minecraft_repo/versions/1.20.1/client-extra.jar
53	minecraft:chiseled_polished_blackstone	原版 Minecraft 1.20.1	carved	assets/minecraft/textures/block/chiseled_polished_blackstone.png	16x16	4dbf3e7d8819c560b95b5a8c8bb9cc31bb98ed3b3b568e96a6bbebc7d8ce5dc1	/Users/a15356015027/.gradle/caches/forge_gradle/minecraft_repo/versions/1.20.1/client-extra.jar
54	minecraft:chiseled_quartz_block	原版 Minecraft 1.20.1	carved	assets/minecraft/textures/block/chiseled_quartz_block.png	16x16	7998ba65b7a5d6a028a4564f4bccc3ed9474d4f8c367b923adc68087cdf37ee8	/Users/a15356015027/.gradle/caches/forge_gradle/minecraft_repo/versions/1.20.1/client-extra.jar
55	minecraft:chiseled_red_sandstone	原版 Minecraft 1.20.1	carved	assets/minecraft/textures/block/chiseled_red_sandstone.png	16x16	6ccb0dd468d87a8b8107c38ba6d7bf50c10044a5d6fdee51947f12241c5e3a0f	/Users/a15356015027/.gradle/caches/forge_gradle/minecraft_repo/versions/1.20.1/client-extra.jar
56	minecraft:chiseled_stone_bricks	原版 Minecraft 1.20.1	carved	assets/minecraft/textures/block/chiseled_stone_bricks.png	16x16	caad426e553aa6b6320bc06076a3638c535f185b736ab27b3fe3b8809964571b	/Users/a15356015027/.gradle/caches/forge_gradle/minecraft_repo/versions/1.20.1/client-extra.jar
57	minecraft:deepslate_tiles	原版 Minecraft 1.20.1	tile	assets/minecraft/textures/block/deepslate_tiles.png	16x16	a166d37da5328bf5f7f1ea6f69642d0e9a32edb8ccb6e0a7d644e3dbdf3a8efd	/Users/a15356015027/.gradle/caches/forge_gradle/minecraft_repo/versions/1.20.1/client-extra.jar
58	minecraft:polished_basalt	原版 Minecraft 1.20.1	tile	assets/minecraft/textures/block/polished_basalt_side.png	16x16	9e36180572b86cf9bd386933ea085d181a6e9c2739f01452bf024ad7d05cd0f6	/Users/a15356015027/.gradle/caches/forge_gradle/minecraft_repo/versions/1.20.1/client-extra.jar
59	minecraft:polished_blackstone	原版 Minecraft 1.20.1	tile	assets/minecraft/textures/block/polished_blackstone.png	16x16	fcb94543f7d3d393725e19cb2068997a35c2e05bae5662b477943e0c3ef069c2	/Users/a15356015027/.gradle/caches/forge_gradle/minecraft_repo/versions/1.20.1/client-extra.jar
60	minecraft:polished_diorite	原版 Minecraft 1.20.1	tile	assets/minecraft/textures/block/polished_diorite.png	16x16	43b015eb7b9bbf636ed393c106172081e58c7bbaaaabf8417ff9896919a3716e	/Users/a15356015027/.gradle/caches/forge_gradle/minecraft_repo/versions/1.20.1/client-extra.jar
61	minecraft:polished_granite	原版 Minecraft 1.20.1	tile	assets/minecraft/textures/block/polished_granite.png	16x16	0e76ae08b22b6910c33fabb86c7305edcce505ab6565434d4a19d5f76b705728	/Users/a15356015027/.gradle/caches/forge_gradle/minecraft_repo/versions/1.20.1/client-extra.jar
62	minecraft:purpur_pillar	原版 Minecraft 1.20.1	tile	assets/minecraft/textures/block/purpur_pillar.png	16x16	f871d0ce840b28499597f2996aad03401ce6b4d6466e1f05882dba1a1defca91	/Users/a15356015027/.gradle/caches/forge_gradle/minecraft_repo/versions/1.20.1/client-extra.jar
63	minecraft:quartz_pillar	原版 Minecraft 1.20.1	tile	assets/minecraft/textures/block/quartz_pillar.png	16x16	1bd4ecfab773aa5d7ce122692888af941563b65e83a010ed6bf0cc423c1dcfe9	/Users/a15356015027/.gradle/caches/forge_gradle/minecraft_repo/versions/1.20.1/client-extra.jar
64	minecraft:smooth_red_sandstone	原版 Minecraft 1.20.1	tile	assets/minecraft/textures/block/red_sandstone_top.png	16x16	35310994c9a7f300e7d16ebf07ec078356b5d0777cb9faac9f9c957f1360d294	/Users/a15356015027/.gradle/caches/forge_gradle/minecraft_repo/versions/1.20.1/client-extra.jar
65	minecraft:calcite	原版 Minecraft 1.20.1	natural	assets/minecraft/textures/block/calcite.png	16x16	7922316ad35106c5164268a8f8a001174e70dfe54f80a499deb11b55f04ea47d	/Users/a15356015027/.gradle/caches/forge_gradle/minecraft_repo/versions/1.20.1/client-extra.jar
66	minecraft:clay	原版 Minecraft 1.20.1	natural	assets/minecraft/textures/block/clay.png	16x16	498efc5f35930c57c349f84ef4a5d0aaed89b06980d8c761c863d7349b2885c1	/Users/a15356015027/.gradle/caches/forge_gradle/minecraft_repo/versions/1.20.1/client-extra.jar
67	minecraft:dirt	原版 Minecraft 1.20.1	natural	assets/minecraft/textures/block/dirt.png	16x16	327b802852d3662bb8bded6acd1cfbd559be990d521d2609ec1a91de6f27b4c9	/Users/a15356015027/.gradle/caches/forge_gradle/minecraft_repo/versions/1.20.1/client-extra.jar
68	minecraft:moss_block	原版 Minecraft 1.20.1	natural	assets/minecraft/textures/block/moss_block.png	16x16	94985f5c8055ce442fdcaf995a5d9d70a0ae6a40d594549303ad4fe1c0aa0460	/Users/a15356015027/.gradle/caches/forge_gradle/minecraft_repo/versions/1.20.1/client-extra.jar
69	minecraft:repeater	原版 Minecraft 1.20.1	natural	assets/minecraft/textures/block/smooth_stone.png	16x16	e31212c36db7e8d0023d6fb2b577de272cbf78f55110ec35611e02a19977736c	/Users/a15356015027/.gradle/caches/forge_gradle/minecraft_repo/versions/1.20.1/client-extra.jar
70	minecraft:rooted_dirt	原版 Minecraft 1.20.1	natural	assets/minecraft/textures/block/rooted_dirt.png	16x16	cde6726cb342dbbc372e840de1f373f1e0b62910d86f2236dfc3782fc123dde3	/Users/a15356015027/.gradle/caches/forge_gradle/minecraft_repo/versions/1.20.1/client-extra.jar
71	minecraft:soul_soil	原版 Minecraft 1.20.1	natural	assets/minecraft/textures/block/soul_soil.png	16x16	99fb3c8aa081c8ddac91b045b071e16f8f0d2fc15ed9509bfb8b0dcaa8d6fbc9	/Users/a15356015027/.gradle/caches/forge_gradle/minecraft_repo/versions/1.20.1/client-extra.jar
72	minecraft:suspicious_sand	原版 Minecraft 1.20.1	natural	assets/minecraft/textures/block/suspicious_sand_0.png	16x16	89484883c76de6f87c55ffc6722d30f74634b6d23780cff251a7c086774959ae	/Users/a15356015027/.gradle/caches/forge_gradle/minecraft_repo/versions/1.20.1/client-extra.jar
73	minecraft:amethyst_block	原版 Minecraft 1.20.1	other	assets/minecraft/textures/block/amethyst_block.png	16x16	70a6281e0d72838811be69bf2cece5da164b39dad7d5303157d6e43d70609da5	/Users/a15356015027/.gradle/caches/forge_gradle/minecraft_repo/versions/1.20.1/client-extra.jar
74	minecraft:bookshelf	原版 Minecraft 1.20.1	other	assets/minecraft/textures/block/bookshelf.png	16x16	504068672bc78e8575c962aff9d11b44f3448a0e30ba966a1d8fada240685bb8	/Users/a15356015027/.gradle/caches/forge_gradle/minecraft_repo/versions/1.20.1/client-extra.jar
75	minecraft:fire_coral_block	原版 Minecraft 1.20.1	other	assets/minecraft/textures/block/fire_coral_block.png	16x16	99cf1d4f7c33ed3694a0f6a2a1fa8792d5453f3aed64451f38e502b26b166264	/Users/a15356015027/.gradle/caches/forge_gradle/minecraft_repo/versions/1.20.1/client-extra.jar
76	minecraft:grass_block	原版 Minecraft 1.20.1	other	assets/minecraft/textures/block/grass_block_side.png	16x16	62c47cebea3514034a031ca1199a2ce0dfcedf4be0d3d669f0067087ffe95419	/Users/a15356015027/.gradle/caches/forge_gradle/minecraft_repo/versions/1.20.1/client-extra.jar
77	minecraft:observer	原版 Minecraft 1.20.1	other	assets/minecraft/textures/block/observer_front.png	16x16	4ac14500e752d29c0ce6cd8cc0882c5e88e94f827b6cab113a7b62da070c177b	/Users/a15356015027/.gradle/caches/forge_gradle/minecraft_repo/versions/1.20.1/client-extra.jar
78	minecraft:ochre_froglight	原版 Minecraft 1.20.1	other	assets/minecraft/textures/block/ochre_froglight_side.png	16x16	89e017bbd3dfb932f510238f57b90fd73b5d38d6ba22150310fb48b242e22d70	/Users/a15356015027/.gradle/caches/forge_gradle/minecraft_repo/versions/1.20.1/client-extra.jar
79	minecraft:respawn_anchor	原版 Minecraft 1.20.1	other	assets/minecraft/textures/block/respawn_anchor_side0.png	16x16	619cc207bbdfda83601e1582b6b24e51d842f342de3de2fb1c7d3c1c85100884	/Users/a15356015027/.gradle/caches/forge_gradle/minecraft_repo/versions/1.20.1/client-extra.jar
80	minecraft:stripped_crimson_stem	原版 Minecraft 1.20.1	other	assets/minecraft/textures/block/stripped_crimson_stem.png	16x16	667548e202b2cee07459a1ac5d1a1acf2e7b8b8278a940a8f705803f23b6cbc6	/Users/a15356015027/.gradle/caches/forge_gradle/minecraft_repo/versions/1.20.1/client-extra.jar
81	twilightforest:castle_brick	愚者	brick	assets/twilightforest/textures/block/castle_brick.png	16x16	9daf8630de0e0fd63b4aa71208a8bcedb734f555ff65488480c09274fb8036f4	/Users/a15356015027/Public/.minecraft/versions/愚者/mods/twilightforest-1.20.1-4.3.2508-universal.jar
82	twilightforest:cracked_castle_brick	愚者	brick	assets/twilightforest/textures/block/cracked_castle_brick.png	16x16	c298ab94bd30c61ae8447c5ca4d2ae803faa12b5c8dc35626f69def2144afcfb	/Users/a15356015027/Public/.minecraft/versions/愚者/mods/twilightforest-1.20.1-4.3.2508-universal.jar
83	twilightforest:underbrick	愚者	brick	assets/twilightforest/textures/block/underbrick.png	16x16	be7e741a8de559ed0816310b691593faa259fdb970357c6fddb0f5e08c5095a6	/Users/a15356015027/Public/.minecraft/versions/愚者/mods/twilightforest-1.20.1-4.3.2508-universal.jar
84	twilightforest:cracked_deadrock	愚者	raw_stone	assets/twilightforest/textures/block/cracked_deadrock.png	16x16	f5eb9646aa0f134e005d54675c01da179cb873f559bd542d7960df972afc2a96	/Users/a15356015027/Public/.minecraft/versions/愚者/mods/twilightforest-1.20.1-4.3.2508-universal.jar
85	twilightforest:cracked_mazestone	愚者	raw_stone	assets/twilightforest/textures/block/cracked_mazestone.png	16x16	2dbf30a9f95236dfb13becc1dd5e66e37d87c4f2b416a4a20ac896cddad48b4f	/Users/a15356015027/Public/.minecraft/versions/愚者/mods/twilightforest-1.20.1-4.3.2508-universal.jar
86	twilightforest:mazestone	愚者	raw_stone	assets/twilightforest/textures/block/mazestone.png	16x16	27ae228096efc9a648db494f61ea08cb5d3877621cdc233fa602c17b12bdf5c6	/Users/a15356015027/Public/.minecraft/versions/愚者/mods/twilightforest-1.20.1-4.3.2508-universal.jar
87	twilightforest:death_tome_spawner	愚者	functional	assets/twilightforest/textures/block/wood/bookshelf_spawner/bookshelf_1.png	16x16	5896142f59c8e01844c762590380232bf2636934633bc3b72c0732e95d6d0348	/Users/a15356015027/Public/.minecraft/versions/愚者/mods/twilightforest-1.20.1-4.3.2508-universal.jar
88	twilightforest:trophy_pedestal	愚者	functional	assets/twilightforest/textures/block/pedestal/naga_latent.png	16x16	9f9c2db1f8807746728e7df35028ebc11b107a93678407a3c570119961a4d522	/Users/a15356015027/Public/.minecraft/versions/愚者/mods/twilightforest-1.20.1-4.3.2508-universal.jar
89	twilightforest:hollow_jungle_log_vertical	愚者	wood	assets/minecraft/textures/block/jungle_log.png	16x16	79e09fad428d4dfca69f812a72b7ab1b9af73e1daf2fe8b4af5233debc99ae63	/Users/a15356015027/Public/.minecraft/versions/愚者/mods/twilightforest-1.20.1-4.3.2508-universal.jar
90	twilightforest:mangrove_wood	愚者	wood	assets/twilightforest/textures/block/mangrove_log.png	16x16	169902d08364c773e99237f2665eab9f2fd1bbb7765c849a6cfb1e2110840da2	/Users/a15356015027/Public/.minecraft/versions/愚者/mods/twilightforest-1.20.1-4.3.2508-universal.jar
91	twilightforest:transformation_wood	愚者	wood	assets/twilightforest/textures/block/transformation_log.png	16x16	bcbe88fdd19f3980fa4ff37a482526f788bdf37c78c6d3831063ce5a6bbce0c5	/Users/a15356015027/Public/.minecraft/versions/愚者/mods/twilightforest-1.20.1-4.3.2508-universal.jar
92	twilightforest:fake_gold	愚者	metal	assets/minecraft/textures/block/gold_block.png	16x16	0198f879b80416e795d6216704eabd6b112cf1d8c9ca3078a097917b2fa2ef29	/Users/a15356015027/Public/.minecraft/versions/愚者/mods/twilightforest-1.20.1-4.3.2508-universal.jar
93	twilightforest:iron_ladder	愚者	metal	assets/twilightforest/textures/block/ladder_iron.png	16x16	5d1901aee5d999b4729eb4554d3e23b6813fe7a95c3b015941d571c02d282289	/Users/a15356015027/Public/.minecraft/versions/愚者/mods/twilightforest-1.20.1-4.3.2508-universal.jar
94	twilightforest:knightmetal_block	愚者	metal	assets/twilightforest/textures/block/knightmetal_block.png	16x16	fb7feab3042d3bf066476d75ea6dd708a289a87018266cf968bd6aa6a92722a9	/Users/a15356015027/Public/.minecraft/versions/愚者/mods/twilightforest-1.20.1-4.3.2508-universal.jar
95	twilightforest:bold_stone_pillar	愚者	tile	assets/twilightforest/textures/block/stone_pillar_side.png	16x16	d0c12ad316a6613f85d6a8198acd8eee8e98f29d37745ad5793b3b92c44ce924	/Users/a15356015027/Public/.minecraft/versions/愚者/mods/twilightforest-1.20.1-4.3.2508-universal.jar
96	twilightforest:castle_roof_tile	愚者	tile	assets/twilightforest/textures/block/castle_roof_tile.png	16x16	cf7cc302f5568741d734e4198ad242051efe273cb17119c6f7912367726553f2	/Users/a15356015027/Public/.minecraft/versions/愚者/mods/twilightforest-1.20.1-4.3.2508-universal.jar
97	twilightforest:cracked_nagastone_pillar	愚者	tile	assets/twilightforest/textures/block/nagastone_pillar_side_weathered.png	16x16	39498770e57e84b83711b3f5e4fa383c4486500aae57dfdab17e274da885c78c	/Users/a15356015027/Public/.minecraft/versions/愚者/mods/twilightforest-1.20.1-4.3.2508-universal.jar
98	twilightforest:liveroot_block	愚者	natural	assets/twilightforest/textures/block/liveroot_block.png	16x16	c9a4bf749b043226522ccf56af4168b7b90018c36013c6b4ea8483d4e63a5f9e	/Users/a15356015027/Public/.minecraft/versions/愚者/mods/twilightforest-1.20.1-4.3.2508-universal.jar
99	twilightforest:root	愚者	natural	assets/twilightforest/textures/block/root.png	16x16	7e379f0883864f9ad400b8cb21a55c01ac37dc023c2e1ff95ccdc59c2c5d22a1	/Users/a15356015027/Public/.minecraft/versions/愚者/mods/twilightforest-1.20.1-4.3.2508-universal.jar
100	twilightforest:mining_banister	愚者	other	assets/twilightforest/textures/block/wood/planks_mine_0.png	16x16	01f052b8203908866a15fbdf550d35cfc549abb5d668531a387cc9bf9b614cf7	/Users/a15356015027/Public/.minecraft/versions/愚者/mods/twilightforest-1.20.1-4.3.2508-universal.jar
101	alexscaves:abyssmarine_bricks	愚者	brick	assets/alexscaves/textures/block/abyssmarine_bricks.png	16x16	fcab141ef33f28574975a6203d3eb37dbc42e5d772c274c2eae314452b2c6ecd	/Users/a15356015027/Public/.minecraft/versions/愚者/mods/alexscaves-2.0.2.jar
102	alexscaves:galena_bricks	愚者	brick	assets/alexscaves/textures/block/galena_bricks.png	16x16	9351636386badb75bc113481367f313b160e799cc70ca3a4b00ea4c07d78f72b	/Users/a15356015027/Public/.minecraft/versions/愚者/mods/alexscaves-2.0.2.jar
103	alexscaves:radrock_bricks	愚者	brick	assets/alexscaves/textures/block/radrock_bricks.png	16x16	a20e40461482f526c99da7b3b4cb6d7605bd9ae054c673e02387dfffde92d752	/Users/a15356015027/Public/.minecraft/versions/愚者/mods/alexscaves-2.0.2.jar
104	alexscaves:acidic_radrock	愚者	raw_stone	assets/alexscaves/textures/block/acidic_radrock.png	16x16	a424342a58db128d93cb926e6ab79407b6acbcef2279afa0e94e4a3e6c4cf274	/Users/a15356015027/Public/.minecraft/versions/愚者/mods/alexscaves-2.0.2.jar
105	alexscaves:limestone	愚者	raw_stone	assets/alexscaves/textures/block/limestone.png	16x16	d461dadefba82ad223908b40e1b24f81e00fb202b5c2f6e4df0a9579d556ea71	/Users/a15356015027/Public/.minecraft/versions/愚者/mods/alexscaves-2.0.2.jar
106	alexscaves:rock_candy_cyan	愚者	raw_stone	assets/alexscaves/textures/block/rock_candy_cyan.png	16x16	85a0a9daa29a473fdf051bd70c516200b313121539b1e18d2cf353d670de322c	/Users/a15356015027/Public/.minecraft/versions/愚者/mods/alexscaves-2.0.2.jar
107	alexscaves:coprolith_coal_ore	愚者	ore	assets/alexscaves/textures/block/coprolith_coal_ore.png	16x16	bdfec7ca5a8b8b72396046b9651666138eeb7ba5c70a94502972e79203befe58	/Users/a15356015027/Public/.minecraft/versions/愚者/mods/alexscaves-2.0.2.jar
108	alexscaves:galena_iron_ore	愚者	ore	assets/alexscaves/textures/block/galena_iron_ore.png	16x16	b128c1ab644069db1959bde094c8d3acb3afe042b2db5e8f2a3cc4a46daf5d3c	/Users/a15356015027/Public/.minecraft/versions/愚者/mods/alexscaves-2.0.2.jar
109	alexscaves:nuclear_furnace_component	愚者	functional	assets/alexscaves/textures/block/nuclear_furnace_component.png	16x16	4246d20b4a33102e193a14d6f4d2044da42614ef3fbbebac794e39c95a5670ad	/Users/a15356015027/Public/.minecraft/versions/愚者/mods/alexscaves-2.0.2.jar
110	alexscaves:rusty_barrel	愚者	functional	assets/alexscaves/textures/block/rusty_barrel.png	16x16	044e4a0de2e2c57e59657dcca00d4b1ccf2da328242f46f8b8950137adb2a393	/Users/a15356015027/Public/.minecraft/versions/愚者/mods/alexscaves-2.0.2.jar
111	alexscaves:stripped_pewen_log	愚者	wood	assets/alexscaves/textures/block/pewen/stripped_pewen_log.png	16x16	41c45e715df6cc9a651f0a5d4832a6de85bb59cf5e2bc7ca99f2f80044da6188	/Users/a15356015027/Public/.minecraft/versions/愚者/mods/alexscaves-2.0.2.jar
112	alexscaves:stripped_thornwood_log	愚者	wood	assets/alexscaves/textures/block/thornwood/stripped_thornwood_log.png	16x16	1a8dea18faa17e15cb59b8e38889510003fb73b51c445713d3ede3772a87d2e9	/Users/a15356015027/Public/.minecraft/versions/愚者/mods/alexscaves-2.0.2.jar
113	alexscaves:heart_of_iron	愚者	metal	assets/alexscaves/textures/block/heart_of_iron_3.png	16x16	8317931453f971250148fe47291aa9067ca414eff5b9d4f99b191f79b130ad25	/Users/a15356015027/Public/.minecraft/versions/愚者/mods/alexscaves-2.0.2.jar
114	alexscaves:metal_swarf	愚者	metal	assets/alexscaves/textures/block/metal_swarf.png	16x16	13fe9b32e677efd3034b1b8166c4763ff951fe11f5cfa7fb4d093aade2dd434a	/Users/a15356015027/Public/.minecraft/versions/愚者/mods/alexscaves-2.0.2.jar
115	alexscaves:guanostone_chiseled	愚者	carved	assets/alexscaves/textures/block/guanostone_chiseled.png	16x16	e43e208c59e44887c3c3fbf57db7e45429ca77e73710b787e0bc04ba0685da94	/Users/a15356015027/Public/.minecraft/versions/愚者/mods/alexscaves-2.0.2.jar
116	alexscaves:limestone_chiseled	愚者	carved	assets/alexscaves/textures/block/limestone_chiseled_front.png	16x16	85f1c34048ee62f6e9a626fed5e979b90e668f6253600c1d381492c53397ab0c	/Users/a15356015027/Public/.minecraft/versions/愚者/mods/alexscaves-2.0.2.jar
117	alexscaves:azure_neodymium_pillar	愚者	tile	assets/alexscaves/textures/block/neodymium/azure_pillar_side.png	16x16	b60c78aecf1e53c18494042d26e1f77780ee7c1246ba4a9be2d5a0b3f72f1bbc	/Users/a15356015027/Public/.minecraft/versions/愚者/mods/alexscaves-2.0.2.jar
118	alexscaves:smooth_limestone	愚者	tile	assets/alexscaves/textures/block/smooth_limestone.png	16x16	f5df13be557f0870bef53f4102fdfd016f496fd834d993176a86d09cf3898e5e	/Users/a15356015027/Public/.minecraft/versions/愚者/mods/alexscaves-2.0.2.jar
119	alexscaves:sweetberry_ice_cream	愚者	natural	assets/alexscaves/textures/block/sweetberry_ice_cream.png	16x16	2fc15f7de272b4719b7b776eb8b94b80bf69010597fd67e0a0c6291e282a0754	/Users/a15356015027/Public/.minecraft/versions/愚者/mods/alexscaves-2.0.2.jar
120	alexscaves:cake_layer	愚者	other	assets/alexscaves/textures/block/cake_layer.png	16x16	8329c41e57e2ff9891ee0b2ecb9d26e6e55ae94fa5850c28f06082309f8b3fcc	/Users/a15356015027/Public/.minecraft/versions/愚者/mods/alexscaves-2.0.2.jar
121	create:small_andesite_bricks	愚者	brick	assets/create/textures/block/palettes/stone_types/small_brick/andesite_cut_small_brick.png	16x16	b14c01a955a52b71cb64b1a21163758cd5bf6a33cc92142a50f34c6430db21ba	/Users/a15356015027/Public/.minecraft/versions/愚者/mods/create-1.20.1-0.5.1.j.jar
122	create:small_calcite_bricks	愚者	brick	assets/create/textures/block/palettes/stone_types/small_brick/calcite_cut_small_brick.png	16x16	4030961b0363855eb8e4606b9700f2029e103fb29e36dfc6b1af7ef44923e2fd	/Users/a15356015027/Public/.minecraft/versions/愚者/mods/create-1.20.1-0.5.1.j.jar
123	create:small_deepslate_bricks	愚者	brick	assets/create/textures/block/palettes/stone_types/small_brick/deepslate_cut_small_brick.png	16x16	6bdaa1685f8498e70098abb37fd4c5120c28563f1cfdebca6242ec36b2352040	/Users/a15356015027/Public/.minecraft/versions/愚者/mods/create-1.20.1-0.5.1.j.jar
124	create:andesite_encased_shaft	愚者	raw_stone	assets/create/textures/block/andesite_casing.png	16x16	bcf0fcfb636db6688c317bdf1e2f0b9e74c27063971f743a50210dfa7c7a9a16	/Users/a15356015027/Public/.minecraft/versions/愚者/mods/create-1.20.1-0.5.1.j.jar
125	create:layered_deepslate	愚者	raw_stone	assets/create/textures/block/palettes/stone_types/layered/deepslate_cut_layered.png	16x16	7bb37c715945ea08fdf40f1a88ff96057f047ab66c1b38ef9c244d281c72c547	/Users/a15356015027/Public/.minecraft/versions/愚者/mods/create-1.20.1-0.5.1.j.jar
126	create:layered_granite	愚者	raw_stone	assets/create/textures/block/palettes/stone_types/layered/granite_cut_layered.png	16x16	acf7832fbaf19662f696037959b07919bd64cbe1667040a1b04409e4bf257742	/Users/a15356015027/Public/.minecraft/versions/愚者/mods/create-1.20.1-0.5.1.j.jar
127	create:deepslate_zinc_ore	愚者	ore	assets/create/textures/block/deepslate_zinc_ore.png	16x16	31c8f1f4af24d189b6b74bc446a59bbe74a202762e8d894def0cac9274805eed	/Users/a15356015027/Public/.minecraft/versions/愚者/mods/create-1.20.1-0.5.1.j.jar
128	create:zinc_ore	愚者	ore	assets/create/textures/block/zinc_ore.png	16x16	caf9733fb16b56ffd317b9573200859d29b23c0e5f32738a7d088d9170154b08	/Users/a15356015027/Public/.minecraft/versions/愚者/mods/create-1.20.1-0.5.1.j.jar
129	create:copper_casing	愚者	functional	assets/create/textures/block/copper_casing.png	16x16	6ec3958dcf54ea634bdacc4d66c9ba44493853783a8bba5093a73e6a8ec536ff	/Users/a15356015027/Public/.minecraft/versions/愚者/mods/create-1.20.1-0.5.1.j.jar
130	create:creative_fluid_tank	愚者	functional	assets/create/textures/block/creative_fluid_tank.png	16x16	9501831c61842b6871464c72c5db1cf18a4fa0781facdac0690efda3947cac9b	/Users/a15356015027/Public/.minecraft/versions/愚者/mods/create-1.20.1-0.5.1.j.jar
131	create:display_board	愚者	functional	assets/create/textures/block/flap_display_front.png	16x16	9f7398e6a78e2c53a24e0da64610abdcca4cd9f51fd1ce8517c5aa3b6a1bc657	/Users/a15356015027/Public/.minecraft/versions/愚者/mods/create-1.20.1-0.5.1.j.jar
132	create:brass_block	愚者	metal	assets/create/textures/block/brass_block.png	16x16	797f03e56d1b54314b140ac58f0e3058166a8c82d4d9e5246e4edecdc89a1d6d	/Users/a15356015027/Public/.minecraft/versions/愚者/mods/create-1.20.1-0.5.1.j.jar
133	create:brass_encased_large_cogwheel	愚者	metal	assets/minecraft/textures/block/stripped_dark_oak_log_top.png	16x16	9072503cd358c39027b25ac53d7674b80737ddb4999c341ad831829a29612a94	/Users/a15356015027/Public/.minecraft/versions/愚者/mods/create-1.20.1-0.5.1.j.jar
134	create:zinc_block	愚者	metal	assets/create/textures/block/zinc_block.png	16x16	5a7332059237793870e568d3a485df0db3ed3e8b03e8e0f536db182a3e8ec26c	/Users/a15356015027/Public/.minecraft/versions/愚者/mods/create-1.20.1-0.5.1.j.jar
135	create:andesite_pillar	愚者	tile	assets/create/textures/block/palettes/stone_types/pillar/andesite_cut_pillar.png	16x16	887b428508dfc0e6518796ea187d6e565c5906a07731296e693f51e6eb33f533	/Users/a15356015027/Public/.minecraft/versions/愚者/mods/create-1.20.1-0.5.1.j.jar
136	create:deepslate_pillar	愚者	tile	assets/create/textures/block/palettes/stone_types/pillar/deepslate_cut_pillar.png	16x16	a0897dcad891bd40b5cefd4ff4a72835565e7e41d4140f2374df3c828e96989c	/Users/a15356015027/Public/.minecraft/versions/愚者/mods/create-1.20.1-0.5.1.j.jar
137	create:limestone_pillar	愚者	tile	assets/create/textures/block/palettes/stone_types/pillar/limestone_cut_pillar.png	16x16	cc51dd54dcef918aa1bd34e3181bac83a63b0064f48a297def37a51eebd07f5a	/Users/a15356015027/Public/.minecraft/versions/愚者/mods/create-1.20.1-0.5.1.j.jar
138	create:cut_calcite	愚者	natural	assets/create/textures/block/palettes/stone_types/cut/calcite_cut.png	16x16	cd48b2a92ac13545920fa84d73d419fb025d5dde1574c133aeeddd7cc1a429d6	/Users/a15356015027/Public/.minecraft/versions/愚者/mods/create-1.20.1-0.5.1.j.jar
139	create:layered_calcite	愚者	natural	assets/create/textures/block/palettes/stone_types/layered/calcite_cut_layered.png	16x16	55ae0b52e1d1343fa285e1553c3608702602557673258091bc3e72b80e2e4773	/Users/a15356015027/Public/.minecraft/versions/愚者/mods/create-1.20.1-0.5.1.j.jar
140	create:encased_chain_drive	愚者	other	assets/create/textures/block/encased_chain_drive.png	16x16	2086ba4c6bd4c2d54e1af320296f557facc6623e1304771c3aa0fb5320ec6359	/Users/a15356015027/Public/.minecraft/versions/愚者/mods/create-1.20.1-0.5.1.j.jar
141	deeperdarker:gloomslate_bricks	愚者	brick	assets/deeperdarker/textures/block/gloomslate_bricks.png	16x16	643bb633bf97addc11ea59d16286ef95adefe6d5c8fd7f19f14d0572b6f82b1a	/Users/a15356015027/Public/.minecraft/versions/愚者/mods/deeperdarker-forge-1.20.1-1.3.3.jar
142	deeperdarker:sculk_grime_bricks	愚者	brick	assets/deeperdarker/textures/block/sculk_grime_bricks.png	16x16	8f284ac99c6d66861f7a8abe85d861d4c2f3ed1b6d51726468aae93c5931e83b	/Users/a15356015027/Public/.minecraft/versions/愚者/mods/deeperdarker-forge-1.20.1-1.3.3.jar
143	deeperdarker:sculk_stone_bricks	愚者	brick	assets/deeperdarker/textures/block/sculk_stone_bricks.png	16x16	9e614ffcac45215c6a6e65322e8ff2403d5eaf70f70f814df831006bb10dd6cc	/Users/a15356015027/Public/.minecraft/versions/愚者/mods/deeperdarker-forge-1.20.1-1.3.3.jar
144	deeperdarker:cobbled_gloomslate	愚者	raw_stone	assets/deeperdarker/textures/block/cobbled_gloomslate.png	16x16	76d30b70b4be8b275b6b1274afb8461fdc938fcc1bf7f573567784ca43f16a0b	/Users/a15356015027/Public/.minecraft/versions/愚者/mods/deeperdarker-forge-1.20.1-1.3.3.jar
145	deeperdarker:cut_gloomslate	愚者	raw_stone	assets/deeperdarker/textures/block/cut_gloomslate.png	16x16	e247b1594603571b405d3547624469b760e4b71fe4456dfe5ecb3fe203730dd0	/Users/a15356015027/Public/.minecraft/versions/愚者/mods/deeperdarker-forge-1.20.1-1.3.3.jar
146	deeperdarker:cut_sculk_stone	愚者	raw_stone	assets/deeperdarker/textures/block/cut_sculk_stone.png	16x16	d726b9e5d906c487495dea7a2b90bfc7bb51ec305b7a418bd596518257afe07c	/Users/a15356015027/Public/.minecraft/versions/愚者/mods/deeperdarker-forge-1.20.1-1.3.3.jar
147	deeperdarker:sculk_stone	愚者	raw_stone	assets/deeperdarker/textures/block/sculk_stone.png	16x16	8c192935969234ade474ed0aebc97115a48c9f4384dd2d5582fd9412b0de2780	/Users/a15356015027/Public/.minecraft/versions/愚者/mods/deeperdarker-forge-1.20.1-1.3.3.jar
148	deeperdarker:gloomslate_copper_ore	愚者	ore	assets/deeperdarker/textures/block/gloomslate_copper_ore.png	16x16	293638f538b4e3f609d1fe308306cc5e3ba5e148a883314fea77bd49e946c185	/Users/a15356015027/Public/.minecraft/versions/愚者/mods/deeperdarker-forge-1.20.1-1.3.3.jar
149	deeperdarker:sculk_stone_diamond_ore	愚者	ore	assets/deeperdarker/textures/block/sculk_stone_diamond_ore.png	16x16	141985bda639f66406f78a76972bf2b38bba3769417d99c92bfdfd6eb127df9a	/Users/a15356015027/Public/.minecraft/versions/愚者/mods/deeperdarker-forge-1.20.1-1.3.3.jar
150	deeperdarker:sculk_stone_lapis_ore	愚者	ore	assets/deeperdarker/textures/block/sculk_stone_lapis_ore.png	16x16	9b8d72680284d6d5a5da32115e0f1f376219ef4a9e2efa999f0788ae2f91c206	/Users/a15356015027/Public/.minecraft/versions/愚者/mods/deeperdarker-forge-1.20.1-1.3.3.jar
151	deeperdarker:echo_log	愚者	wood	assets/deeperdarker/textures/block/echo_log.png	16x16	0ca164793ac264a17c9e0b0d421df78c294f4842392f1e6bfb94aff30274e81b	/Users/a15356015027/Public/.minecraft/versions/愚者/mods/deeperdarker-forge-1.20.1-1.3.3.jar
152	deeperdarker:echo_planks	愚者	wood	assets/deeperdarker/textures/block/echo_planks.png	16x16	dc3ac8a332ed90a00bb4098e89ef3b2a9f06959e9e5f3a4ed09134ce3c0f090b	/Users/a15356015027/Public/.minecraft/versions/愚者/mods/deeperdarker-forge-1.20.1-1.3.3.jar
153	deeperdarker:chiseled_gloomslate	愚者	carved	assets/deeperdarker/textures/block/chiseled_gloomslate.png	16x16	3bcc6236bd5842ccdf7601cfdfdc09982e953c0e9f8ff0043ba033e7a92d1dbb	/Users/a15356015027/Public/.minecraft/versions/愚者/mods/deeperdarker-forge-1.20.1-1.3.3.jar
154	deeperdarker:chiseled_sculk_stone	愚者	carved	assets/deeperdarker/textures/block/chiseled_sculk_stone.png	16x16	6377d42892f5fab01dafa4203890b3cac5d6624bffcda4613b0b9f4fed4524bf	/Users/a15356015027/Public/.minecraft/versions/愚者/mods/deeperdarker-forge-1.20.1-1.3.3.jar
155	deeperdarker:gloomslate_tiles	愚者	tile	assets/deeperdarker/textures/block/gloomslate_tiles.png	16x16	2bafeb0adaa749facb4fc082fc45246d2c2308eb5fcd96bcc06749b67f5ea16a	/Users/a15356015027/Public/.minecraft/versions/愚者/mods/deeperdarker-forge-1.20.1-1.3.3.jar
156	deeperdarker:smooth_gloomslate	愚者	tile	assets/deeperdarker/textures/block/smooth_gloomslate.png	16x16	13a1a8b1d9fe580a77c9c599cd3e0a49e642ea397f93b1e6a3589c7fa07ee0dd	/Users/a15356015027/Public/.minecraft/versions/愚者/mods/deeperdarker-forge-1.20.1-1.3.3.jar
157	deeperdarker:smooth_sculk_stone	愚者	tile	assets/deeperdarker/textures/block/smooth_sculk_stone.png	16x16	77ab14466418fb7e61ef1666944d29dd0755f57dcc952597f082cb7290a6bc27	/Users/a15356015027/Public/.minecraft/versions/愚者/mods/deeperdarker-forge-1.20.1-1.3.3.jar
158	deeperdarker:blooming_moss_block	愚者	natural	assets/deeperdarker/textures/block/blooming_moss_block.png	16x16	91faa00eea88927754184dff9b9edfb705af5d4e2ba7acec25f7f08b7cf532c1	/Users/a15356015027/Public/.minecraft/versions/愚者/mods/deeperdarker-forge-1.20.1-1.3.3.jar
159	deeperdarker:echo_soil	愚者	natural	assets/deeperdarker/textures/block/echo_soil.png	16x16	9f7bf4c86e674d9786261d45f285125a1be93365b2368cafc1a3fdc147c5d87f	/Users/a15356015027/Public/.minecraft/versions/愚者/mods/deeperdarker-forge-1.20.1-1.3.3.jar
160	deeperdarker:gloomy_cactus	愚者	other	assets/deeperdarker/textures/block/gloomy_cactus_side.png	16x16	1fa03ddbbeb6b9913e060e285e632e9ee449bfbf355646699982aa0f2b70adf9	/Users/a15356015027/Public/.minecraft/versions/愚者/mods/deeperdarker-forge-1.20.1-1.3.3.jar
161	aether:holystone_bricks	愚者	brick	assets/aether/textures/block/construction/holystone_bricks.png	16x16	763fcdced200b3da98d3356cc59df6e25e2890565e88e22997bf8cfd94f357af	/Users/a15356015027/Public/.minecraft/versions/愚者/mods/aether-1.20.1-1.4.2-neoforge.jar
162	aether:boss_doorway_sentry_stone	愚者	raw_stone	assets/aether/textures/block/dungeon/sentry_stone.png	16x16	c14f9e7966593b47af8c4b044855a099e08c6955ffbda3ae40a56cd84800fb8f	/Users/a15356015027/Public/.minecraft/versions/愚者/mods/aether-1.20.1-1.4.2-neoforge.jar
163	aether:icestone	愚者	raw_stone	assets/aether/textures/block/natural/icestone.png	16x16	efdd38517a80e3ba4cf50b00cf617ef0c62bdc6a179b949d402ef5a37c24db30	/Users/a15356015027/Public/.minecraft/versions/愚者/mods/aether-1.20.1-1.4.2-neoforge.jar
164	aether:trapped_angelic_stone	愚者	raw_stone	assets/aether/textures/block/dungeon/angelic_stone.png	16x16	a66f16c505c3061c4459384b9030f3ccc7d105d2f3082dc6d99f017560ec5323	/Users/a15356015027/Public/.minecraft/versions/愚者/mods/aether-1.20.1-1.4.2-neoforge.jar
165	aether:treasure_doorway_light_hellfire_stone	愚者	raw_stone	assets/aether/textures/block/dungeon/light_hellfire_stone.png	16x16	e5ca0d2e39868e0de0cabb639bdd6fd4f46544046548b1d6ecb51968aba5710a	/Users/a15356015027/Public/.minecraft/versions/愚者/mods/aether-1.20.1-1.4.2-neoforge.jar
166	aether:ambrosium_ore	愚者	ore	assets/aether/textures/block/natural/ambrosium_ore.png	16x16	4abdc39fb1935f0efe8e1980791300e16ca74e5dc3196ea09026c49fa5c3c527	/Users/a15356015027/Public/.minecraft/versions/愚者/mods/aether-1.20.1-1.4.2-neoforge.jar
167	aether:gravitite_ore	愚者	ore	assets/aether/textures/block/natural/gravitite_ore.png	16x16	b0c0f4e2580644024de3b071ae3d22010d89f0a041871ae10f2761eb39908f97	/Users/a15356015027/Public/.minecraft/versions/愚者/mods/aether-1.20.1-1.4.2-neoforge.jar
168	aether:zanite_ore	愚者	ore	assets/aether/textures/block/natural/zanite_ore.png	16x16	a99778d4a066b7e8d8b9816d381cab38e93a505e7e0ba5ae1bbcf5a5cfb76ef6	/Users/a15356015027/Public/.minecraft/versions/愚者/mods/aether-1.20.1-1.4.2-neoforge.jar
169	aether:chest_mimic	愚者	functional	assets/minecraft/textures/block/oak_planks.png	16x16	6138b0af077708bac68849ad2ea90ae403cdd4e8976d6cfddd13ccba7ad0c783	/Users/a15356015027/Public/.minecraft/versions/愚者/mods/aether-1.20.1-1.4.2-neoforge.jar
170	aether:sun_altar	愚者	functional	assets/aether/textures/block/utility/sun_altar_side.png	16x16	62348968b448744428d7dfaac3296eec7bd553e78cd537672bd64e07e88cebc0	/Users/a15356015027/Public/.minecraft/versions/愚者/mods/aether-1.20.1-1.4.2-neoforge.jar
171	aether:golden_oak_log	愚者	wood	assets/aether/textures/block/natural/golden_oak_log.png	16x16	a724c654889a28b88d1855d99617bc9d9762e1140a06550bd0035ddafe18ce64	/Users/a15356015027/Public/.minecraft/versions/愚者/mods/aether-1.20.1-1.4.2-neoforge.jar
172	aether:skyroot_wood	愚者	wood	assets/aether/textures/block/natural/skyroot_log.png	16x16	320d035ba7140561be52f952ae9bfe502c514222d85511d766cbe77956d1a0fa	/Users/a15356015027/Public/.minecraft/versions/愚者/mods/aether-1.20.1-1.4.2-neoforge.jar
173	aether:stripped_skyroot_log	愚者	wood	assets/aether/textures/block/natural/stripped_skyroot_log.png	16x16	eeff7b2a5bd8d7511c9dcedde73f842e724d88ce7ee3ed913f5ff41f16b1457a	/Users/a15356015027/Public/.minecraft/versions/愚者/mods/aether-1.20.1-1.4.2-neoforge.jar
174	aether:treasure_doorway_carved_stone	愚者	carved	assets/aether/textures/block/dungeon/carved_stone.png	16x16	01c1767027be1caec0da4ed7a92072afe53c27dd531d8fd3ecbfec7719461ae4	/Users/a15356015027/Public/.minecraft/versions/愚者/mods/aether-1.20.1-1.4.2-neoforge.jar
175	aether:pillar	愚者	tile	assets/aether/textures/block/dungeon/pillar_side.png	16x16	f5dec9cd76a2f282f8a34d3278d0f5434862b08af5fb380ad7aded21516dcc49	/Users/a15356015027/Public/.minecraft/versions/愚者/mods/aether-1.20.1-1.4.2-neoforge.jar
176	aether:pillar_top	愚者	tile	assets/aether/textures/block/dungeon/pillar_carved.png	16x16	b1239079eb8ff5b330a9bae5eb9ef85b93659afa0de5a9e127884450eb753573	/Users/a15356015027/Public/.minecraft/versions/愚者/mods/aether-1.20.1-1.4.2-neoforge.jar
177	aether:aether_dirt	愚者	natural	assets/aether/textures/block/natural/aether_dirt.png	16x16	a6a7a36bacbf1c85a0c7c71c3e0644d752721758f134c495af8b15531c029211	/Users/a15356015027/Public/.minecraft/versions/愚者/mods/aether-1.20.1-1.4.2-neoforge.jar
178	aether:quicksoil	愚者	natural	assets/aether/textures/block/natural/quicksoil.png	16x16	e8c8c201ea29a517bc99c2fe550982c7c1a57363f045f0d49b2a8878298ef70e	/Users/a15356015027/Public/.minecraft/versions/愚者/mods/aether-1.20.1-1.4.2-neoforge.jar
179	aether:skyroot_bookshelf	愚者	natural	assets/aether/textures/block/construction/skyroot_bookshelf.png	16x16	d1a7905fdeb24599da83fbc355499040ecc600425e50f44070b19d8bd6037591	/Users/a15356015027/Public/.minecraft/versions/愚者/mods/aether-1.20.1-1.4.2-neoforge.jar
180	aether:enchanted_gravitite	愚者	other	assets/aether/textures/block/construction/enchanted_gravitite.png	16x16	10d939b13879263a6ba5ec7a85ec12519c2ee43ea40d72280670befa9e274752	/Users/a15356015027/Public/.minecraft/versions/愚者/mods/aether-1.20.1-1.4.2-neoforge.jar
181	cataclysm:azure_seastone_bricks	愚者	brick	assets/cataclysm/textures/block/azure_seastone_bricks.png	16x16	6d09b870dd762ae8439d8f6689ec130650766243513518f444c38dfb6308356d	/Users/a15356015027/Public/.minecraft/versions/愚者/mods/L_Enders_Cataclysm-3.16.jar
182	cataclysm:end_stone_teleport_trap_bricks	愚者	brick	assets/cataclysm/textures/block/end_stone_teleport_trap_bricks_off.png	16x16	5fa859e2f583554467c13853903fc6a9d7e9ac52f177b6a94d1a63d170986749	/Users/a15356015027/Public/.minecraft/versions/愚者/mods/L_Enders_Cataclysm-3.16.jar
183	cataclysm:frosted_stone_bricks	愚者	brick	assets/cataclysm/textures/block/frosted_stone_bricks.png	16x16	1e82182290510b8b777cfd192d4ed86a12f99f03169b8471433d10ee7a515977	/Users/a15356015027/Public/.minecraft/versions/愚者/mods/L_Enders_Cataclysm-3.16.jar
184	cataclysm:obsidian_explosion_trap_bricks	愚者	brick	assets/cataclysm/textures/block/obsidian_explosion_trap_bricks_off.png	16x16	db774358e5f1d883c4fec45035b240fd650f5ee755b36f5dc5c8ea138c59a435	/Users/a15356015027/Public/.minecraft/versions/愚者/mods/L_Enders_Cataclysm-3.16.jar
185	cataclysm:void_infused_end_stone_bricks	愚者	brick	assets/cataclysm/textures/block/void_infused_end_stone_bricks.png	16x16	029eb8b3d33e3b16bd7ea86e04b317e5f0406d0d36743a1ef97fa85b4022d912	/Users/a15356015027/Public/.minecraft/versions/愚者/mods/L_Enders_Cataclysm-3.16.jar
186	cataclysm:azure_seastone_mural_sea	愚者	raw_stone	assets/cataclysm/textures/block/azure_seastone.png	16x16	6ce5d61873094d0a644a92df3c76d5090006aa75b3d1f6b4b5d98961dc97dbe8	/Users/a15356015027/Public/.minecraft/versions/愚者/mods/L_Enders_Cataclysm-3.16.jar
187	cataclysm:altar_of_void	愚者	functional	assets/minecraft/textures/block/obsidian.png	16x16	5b6eb114e3cc45d3f83d342f8d25bc0351a98f93e054097361034259798ddbcf	/Users/a15356015027/Public/.minecraft/versions/愚者/mods/L_Enders_Cataclysm-3.16.jar
188	cataclysm:mechanical_fusion_anvil	愚者	functional	assets/minecraft/textures/block/netherite_block.png	16x16	b65a2f3ee210f232c95c2948a2925025e0851291ca9f15a901a31a84df754629	/Users/a15356015027/Public/.minecraft/versions/愚者/mods/L_Enders_Cataclysm-3.16.jar
189	cataclysm:chorus_planks	愚者	wood	assets/cataclysm/textures/block/chorus_planks.png	16x16	6743e0e8cef1c7a2aea19d95491700883ee2d69da3500b649864f124f3f7a3cf	/Users/a15356015027/Public/.minecraft/versions/愚者/mods/L_Enders_Cataclysm-3.16.jar
190	cataclysm:ancient_metal_block	愚者	metal	assets/cataclysm/textures/block/ancient_metal_block.png	16x16	c72ce6bfe21cf5b1e53c0d43aa718abb8fdce06e7f49e439c296e93b86cfa289	/Users/a15356015027/Public/.minecraft/versions/愚者/mods/L_Enders_Cataclysm-3.16.jar
191	cataclysm:black_steel_block	愚者	metal	assets/cataclysm/textures/block/black_steel_block.png	16x16	a7e2eef16afa5fb134ef42a43438c54abac4c412d60db4bac54de2a29c596281	/Users/a15356015027/Public/.minecraft/versions/愚者/mods/L_Enders_Cataclysm-3.16.jar
192	cataclysm:chiseled_azure_seastone	愚者	carved	assets/cataclysm/textures/block/chiseled_azure_seastone.png	16x16	9b819f204aaf201cc2d0dbbabc072138445d1d3afa8ed400b8f4c2ead482d968	/Users/a15356015027/Public/.minecraft/versions/愚者/mods/L_Enders_Cataclysm-3.16.jar
193	cataclysm:chiseled_azure_seastone_pillar	愚者	carved	assets/cataclysm/textures/block/chiseled_azure_seastone_pillar_mid.png	16x16	917c24f6fe401cfffe4c8f41902673bdeca7f38d95c71186d2eb56b986659667	/Users/a15356015027/Public/.minecraft/versions/愚者/mods/L_Enders_Cataclysm-3.16.jar
194	cataclysm:chiseled_end_stone_bricks	愚者	carved	assets/cataclysm/textures/block/chiseled_end_stone_bricks.png	16x16	647391541083c8e9c6a09a04c609250f2f70015b13e055c0a34054eb063f9003	/Users/a15356015027/Public/.minecraft/versions/愚者/mods/L_Enders_Cataclysm-3.16.jar
195	cataclysm:chiseled_stone_brick_pillar	愚者	carved	assets/cataclysm/textures/block/chiseled_stone_brick_pillar.png	16x16	28050f6555429d0eefc31ec9debc6369a3b130a8c688862d7d42a5ed2b47f093	/Users/a15356015027/Public/.minecraft/versions/愚者/mods/L_Enders_Cataclysm-3.16.jar
196	cataclysm:azure_seastone_pillar	愚者	tile	assets/cataclysm/textures/block/azure_seastone_pillar.png	16x16	fc6f9c5ccf5b77a5d15fd60a97a9dc2488a7fa20211098783d357669257ffbad	/Users/a15356015027/Public/.minecraft/versions/愚者/mods/L_Enders_Cataclysm-3.16.jar
197	cataclysm:azure_seastone_tiles	愚者	tile	assets/cataclysm/textures/block/azure_seastone_tiles.png	16x16	c3148eefbd17994ea7b17f5073f7a255f718e0ed3de4f8853d7bce956845c7d1	/Users/a15356015027/Public/.minecraft/versions/愚者/mods/L_Enders_Cataclysm-3.16.jar
198	cataclysm:polished_sandstone	愚者	tile	assets/cataclysm/textures/block/polished_sandstone.png	16x16	7cc3e6b157292fe2c43939fdb8e54e88ab169740b15d8dacc500b662a44e3f03	/Users/a15356015027/Public/.minecraft/versions/愚者/mods/L_Enders_Cataclysm-3.16.jar
199	cataclysm:stone_pillar	愚者	tile	assets/cataclysm/textures/block/stone_pillar.png	16x16	e001d2408c27ad2702f20cfe67c8da9bd0cc58b06fd660fb3490987e58388278	/Users/a15356015027/Public/.minecraft/versions/愚者/mods/L_Enders_Cataclysm-3.16.jar
200	cataclysm:void_crystal	愚者	natural	assets/cataclysm/textures/block/void_crystal.png	16x16	2b278e5cd55bd712161a4f791cf8ee66733a18f41c06d7d6200b586f57cffce4	/Users/a15356015027/Public/.minecraft/versions/愚者/mods/L_Enders_Cataclysm-3.16.jar
201	cataclysm:pointed_icicle	愚者	other	assets/cataclysm/textures/block/pointed_icicle_down_base.png	16x16	695cd458b5aaf5e90ec31fb54e0608085b2b669a7242d5bb1c2c4b7f0531cd65	/Users/a15356015027/Public/.minecraft/versions/愚者/mods/L_Enders_Cataclysm-3.16.jar
202	goety:end_basalt_bricks	愚者	brick	assets/goety/textures/block/end_basalt_bricks.png	16x16	82df191595bb3c43ede5364e0b09497b47ce0ff548e81fd4232f7452636e9364	/Users/a15356015027/Public/.minecraft/versions/愚者/mods/goety-2.5.36.1.jar
203	goety:highrock_bricks	愚者	brick	assets/goety/textures/block/highrock_bricks.png	16x16	ba53d96e794cc32e47d0afdd5ed73fe0a0b82cef166804acab89da5f050c3414	/Users/a15356015027/Public/.minecraft/versions/愚者/mods/goety-2.5.36.1.jar
204	goety:shade_stone_bricks	愚者	brick	assets/goety/textures/block/shade_stone_bricks.png	16x16	232518e3fb3d25ca0b4e8a8b615af665c8d9e1b634272ad4bff5afc88a8cbafd	/Users/a15356015027/Public/.minecraft/versions/愚者/mods/goety-2.5.36.1.jar
205	goety:end_stone_slate	愚者	raw_stone	assets/goety/textures/block/end_stone_slate.png	16x16	c451526ceb35d5dfccfcfb6aa9a4ad4e7311c43fe8591ef55dbcd6731c2133a1	/Users/a15356015027/Public/.minecraft/versions/愚者/mods/goety-2.5.36.1.jar
206	goety:slate_connected_marble	愚者	raw_stone	assets/goety/textures/block/slate_connected_marble.png	16x16	a6b515531d0376c8ea487746a608e423cf746a103c5f35f7289961c3ff8943ce	/Users/a15356015027/Public/.minecraft/versions/愚者/mods/goety-2.5.36.1.jar
207	goety:slate_glazed_marble	愚者	raw_stone	assets/goety/textures/block/slate_glazed_marble.png	16x16	5fdc2a95fd233837ccdb5e5b0fe9586172f3d5f6786ddd60e1fc4af1db927108	/Users/a15356015027/Public/.minecraft/versions/愚者/mods/goety-2.5.36.1.jar
208	goety:jade_ore	愚者	ore	assets/goety/textures/block/jade_ore.png	16x16	a4214eab231ce9d9f1c982050a7e171ad283e783ee35b9d3597e21b0c7cda67a	/Users/a15356015027/Public/.minecraft/versions/愚者/mods/goety-2.5.36.1.jar
209	goety:damaged_dark_anvil	愚者	functional	assets/goety/textures/block/dark_anvil.png	16x16	47be9c489eccf0166ff05722a502752494c794935ee5b9d6ef233cf7bdba4572	/Users/a15356015027/Public/.minecraft/versions/愚者/mods/goety-2.5.36.1.jar
210	goety:rotten_wood	愚者	wood	assets/goety/textures/block/rotten_log.png	16x16	1e086224d9184aa79e5beeaa9dfd9c639e54dfceef5a93ed53826a9fe1d92603	/Users/a15356015027/Public/.minecraft/versions/愚者/mods/goety-2.5.36.1.jar
211	goety:stripped_windswept_wood	愚者	wood	assets/goety/textures/block/stripped_windswept_log.png	16x16	738ddde44d104d7ebd57bc0190d9f352163f0c56fe88f493469b67b0eae5d9bc	/Users/a15356015027/Public/.minecraft/versions/愚者/mods/goety-2.5.36.1.jar
212	goety:cursed_metal_block	愚者	metal	assets/goety/textures/block/cursed_metal_block.png	16x16	9064a1f6d594e18f9d38c72331d47892ace9b33c269593b948504dd2578e2676	/Users/a15356015027/Public/.minecraft/versions/愚者/mods/goety-2.5.36.1.jar
213	goety:dark_metal_block	愚者	metal	assets/goety/textures/block/dark_metal_block.png	16x16	3799741ca7b3854e982c16d4c75aa009ce16d15a06cc22b85a333c5157ae8164	/Users/a15356015027/Public/.minecraft/versions/愚者/mods/goety-2.5.36.1.jar
214	goety:indented_gold	愚者	metal	assets/goety/textures/block/indented_gold.png	16x16	81768e6af66ac4d796922aa4c22be0ccce0145ff62c9bf5e4dd627f65efbeebf	/Users/a15356015027/Public/.minecraft/versions/愚者/mods/goety-2.5.36.1.jar
215	goety:chiseled_end_stone	愚者	carved	assets/goety/textures/block/chiseled_end_stone.png	16x16	0906a628b0efd12d7d9a761f240508385206ff5638bdd3a0ff110dbe25269ef3	/Users/a15356015027/Public/.minecraft/versions/愚者/mods/goety-2.5.36.1.jar
216	goety:chiseled_siltstone	愚者	carved	assets/goety/textures/block/chiseled_siltstone.png	16x16	390e599aa17fbc6f18af14fe32677101b2bf615414d97a8044fccf12385eff95	/Users/a15356015027/Public/.minecraft/versions/愚者/mods/goety-2.5.36.1.jar
217	goety:crypt_pillar	愚者	tile	assets/goety/textures/block/crypt_pillar.png	16x16	9f08d170176a310baacab8e46ef905e9a401f5dd6b265b1fb890b70440c1cfe7	/Users/a15356015027/Public/.minecraft/versions/愚者/mods/goety-2.5.36.1.jar
218	goety:siltstone_pillar	愚者	tile	assets/goety/textures/block/siltstone_pillar.png	16x16	39013520eabfa866ef10e69cd1959311ffcd041b0ae20f3ba37688cfd00ef506	/Users/a15356015027/Public/.minecraft/versions/愚者/mods/goety-2.5.36.1.jar
219	goety:end_soil	愚者	natural	assets/goety/textures/block/end_soil.png	16x16	64f63ffb9983f5c6c07dc7009c40395ead83dfbc93050fd2173899d0c35a1c9d	/Users/a15356015027/Public/.minecraft/versions/愚者/mods/goety-2.5.36.1.jar
220	goety:ice_bouquet_trap	愚者	natural	assets/goety/textures/block/ghost_fire_trap_side.png	16x16	6628609c8c30997a2b87749cf5a045c6981e9d3c1cded2ad131b3cb1154502ce	/Users/a15356015027/Public/.minecraft/versions/愚者/mods/goety-2.5.36.1.jar
221	goety:sculk_converter	愚者	other	assets/goety/textures/block/sculk_converter_side.png	16x16	2fe2153ef45ade0a52152a93f61927edf2300ff5cf73b1e01e7fdd2b8f367775	/Users/a15356015027/Public/.minecraft/versions/愚者/mods/goety-2.5.36.1.jar
222	graveyard:quartz_bricks_gravestone	愚者	brick	assets/minecraft/textures/block/quartz_bricks.png	16x16	2fe0907823952c7e6ff1c7747b98ae5a10c1663e437f26deca7ad3305ee170b3	/Users/a15356015027/Public/.minecraft/versions/愚者/mods/The_Graveyard_3.1_(FORGE)_for_1.20.1.jar
223	graveyard:blackstone_gravestone	愚者	raw_stone	assets/minecraft/textures/block/blackstone.png	16x16	88a8e7babe678b1a8f222aa3b431e960dc69d5b498fee4711ce2599f8e8bd44e	/Users/a15356015027/Public/.minecraft/versions/愚者/mods/The_Graveyard_3.1_(FORGE)_for_1.20.1.jar
224	graveyard:cracked_blackstone_gravestone	愚者	raw_stone	assets/minecraft/textures/block/cracked_polished_blackstone_bricks.png	16x16	e9e9fe68728b700547f51e0d4fdfbda4464d553980a863527638d0dbd6983fbd	/Users/a15356015027/Public/.minecraft/versions/愚者/mods/The_Graveyard_3.1_(FORGE)_for_1.20.1.jar
225	graveyard:gilded_blackstone_gravestone	愚者	raw_stone	assets/minecraft/textures/block/gilded_blackstone.png	16x16	7960ba340a934a37f3ae18f560d73113f53c8f12a8a5861c41b88a94e13f9158	/Users/a15356015027/Public/.minecraft/versions/愚者/mods/The_Graveyard_3.1_(FORGE)_for_1.20.1.jar
226	graveyard:gloom_stone	愚者	raw_stone	assets/graveyard/textures/block/gloom_stone.png	16x16	7fe6e5bd3da3bb21e79b19404a13225cce08ec4bad4283696505d762f02dbd4e	/Users/a15356015027/Public/.minecraft/versions/愚者/mods/The_Graveyard_3.1_(FORGE)_for_1.20.1.jar
227	graveyard:sandstone_gravestone	愚者	raw_stone	assets/minecraft/textures/block/sandstone.png	16x16	1521eae92e09e7dd7c3f81d454ae7c40bb0a445fef541a917e404262b890935b	/Users/a15356015027/Public/.minecraft/versions/愚者/mods/The_Graveyard_3.1_(FORGE)_for_1.20.1.jar
228	graveyard:tg_andesite	愚者	raw_stone	assets/minecraft/textures/block/andesite.png	16x16	ad8ef4aaf41a4142192c88b7a49d0cb85a90b18e4176d6e55a97efd2dc6acb04	/Users/a15356015027/Public/.minecraft/versions/愚者/mods/The_Graveyard_3.1_(FORGE)_for_1.20.1.jar
229	graveyard:tg_diorite	愚者	raw_stone	assets/minecraft/textures/block/diorite.png	16x16	2e8c4ac5266129cbcc21ab57530c2c79dd6657768e3d2f840b83cc5662bb779b	/Users/a15356015027/Public/.minecraft/versions/愚者/mods/The_Graveyard_3.1_(FORGE)_for_1.20.1.jar
230	graveyard:tg_granite	愚者	raw_stone	assets/minecraft/textures/block/granite.png	16x16	cfc62924482849494cc57139aa6b001e7846591a5341bdf208d77157a3001a40	/Users/a15356015027/Public/.minecraft/versions/愚者/mods/The_Graveyard_3.1_(FORGE)_for_1.20.1.jar
231	graveyard:tg_stone	愚者	raw_stone	assets/minecraft/textures/block/stone.png	16x16	057ffefa8bfcd516c6f7828cdf33271f15a5fd429b127e8caa348d50a0787304	/Users/a15356015027/Public/.minecraft/versions/愚者/mods/The_Graveyard_3.1_(FORGE)_for_1.20.1.jar
232	graveyard:altar_corner	愚者	functional	assets/minecraft/textures/block/deepslate.png	16x16	a9756e50febe907a8cb24ed87a30420a93fb3442e783efdabb1dfc27c345e7ba	/Users/a15356015027/Public/.minecraft/versions/愚者/mods/The_Graveyard_3.1_(FORGE)_for_1.20.1.jar
233	graveyard:rotten_spruce_log	愚者	wood	assets/graveyard/textures/block/rotten_spruce_log.png	16x16	bc8f0be8ae95af4f6face6a9f71467d4e0a746d826237eebea6d0e34f0993802	/Users/a15356015027/Public/.minecraft/versions/愚者/mods/The_Graveyard_3.1_(FORGE)_for_1.20.1.jar
234	graveyard:rotten_spruce_planks	愚者	wood	assets/graveyard/textures/block/rotten_spruce_planks.png	16x16	0abf4135637ef97b5a6aeed4e8af85b0c61f263f12ab598616a2ae452d3d3650	/Users/a15356015027/Public/.minecraft/versions/愚者/mods/The_Graveyard_3.1_(FORGE)_for_1.20.1.jar
235	graveyard:dark_iron_block	愚者	metal	assets/graveyard/textures/block/dark_iron_block.png	16x16	d5384c385410ab06002cba050258377eda73abceef0909a7523f0e017f203da2	/Users/a15356015027/Public/.minecraft/versions/愚者/mods/The_Graveyard_3.1_(FORGE)_for_1.20.1.jar
236	graveyard:soil	愚者	natural	assets/graveyard/textures/block/soil.png	16x16	5d292ae40812d67874acda70d461b8f72495732ff5326417ac446efb2c4e0962	/Users/a15356015027/Public/.minecraft/versions/愚者/mods/The_Graveyard_3.1_(FORGE)_for_1.20.1.jar
237	graveyard:tg_coarse_dirt	愚者	natural	assets/minecraft/textures/block/coarse_dirt.png	16x16	02901d785420d22f2d2df0e0534e8bcd9273bf1311e758ad958fc57d7bf3a1b8	/Users/a15356015027/Public/.minecraft/versions/愚者/mods/The_Graveyard_3.1_(FORGE)_for_1.20.1.jar
238	graveyard:small_gray_urn	愚者	other	assets/minecraft/textures/block/gray_terracotta.png	16x16	cc7798697dd7a2689c7de136c776c77c0d38966d61362beaefbb781251a9b03d	/Users/a15356015027/Public/.minecraft/versions/愚者/mods/The_Graveyard_3.1_(FORGE)_for_1.20.1.jar
239	graveyard:small_magenta_urn	愚者	other	assets/minecraft/textures/block/magenta_terracotta.png	16x16	c79047f462b242b02fcf640fb0cf639b84827cf572380c6cb2a63894fa5add64	/Users/a15356015027/Public/.minecraft/versions/愚者/mods/The_Graveyard_3.1_(FORGE)_for_1.20.1.jar
240	graveyard:small_yellow_urn	愚者	other	assets/minecraft/textures/block/yellow_terracotta.png	16x16	722235723d247a379f778577dea5d8f911900650125e383907beb937a83f61d6	/Users/a15356015027/Public/.minecraft/versions/愚者/mods/The_Graveyard_3.1_(FORGE)_for_1.20.1.jar
241	iceandfire:dragonforge_ice_brick	愚者	brick	assets/iceandfire/textures/block/dragonforge_ice_brick.png	16x16	473acaf708f96f6d8290c76e36ea281d0967048a4a91851fb6676e1184924fd5	/Users/a15356015027/Public/.minecraft/versions/愚者/mods/iceandfire-2.1.13-1.20.1-beta-5.jar
242	iceandfire:dread_stone_bricks	愚者	brick	assets/iceandfire/textures/block/dread_stone_bricks.png	16x16	d9616c78823029ae417e1c6ab114a57b9066f55700aed8676f028c7375a19a41	/Users/a15356015027/Public/.minecraft/versions/愚者/mods/iceandfire-2.1.13-1.20.1-beta-5.jar
243	iceandfire:dread_stone_bricks_cracked	愚者	brick	assets/iceandfire/textures/block/dread_stone_bricks_cracked.png	16x16	d78806885c41aaff0cdbc97daaf6cf6ff0e14076cbbdfc04ab2f372aeaadb229	/Users/a15356015027/Public/.minecraft/versions/愚者/mods/iceandfire-2.1.13-1.20.1-beta-5.jar
244	iceandfire:chared_stone	愚者	raw_stone	assets/iceandfire/textures/block/chared_stone.png	16x16	772fee8a604c8cf8b593d6d639c28a071434b58c837f871b8389f1710950aed2	/Users/a15356015027/Public/.minecraft/versions/愚者/mods/iceandfire-2.1.13-1.20.1-beta-5.jar
245	iceandfire:dread_stone	愚者	raw_stone	assets/iceandfire/textures/block/dread_stone.png	16x16	a7e9a14433c175d5d96c2a86691faafd7d4096b0855e56802abfdd9954849f3a	/Users/a15356015027/Public/.minecraft/versions/愚者/mods/iceandfire-2.1.13-1.20.1-beta-5.jar
246	iceandfire:frozen_cobblestone	愚者	raw_stone	assets/iceandfire/textures/block/frozen_cobblestone.png	16x16	c75715d2c3fcbb6678443cd6bc3db36e5ce06d0b8ab001a9cf4ce5536875a389	/Users/a15356015027/Public/.minecraft/versions/愚者/mods/iceandfire-2.1.13-1.20.1-beta-5.jar
247	iceandfire:deepslate_silver_ore	愚者	ore	assets/iceandfire/textures/block/deepslate_silver_ore.png	16x16	34eed03a1d7d57885f82085107c9b9f98a5759ce68e1082196750ce84313ad3c	/Users/a15356015027/Public/.minecraft/versions/愚者/mods/iceandfire-2.1.13-1.20.1-beta-5.jar
248	iceandfire:sapphire_ore	愚者	ore	assets/iceandfire/textures/block/sapphire_ore.png	16x16	f04e74e9907b87e6b25cad8e4d556023142a91681c9f15f35c0d71c26ed271f0	/Users/a15356015027/Public/.minecraft/versions/愚者/mods/iceandfire-2.1.13-1.20.1-beta-5.jar
249	iceandfire:silver_ore	愚者	ore	assets/iceandfire/textures/block/silver_ore.png	16x16	4d8d36d9d1e7af88b813ee967abc191284a27339a7936c0ffbc3d34e4159577f	/Users/a15356015027/Public/.minecraft/versions/愚者/mods/iceandfire-2.1.13-1.20.1-beta-5.jar
250	iceandfire:dreadwood_log	愚者	wood	assets/iceandfire/textures/block/dreadwood_log.png	16x16	77dc01eff1efd018a5421fb8503c4f312e9209176f0302a2a79402fd670e577c	/Users/a15356015027/Public/.minecraft/versions/愚者/mods/iceandfire-2.1.13-1.20.1-beta-5.jar
251	iceandfire:dreadwood_planks	愚者	wood	assets/iceandfire/textures/block/dreadwood_planks.png	16x16	ad9cf7920e26ef82edb940673287405f6c19e6b99c2cf41785edc771e25099bb	/Users/a15356015027/Public/.minecraft/versions/愚者/mods/iceandfire-2.1.13-1.20.1-beta-5.jar
252	iceandfire:dreadwood_planks_lock	愚者	wood	assets/iceandfire/textures/block/dreadwood_planks_lock.png	16x16	5575aa0ca7aee200ee77b3a8cfc325b05f08892df0cbfc2a42633a1886b00fed	/Users/a15356015027/Public/.minecraft/versions/愚者/mods/iceandfire-2.1.13-1.20.1-beta-5.jar
253	iceandfire:dragonscale_bronze	愚者	metal	assets/iceandfire/textures/block/dragonscale_bronze.png	16x16	5729be7c7aa55ad4aca250fb3f6dabd9c9a18610f4b994425cbb102587bcc03e	/Users/a15356015027/Public/.minecraft/versions/愚者/mods/iceandfire-2.1.13-1.20.1-beta-5.jar
254	iceandfire:dragonscale_copper	愚者	metal	assets/iceandfire/textures/block/dragonscale_copper.png	16x16	36e41e7d917f53970372991f1bfbb6e4fca59f7d66ad54a9d6f20926fcc94d12	/Users/a15356015027/Public/.minecraft/versions/愚者/mods/iceandfire-2.1.13-1.20.1-beta-5.jar
255	iceandfire:dragonscale_silver	愚者	metal	assets/iceandfire/textures/block/dragonscale_silver.png	16x16	e62e8728b29a81ff753d092cb0481ee4a4dd9ec22ed527e7f1d201f86f7a3947	/Users/a15356015027/Public/.minecraft/versions/愚者/mods/iceandfire-2.1.13-1.20.1-beta-5.jar
256	iceandfire:dread_stone_bricks_chiseled	愚者	carved	assets/iceandfire/textures/block/dread_stone_bricks_chiseled.png	16x16	737c63b0289f921909431d0d2aa2a124d4e7d16e85f7c144cb4511fa9fb6d75d	/Users/a15356015027/Public/.minecraft/versions/愚者/mods/iceandfire-2.1.13-1.20.1-beta-5.jar
257	iceandfire:dread_stone_tile	愚者	tile	assets/iceandfire/textures/block/dread_stone_tile.png	16x16	fbbe8fb6a604f71a2f5c3d0bb31cb185fe15c6e0fe8a25c87432a371a61be485	/Users/a15356015027/Public/.minecraft/versions/愚者/mods/iceandfire-2.1.13-1.20.1-beta-5.jar
258	iceandfire:crackled_dirt_path	愚者	natural	assets/iceandfire/textures/block/crackled_dirt_path_side.png	16x16	b6fccd254dcc8905e8a63808afa64e213250470351083ec617976d622be79bc2	/Users/a15356015027/Public/.minecraft/versions/愚者/mods/iceandfire-2.1.13-1.20.1-beta-5.jar
259	iceandfire:frozen_dirt_path	愚者	natural	assets/iceandfire/textures/block/frozen_dirt_path_side.png	16x16	a465ddfb5f70781b6d01eb79fc96deef6b04bc520f54e0aaaaae4fad0409a20b	/Users/a15356015027/Public/.minecraft/versions/愚者/mods/iceandfire-2.1.13-1.20.1-beta-5.jar
260	iceandfire:dragonforge_lightning_core_disabled	愚者	other	assets/iceandfire/textures/block/dragonforge_lightning_core_disabled.png	16x16	7ca1ab13a8140e5e349a27ccb91040f04cd82a47ab4b2c6a0f8253e5627f2ec6	/Users/a15356015027/Public/.minecraft/versions/愚者/mods/iceandfire-2.1.13-1.20.1-beta-5.jar
261	decorative_blocks:rocky_dirt	愚者	raw_stone	assets/decorative_blocks/textures/block/rocky_dirt.png	16x16	56fc25b6e2a33069bfa0d06b9aa7173aa8c0b3c8153e25beb0147e4ad655653f	/Users/a15356015027/Public/.minecraft/versions/愚者/mods/decorative_blocks-forge-1.20.1-4.1.3.jar
262	decorative_blocks:acacia_beam	愚者	wood	assets/decorative_blocks/textures/block/acacia_beam_side.png	16x16	548d44f2cc9095dd9912be355fb431fb9173ec17610aa157608e9429a94bb7df	/Users/a15356015027/Public/.minecraft/versions/愚者/mods/decorative_blocks-forge-1.20.1-4.1.3.jar
263	decorative_blocks:bamboo_palisade	愚者	wood	assets/decorative_blocks/textures/block/bamboo_palisade_side.png	16x16	c0ea2f01424af981dddbdc8d44b2eee9c8ef0a308244e90fa709d9e3ad410011	/Users/a15356015027/Public/.minecraft/versions/愚者/mods/decorative_blocks-forge-1.20.1-4.1.3.jar
264	decorative_blocks:bamboo_support	愚者	wood	assets/decorative_blocks/textures/block/bamboo_support_side.png	16x16	5d3c2a92bb4a3990da0a5318dee3982c6793d829c9fc6fbe7e9c66b0babb706f	/Users/a15356015027/Public/.minecraft/versions/愚者/mods/decorative_blocks-forge-1.20.1-4.1.3.jar
265	decorative_blocks:birch_beam	愚者	wood	assets/decorative_blocks/textures/block/birch_beam_side.png	16x16	dfca3c76e5f8f1dfbf24a209f1e0ec9bb85c93f7a86a52f80df7a3bb63fb437c	/Users/a15356015027/Public/.minecraft/versions/愚者/mods/decorative_blocks-forge-1.20.1-4.1.3.jar
266	decorative_blocks:cherry_beam	愚者	wood	assets/decorative_blocks/textures/block/cherry_beam_side.png	16x16	6160d0038c6fdfd049a4507e6df6a237ee1d389a14f6e7523c05ac4db649c322	/Users/a15356015027/Public/.minecraft/versions/愚者/mods/decorative_blocks-forge-1.20.1-4.1.3.jar
267	decorative_blocks:crimson_beam	愚者	wood	assets/decorative_blocks/textures/block/crimson_beam_side.png	16x16	a440f2a328856d5cb8e8450e8f85998cb9dc52873d4a47d7f15628ef3733da76	/Users/a15356015027/Public/.minecraft/versions/愚者/mods/decorative_blocks-forge-1.20.1-4.1.3.jar
268	decorative_blocks:dark_oak_beam	愚者	wood	assets/decorative_blocks/textures/block/dark_oak_beam_side.png	16x16	ff332854f9dcc44ba36654cbdb4d3eedd1033782ff1ea34c8c37204b9e8ef61d	/Users/a15356015027/Public/.minecraft/versions/愚者/mods/decorative_blocks-forge-1.20.1-4.1.3.jar
269	decorative_blocks:jungle_beam	愚者	wood	assets/decorative_blocks/textures/block/jungle_beam_side.png	16x16	9b5f4142cf7244a3b0ca0b7396e017f030406b43a7f3d080d6a8c8a0779def27	/Users/a15356015027/Public/.minecraft/versions/愚者/mods/decorative_blocks-forge-1.20.1-4.1.3.jar
270	decorative_blocks:mangrove_beam	愚者	wood	assets/decorative_blocks/textures/block/mangrove_beam_side.png	16x16	aaa9f4901f308d4c1360547c316d226b205dae39f22a1116ecea1937f4982a7a	/Users/a15356015027/Public/.minecraft/versions/愚者/mods/decorative_blocks-forge-1.20.1-4.1.3.jar
271	decorative_blocks:oak_beam	愚者	wood	assets/decorative_blocks/textures/block/oak_beam_side.png	16x16	1990eb80a5950e5931cdf9c1dad5391c16a4ce611895ab96b553dd3203ce3598	/Users/a15356015027/Public/.minecraft/versions/愚者/mods/decorative_blocks-forge-1.20.1-4.1.3.jar
272	decorative_blocks:spruce_beam	愚者	wood	assets/decorative_blocks/textures/block/spruce_beam_side.png	16x16	c2f9b5e601eb62561dcaf250123dee5f8ccbd243a9f4865f141bb934c263d015	/Users/a15356015027/Public/.minecraft/versions/愚者/mods/decorative_blocks-forge-1.20.1-4.1.3.jar
273	decorative_blocks:warped_beam	愚者	wood	assets/decorative_blocks/textures/block/warped_beam_side.png	16x16	f5a7dbbade8d1e5938b828422fca23427ba39284057436667d0a0987fc421c63	/Users/a15356015027/Public/.minecraft/versions/愚者/mods/decorative_blocks-forge-1.20.1-4.1.3.jar
274	decorative_blocks:acacia_support	愚者	other	assets/decorative_blocks/textures/block/acacia_support_side.png	16x16	aee6cec00d70e4cb7e41b9a8e7e9f45636f519a3df2f5ef227c87ae60a0b0c3c	/Users/a15356015027/Public/.minecraft/versions/愚者/mods/decorative_blocks-forge-1.20.1-4.1.3.jar
275	decorative_blocks:birch_palisade	愚者	other	assets/decorative_blocks/textures/block/birch_palisade_side.png	16x16	5b4601625d21c419b6070f0f97ce78a29da29073c1f8bf86778c69923ece1405	/Users/a15356015027/Public/.minecraft/versions/愚者/mods/decorative_blocks-forge-1.20.1-4.1.3.jar
276	decorative_blocks:cherry_support	愚者	other	assets/decorative_blocks/textures/block/cherry_support_side.png	16x16	20f319189f27b451540a62ab7f40b9c9f09113a1dfccffebbdca948895a10f08	/Users/a15356015027/Public/.minecraft/versions/愚者/mods/decorative_blocks-forge-1.20.1-4.1.3.jar
277	decorative_blocks:mangrove_support	愚者	other	assets/decorative_blocks/textures/block/mangrove_support_side.png	16x16	be902ba778ec411cd82403fa412cd57e2514a059310687373ab23a1431d34683	/Users/a15356015027/Public/.minecraft/versions/愚者/mods/decorative_blocks-forge-1.20.1-4.1.3.jar
278	decorative_blocks:warped_palisade	愚者	other	assets/decorative_blocks/textures/block/warped_palisade_side.png	16x16	fbcef214b6a02f52e783a881d658444ba3107700bef8bbcaa45dee8639df28c6	/Users/a15356015027/Public/.minecraft/versions/愚者/mods/decorative_blocks-forge-1.20.1-4.1.3.jar
279	chipped:double_mud_bricks_bricks	乌托邦探险之旅3.5.2	brick	assets/chipped/textures/block/mud_bricks/double_mud_bricks_bricks.png	16x16	afa07f9cd01163b55e8fbd7480f00a8fbc819e6b0403cf10729738b1d5b33986	/Users/a15356015027/Public/.minecraft/versions/乌托邦探险之旅3.5.2/mods/chipped-fabric-1.20.1-3.0.7.jar
280	chipped:tiny_layered_crying_obsidian_bricks	乌托邦探险之旅3.5.2	brick	assets/chipped/textures/block/crying_obsidian/tiny_layered_crying_obsidian_bricks.png	16x16	817025f3bbc6b48eea25a97c960daf92d5c720f03615e8506adee3afdedd2c59	/Users/a15356015027/Public/.minecraft/versions/乌托邦探险之旅3.5.2/mods/chipped-fabric-1.20.1-3.0.7.jar
281	chipped:tiny_layered_gilded_blackstone_bricks	乌托邦探险之旅3.5.2	brick	assets/chipped/textures/block/gilded_blackstone/tiny_layered_gilded_blackstone_bricks.png	16x16	cb834772936afbd41bc2f48169d982adcf3242a7fc60e46d01efbc2aa987806e	/Users/a15356015027/Public/.minecraft/versions/乌托邦探险之旅3.5.2/mods/chipped-fabric-1.20.1-3.0.7.jar
282	chipped:bordered_gilded_blackstone	乌托邦探险之旅3.5.2	raw_stone	assets/chipped/textures/block/gilded_blackstone/bordered_gilded_blackstone.png	16x16	c25d8aae19f1f1a693465c55550b8a9befed9935c0cf202e942a83ef56d9fafa	/Users/a15356015027/Public/.minecraft/versions/乌托邦探险之旅3.5.2/mods/chipped-fabric-1.20.1-3.0.7.jar
283	chipped:sad_basalt	乌托邦探险之旅3.5.2	raw_stone	assets/chipped/textures/block/basalt/sad_basalt.png	16x16	157f28f82e04d05e982effd2e347cebed5b1518b2d18336d517c3614e17c3a97	/Users/a15356015027/Public/.minecraft/versions/乌托邦探险之旅3.5.2/mods/chipped-fabric-1.20.1-3.0.7.jar
284	chipped:spiraled_granite	乌托邦探险之旅3.5.2	raw_stone	assets/chipped/textures/block/granite/spiraled_granite.png	16x16	924cc6895386dcb6ef07c83e8dfce5451b7c1ec02aa4e2a28247904c1e0201a3	/Users/a15356015027/Public/.minecraft/versions/乌托邦探险之旅3.5.2/mods/chipped-fabric-1.20.1-3.0.7.jar
285	chipped:jungle_crate	乌托邦探险之旅3.5.2	functional	assets/chipped/textures/block/barrel/jungle_crate_side.png	16x16	40a3f66da72b17ab252bc2bb6c9d6bfbc444a3b3440c31544631dd90521e4343	/Users/a15356015027/Public/.minecraft/versions/乌托邦探险之旅3.5.2/mods/chipped-fabric-1.20.1-3.0.7.jar
286	chipped:mangrove_tile_barrel	乌托邦探险之旅3.5.2	functional	assets/chipped/textures/block/barrel/mangrove_tile_barrel_side.png	16x16	620791ca75dd6f5061d28fb90ab7705aaa96a94b3a06d081e613a28d913d77d6	/Users/a15356015027/Public/.minecraft/versions/乌托邦探险之旅3.5.2/mods/chipped-fabric-1.20.1-3.0.7.jar
287	chipped:spruce_barrel	乌托邦探险之旅3.5.2	functional	assets/chipped/textures/block/barrel/spruce_barrel_side.png	16x16	eb0af29c04a02db3c339a27d24ba9ca31d7b82ce8a4b61f47e29b99b111c588e	/Users/a15356015027/Public/.minecraft/versions/乌托邦探险之旅3.5.2/mods/chipped-fabric-1.20.1-3.0.7.jar
288	chipped:herringbone_bamboo_planks	乌托邦探险之旅3.5.2	wood	assets/chipped/textures/block/bamboo_planks/herringbone_bamboo_planks.png	16x16	11cc688de992d491019572715d14f6212675332ee49c8fc26f75095bf8e54c19	/Users/a15356015027/Public/.minecraft/versions/乌托邦探险之旅3.5.2/mods/chipped-fabric-1.20.1-3.0.7.jar
289	chipped:railed_mangrove_planks	乌托邦探险之旅3.5.2	wood	assets/chipped/textures/block/mangrove_planks/railed_mangrove_planks.png	16x16	aa42fd80950679c53048dcffa773787dedafa87b98d20b8fd476dd6106d25d1c	/Users/a15356015027/Public/.minecraft/versions/乌托邦探险之旅3.5.2/mods/chipped-fabric-1.20.1-3.0.7.jar
290	chipped:duh_raw_gold_block	乌托邦探险之旅3.5.2	metal	assets/chipped/textures/block/raw_gold_block/duh_raw_gold_block.png	16x16	bed57bbf8a2eb2f6db157ba031e6ef9dfe9d58593509217930d521a292844fd7	/Users/a15356015027/Public/.minecraft/versions/乌托邦探险之旅3.5.2/mods/chipped-fabric-1.20.1-3.0.7.jar
291	chipped:sad_raw_copper_block	乌托邦探险之旅3.5.2	metal	assets/chipped/textures/block/raw_copper_block/sad_raw_copper_block.png	16x16	2e0a6dc0b568bd6e15fa1610dac74845099f33a0e49fd6497b1b83f9542a8957	/Users/a15356015027/Public/.minecraft/versions/乌托邦探险之旅3.5.2/mods/chipped-fabric-1.20.1-3.0.7.jar
292	chipped:carved_blue_ice	乌托邦探险之旅3.5.2	carved	assets/chipped/textures/block/blue_ice/carved_blue_ice.png	16x16	a49fc87f2946febf9f7b7be0720f7b16769ebb94ee6023506a35676cdbaf6626	/Users/a15356015027/Public/.minecraft/versions/乌托邦探险之旅3.5.2/mods/chipped-fabric-1.20.1-3.0.7.jar
293	chipped:engraved_emerald_block	乌托邦探险之旅3.5.2	carved	assets/chipped/textures/block/emerald_block/engraved_emerald_block.png	16x16	3ab2b6138ad2c87939ba27dd195f990617bd6701907b41c03102f1415171e53e	/Users/a15356015027/Public/.minecraft/versions/乌托邦探险之旅3.5.2/mods/chipped-fabric-1.20.1-3.0.7.jar
294	chipped:checkered_packed_ice_tiles	乌托邦探险之旅3.5.2	tile	assets/chipped/textures/block/packed_ice/checkered_packed_ice_tiles.png	16x16	23b97005a1f26f48f5305d5ee19462986316a818ee380750e07f8f086f9192b1	/Users/a15356015027/Public/.minecraft/versions/乌托邦探险之旅3.5.2/mods/chipped-fabric-1.20.1-3.0.7.jar
295	chipped:smooth_cobblestone_column	乌托邦探险之旅3.5.2	tile	assets/chipped/textures/block/cobblestone/smooth_cobblestone_column.png	16x16	73ad61a33729c9f88dcdd01da66f273c3c698dae6009a34f94eb975f9eff672a	/Users/a15356015027/Public/.minecraft/versions/乌托邦探险之旅3.5.2/mods/chipped-fabric-1.20.1-3.0.7.jar
296	chipped:sanded_netherrack	乌托邦探险之旅3.5.2	natural	assets/chipped/textures/block/netherrack/sanded_netherrack.png	16x16	452c7d2074778ad3a988f9fc03a0507363b36fb4646fd20e5bc17eafcf16726e	/Users/a15356015027/Public/.minecraft/versions/乌托邦探险之旅3.5.2/mods/chipped-fabric-1.20.1-3.0.7.jar
297	chipped:vertical_cut_blue_ice	乌托邦探险之旅3.5.2	natural	assets/chipped/textures/block/blue_ice/vertical_cut_blue_ice.png	16x16	e2d923225348fa905eb17965c412fdba0df3411a90ae21c78275ddfdc1c8a303	/Users/a15356015027/Public/.minecraft/versions/乌托邦探险之旅3.5.2/mods/chipped-fabric-1.20.1-3.0.7.jar
298	chipped:glass_verdant_froglight	乌托邦探险之旅3.5.2	other	assets/chipped/textures/block/verdant_froglight/glass_verdant_froglight.png	16x16	72e388e0266cef5a6df738c946d1bd411605c6973cd333d1611e8e9e9369c505	/Users/a15356015027/Public/.minecraft/versions/乌托邦探险之旅3.5.2/mods/chipped-fabric-1.20.1-3.0.7.jar
299	stoneworks:basalt_bricks	乌托邦探险之旅3.5.2	brick	assets/stoneworks/textures/block/basalt_bricks.png	16x16	eaad8076c411eb22e22293d713d78ed57f888735918a4432c15db3958b14ce07	/Users/a15356015027/Public/.minecraft/versions/乌托邦探险之旅3.5.2/mods/Stoneworks-v8.0.0-1.20.1-Fabric.jar
300	stoneworks:calcite_bricks	乌托邦探险之旅3.5.2	brick	assets/stoneworks/textures/block/calcite_bricks.png	16x16	0112668a8eccf272df81efbb7b309cfd7d00938dd03cf87a617777ed558f7ff8	/Users/a15356015027/Public/.minecraft/versions/乌托邦探险之旅3.5.2/mods/Stoneworks-v8.0.0-1.20.1-Fabric.jar
301	stoneworks:cracked_tuff_bricks	乌托邦探险之旅3.5.2	brick	assets/stoneworks/textures/block/cracked_tuff_bricks.png	16x16	6a315eb5f9c7e49d14807580afff8f62d1a64ee44663f8b97bf4b69994860818	/Users/a15356015027/Public/.minecraft/versions/乌托邦探险之旅3.5.2/mods/Stoneworks-v8.0.0-1.20.1-Fabric.jar
302	stoneworks:mossy_sandstone_bricks	乌托邦探险之旅3.5.2	brick	assets/stoneworks/textures/block/mossy_sandstone_bricks.png	16x16	00eb8d6ed8baddbdb593978ee24342cc0b8d7ff675a9770bfd4df91ee1eebdaa	/Users/a15356015027/Public/.minecraft/versions/乌托邦探险之旅3.5.2/mods/Stoneworks-v8.0.0-1.20.1-Fabric.jar
303	stoneworks:cobbled_prismarine	乌托邦探险之旅3.5.2	raw_stone	assets/stoneworks/textures/block/cobbled_prismarine.png	16x16	c3a21ed0a26ed1fa92c819f98cc024b0666a4addd77821f1025820434a83016c	/Users/a15356015027/Public/.minecraft/versions/乌托邦探险之旅3.5.2/mods/Stoneworks-v8.0.0-1.20.1-Fabric.jar
304	stoneworks:mossy_cobbled_andesite	乌托邦探险之旅3.5.2	raw_stone	assets/stoneworks/textures/block/mossy_cobbled_andesite.png	16x16	61bf01fc9d7a707cf35213f4512d3a68b8f9bbf1330314488e67f61d47fa43e2	/Users/a15356015027/Public/.minecraft/versions/乌托邦探险之旅3.5.2/mods/Stoneworks-v8.0.0-1.20.1-Fabric.jar
305	stoneworks:mossy_cobbled_granite	乌托邦探险之旅3.5.2	raw_stone	assets/stoneworks/textures/block/mossy_cobbled_granite.png	16x16	07711130608491bf955909bf1812129d538c2153be73b97c313c03e8f1b3d420	/Users/a15356015027/Public/.minecraft/versions/乌托邦探险之旅3.5.2/mods/Stoneworks-v8.0.0-1.20.1-Fabric.jar
306	stoneworks:mossy_cobbled_purpur	乌托邦探险之旅3.5.2	raw_stone	assets/stoneworks/textures/block/mossy_cobbled_purpur.png	16x16	f9bcf332054dad2e3d65a62fa538e9c66fd99080a17a89dffcca5b1b73707fde	/Users/a15356015027/Public/.minecraft/versions/乌托邦探险之旅3.5.2/mods/Stoneworks-v8.0.0-1.20.1-Fabric.jar
307	stoneworks:chiseled_andesite	乌托邦探险之旅3.5.2	carved	assets/stoneworks/textures/block/chiseled_andesite.png	16x16	490bb0a29dcc336b0f641ad0776e2788a7ee2fbfd8740eca226f981468b0d5ee	/Users/a15356015027/Public/.minecraft/versions/乌托邦探险之旅3.5.2/mods/Stoneworks-v8.0.0-1.20.1-Fabric.jar
308	stoneworks:chiseled_calcite	乌托邦探险之旅3.5.2	carved	assets/stoneworks/textures/block/chiseled_calcite.png	16x16	29e1c571fd5b64913eb8d30811c5705e4487a106e9cf7f2d785eb925fc4b62ed	/Users/a15356015027/Public/.minecraft/versions/乌托邦探险之旅3.5.2/mods/Stoneworks-v8.0.0-1.20.1-Fabric.jar
309	stoneworks:chiseled_dark_prismarine	乌托邦探险之旅3.5.2	carved	assets/stoneworks/textures/block/chiseled_dark_prismarine.png	16x16	4bc6f3fd37576bc134837a408ebe82df278c4ce31c2d4b8799b3ad5c2238f6dc	/Users/a15356015027/Public/.minecraft/versions/乌托邦探险之旅3.5.2/mods/Stoneworks-v8.0.0-1.20.1-Fabric.jar
310	stoneworks:chiseled_prismarine	乌托邦探险之旅3.5.2	carved	assets/stoneworks/textures/block/chiseled_prismarine.png	16x16	b9cc2eb582eb66438d42806755fcec936fedac32ec85b0b9838b1fc728e44adc	/Users/a15356015027/Public/.minecraft/versions/乌托邦探险之旅3.5.2/mods/Stoneworks-v8.0.0-1.20.1-Fabric.jar
311	stoneworks:cracked_calcite_tiles	乌托邦探险之旅3.5.2	tile	assets/stoneworks/textures/block/cracked_calcite_tiles.png	16x16	96c5c9716b58fc7ec4ed4ffbc061f65ba7acee22f49b33d195afb4f16312ec9b	/Users/a15356015027/Public/.minecraft/versions/乌托邦探险之旅3.5.2/mods/Stoneworks-v8.0.0-1.20.1-Fabric.jar
312	stoneworks:granite_pillar	乌托邦探险之旅3.5.2	tile	assets/stoneworks/textures/block/granite_pillar_side.png	16x16	6ca787d3cd05ad731a3361054e624a2a4c72d1400e27072b8c6c98ebd336987f	/Users/a15356015027/Public/.minecraft/versions/乌托邦探险之旅3.5.2/mods/Stoneworks-v8.0.0-1.20.1-Fabric.jar
313	stoneworks:red_sandstone_pillar	乌托邦探险之旅3.5.2	tile	assets/stoneworks/textures/block/red_sandstone_pillar_side.png	16x16	c3d4830d8adc27f66737e26f7c1df231f1aa2e39403e1b56007d94f4d710f112	/Users/a15356015027/Public/.minecraft/versions/乌托邦探险之旅3.5.2/mods/Stoneworks-v8.0.0-1.20.1-Fabric.jar
314	stoneworks:calcite_pavers	乌托邦探险之旅3.5.2	natural	assets/stoneworks/textures/block/calcite_pavers.png	16x16	e608ce275d3655ab19813ded306993041dfa8bbd5460658271644c228537509b	/Users/a15356015027/Public/.minecraft/versions/乌托邦探险之旅3.5.2/mods/Stoneworks-v8.0.0-1.20.1-Fabric.jar
315	stoneworks:prismarine_pavers	乌托邦探险之旅3.5.2	natural	assets/stoneworks/textures/block/prismarine_pavers.png	16x16	7b1b9c813edc8f3e34e055286a84033e90034f554fab67c3cd0524095aeb2d95	/Users/a15356015027/Public/.minecraft/versions/乌托邦探险之旅3.5.2/mods/Stoneworks-v8.0.0-1.20.1-Fabric.jar
316	stoneworks:prismarine_plates	乌托邦探险之旅3.5.2	natural	assets/stoneworks/textures/block/prismarine_plates.png	16x16	17b8810240864c5fe746b37c73b126e2158a95ac53b27f8711abf63760c887f4	/Users/a15356015027/Public/.minecraft/versions/乌托邦探险之旅3.5.2/mods/Stoneworks-v8.0.0-1.20.1-Fabric.jar
317	stoneworks:quartz_plates	乌托邦探险之旅3.5.2	other	assets/stoneworks/textures/block/quartz_plates.png	16x16	9fa5f9ed3f3163f644eea761e4f30c56118975aee73790ea950710d9f93c5917	/Users/a15356015027/Public/.minecraft/versions/乌托邦探险之旅3.5.2/mods/Stoneworks-v8.0.0-1.20.1-Fabric.jar
318	stoneworks:quartz_shingles	乌托邦探险之旅3.5.2	other	assets/stoneworks/textures/block/quartz_shingles.png	16x16	82ce84ec30318c0f2c3c12f862022f568e196c687a31658b0d52768efb904a3c	/Users/a15356015027/Public/.minecraft/versions/乌托邦探险之旅3.5.2/mods/Stoneworks-v8.0.0-1.20.1-Fabric.jar
319	supplementaries:ash_bricks	乌托邦探险之旅3.5.2	brick	assets/supplementaries/textures/block/ash_bricks.png	16x16	bea9c6143c6edd4cfb0821b43ebde4f27595d9cadae6c4e126792da9d32c6ae1	/Users/a15356015027/Public/.minecraft/versions/乌托邦探险之旅3.5.2/mods/supplementaries-1.20-3.1.42-fabric.jar
320	supplementaries:gravel_bricks	乌托邦探险之旅3.5.2	brick	assets/supplementaries/textures/block/gravel_bricks.png	16x16	5383560a248e5dbe657d4594d055cef5b410dde98b98bc16ea12cd1b9eb43bab	/Users/a15356015027/Public/.minecraft/versions/乌托邦探险之旅3.5.2/mods/supplementaries-1.20-3.1.42-fabric.jar
321	supplementaries:lapis_bricks	乌托邦探险之旅3.5.2	brick	assets/supplementaries/textures/block/lapis_bricks.png	16x16	1a089f15500c6949b63a1df9d423967cae0f18917b6db8b1e5678245994cce8f	/Users/a15356015027/Public/.minecraft/versions/乌托邦探险之旅3.5.2/mods/supplementaries-1.20-3.1.42-fabric.jar
322	supplementaries:suspicious_gravel_bricks	乌托邦探险之旅3.5.2	brick	assets/supplementaries/textures/block/suspicious_gravel_bricks.png	16x16	5c4b36a5508c6ce549e546348ec4bf06cd90ec4a09d563826c690377057799c6	/Users/a15356015027/Public/.minecraft/versions/乌托邦探险之旅3.5.2/mods/supplementaries-1.20-3.1.42-fabric.jar
323	supplementaries:ashen_basalt	乌托邦探险之旅3.5.2	raw_stone	assets/supplementaries/textures/block/ashen_basalt.png	16x16	cbca8d00ee745fa3b73f50704ce94af02133b306f23eed7990089763cd837347	/Users/a15356015027/Public/.minecraft/versions/乌托邦探险之旅3.5.2/mods/supplementaries-1.20-3.1.42-fabric.jar
324	supplementaries:blackstone_lamp	乌托邦探险之旅3.5.2	raw_stone	assets/supplementaries/textures/block/blackstone_lamp.png	16x16	ebe4660f4674ec28d406b63a0549adcba5dffd84c2005178e9c7c1de06a3bd4b	/Users/a15356015027/Public/.minecraft/versions/乌托邦探险之旅3.5.2/mods/supplementaries-1.20-3.1.42-fabric.jar
325	supplementaries:deepslate_lamp	乌托邦探险之旅3.5.2	raw_stone	assets/supplementaries/textures/block/deepslate_lamp.png	16x16	20939bece6fc30c92fbc0153a2f3841abbaaa537f8bcba9c886fe4105354b415	/Users/a15356015027/Public/.minecraft/versions/乌托邦探险之旅3.5.2/mods/supplementaries-1.20-3.1.42-fabric.jar
326	supplementaries:end_stone_lamp	乌托邦探险之旅3.5.2	raw_stone	assets/supplementaries/textures/block/end_lamps/end_stone_lamp_a.png	16x16	f85517b27900515bfda8a33256dacbbba4c17d334cf570867a9b60018a40703d	/Users/a15356015027/Public/.minecraft/versions/乌托邦探险之旅3.5.2/mods/supplementaries-1.20-3.1.42-fabric.jar
327	supplementaries:redstone_illuminator	乌托邦探险之旅3.5.2	raw_stone	assets/supplementaries/textures/block/redstone_illuminator_0.png	16x16	63dd6a0d4390e0bc46f6170972b3d4cf85de855498ebadd540996e60a52031e4	/Users/a15356015027/Public/.minecraft/versions/乌托邦探险之旅3.5.2/mods/supplementaries-1.20-3.1.42-fabric.jar
328	supplementaries:stone_lamp	乌托邦探险之旅3.5.2	raw_stone	assets/supplementaries/textures/block/stone_lamp.png	16x16	83a68f9b9eee15945946f1b018256216131c59763ac4afea88c63e99c246ab43	/Users/a15356015027/Public/.minecraft/versions/乌托邦探险之旅3.5.2/mods/supplementaries-1.20-3.1.42-fabric.jar
329	supplementaries:crystal_display	乌托邦探险之旅3.5.2	functional	assets/supplementaries/textures/block/display_front.png	16x16	ac134ba4529d1b8018fa16047db4f933e0672bd0762a890667e42bcb113b3eed	/Users/a15356015027/Public/.minecraft/versions/乌托邦探险之旅3.5.2/mods/supplementaries-1.20-3.1.42-fabric.jar
330	supplementaries:turn_table	乌托邦探险之旅3.5.2	functional	assets/supplementaries/textures/block/turn_table_side_left.png	16x16	c990a5a1a8551e2037a78dc07e2c968684338cef4ea4b1a09446671f80a05913	/Users/a15356015027/Public/.minecraft/versions/乌托邦探险之旅3.5.2/mods/supplementaries-1.20-3.1.42-fabric.jar
331	supplementaries:bamboo_spikes	乌托邦探险之旅3.5.2	wood	assets/supplementaries/textures/block/bamboo_spikes_base.png	16x16	46db6d573556665704e0ee82b8fdd370be060e66c88bc2b925178fa0809c6fb2	/Users/a15356015027/Public/.minecraft/versions/乌托邦探险之旅3.5.2/mods/supplementaries-1.20-3.1.42-fabric.jar
332	supplementaries:fine_wood	乌托邦探险之旅3.5.2	wood	assets/supplementaries/textures/block/cabin_siding_side.png	16x16	2a71e61bd8cf387f1dd0cccd8f37ff8aba1c43f2a5beb488c356fd7b5bc52a9d	/Users/a15356015027/Public/.minecraft/versions/乌托邦探险之旅3.5.2/mods/supplementaries-1.20-3.1.42-fabric.jar
333	supplementaries:blackstone_tile	乌托邦探险之旅3.5.2	tile	assets/supplementaries/textures/block/blackstone_tiles.png	16x16	b4a0a19af2861a99210d554fdbd684e92702b9c396e67550c728a168c821b03c	/Users/a15356015027/Public/.minecraft/versions/乌托邦探险之旅3.5.2/mods/supplementaries-1.20-3.1.42-fabric.jar
334	supplementaries:stone_tile	乌托邦探险之旅3.5.2	tile	assets/supplementaries/textures/block/stone_tiles.png	16x16	54e749d91ac7eb09900981e03be36f1a6e268f4ecfd168edd8dd0518e48b3f22	/Users/a15356015027/Public/.minecraft/versions/乌托邦探险之旅3.5.2/mods/supplementaries-1.20-3.1.42-fabric.jar
335	supplementaries:ash	乌托邦探险之旅3.5.2	natural	assets/supplementaries/textures/block/ash.png	16x16	6eb9eb59fe07c8b675576a3b162f872f9f18ff55d5900112cbd4ebc48bac2113	/Users/a15356015027/Public/.minecraft/versions/乌托邦探险之旅3.5.2/mods/supplementaries-1.20-3.1.42-fabric.jar
336	supplementaries:notice_board	乌托邦探险之旅3.5.2	natural	assets/supplementaries/textures/block/notice_board_front.png	16x16	11e21f83d56a89d1d927950ffd52416c1c4245e0fae8d29de5f59c969c971507	/Users/a15356015027/Public/.minecraft/versions/乌托邦探险之旅3.5.2/mods/supplementaries-1.20-3.1.42-fabric.jar
337	supplementaries:raked_gravel	乌托邦探险之旅3.5.2	natural	assets/minecraft/textures/block/gravel.png	16x16	6f4f89e763e3370139833ee4eda730b9487f66f2725ef704452f3f63baa2485b	/Users/a15356015027/Public/.minecraft/versions/乌托邦探险之旅3.5.2/mods/supplementaries-1.20-3.1.42-fabric.jar
338	supplementaries:awning_orange	乌托邦探险之旅3.5.2	other	assets/supplementaries/textures/block/awnings/awning_orange.png	16x16	0c1dba1e3ffcdc3f10633ff938de2071866a470e14bb8ad3bb197924a64f0a6c	/Users/a15356015027/Public/.minecraft/versions/乌托邦探险之旅3.5.2/mods/supplementaries-1.20-3.1.42-fabric.jar
339	galosphere:allurite_bricks	乌托邦探险之旅3.5.2	brick	assets/galosphere/textures/block/allurite_bricks.png	16x16	e6785764ca20b3abe239c9eedd51dad143928704ade85aa5d2b970f3ae244e66	/Users/a15356015027/Public/.minecraft/versions/乌托邦探险之旅3.5.2/mods/Galosphere-1.20.1-1.4.1-Fabric.jar
340	galosphere:lumiere_bricks	乌托邦探险之旅3.5.2	brick	assets/galosphere/textures/block/lumiere_bricks.png	16x16	56db4fc75c8366541d741a1014c28b6a16a124be6181cf48aad02d900092bcb9	/Users/a15356015027/Public/.minecraft/versions/乌托邦探险之旅3.5.2/mods/Galosphere-1.20.1-1.4.1-Fabric.jar
341	galosphere:pastel_pink_salt_bricks	乌托邦探险之旅3.5.2	brick	assets/galosphere/textures/block/pastel_pink_salt_bricks.png	16x16	c6e97af9571334b744b0feec601a8e3b60246b7a79f6db4f5d7533f9ab12ffc8	/Users/a15356015027/Public/.minecraft/versions/乌托邦探险之旅3.5.2/mods/Galosphere-1.20.1-1.4.1-Fabric.jar
342	galosphere:rose_pink_salt_bricks	乌托邦探险之旅3.5.2	brick	assets/galosphere/textures/block/rose_pink_salt_bricks.png	16x16	5a35a2ba104f0c2c2032d0396f66793e8c59585660a7f3ab413e8739988b5b01	/Users/a15356015027/Public/.minecraft/versions/乌托邦探险之旅3.5.2/mods/Galosphere-1.20.1-1.4.1-Fabric.jar
343	galosphere:deepslate_silver_ore	乌托邦探险之旅3.5.2	ore	assets/galosphere/textures/block/deepslate_silver_ore.png	16x16	c87f2b9cb96377742a1e50e55d330e209d1efec75542ab097b8b23c415fea76b	/Users/a15356015027/Public/.minecraft/versions/乌托邦探险之旅3.5.2/mods/Galosphere-1.20.1-1.4.1-Fabric.jar
344	galosphere:silver_ore	乌托邦探险之旅3.5.2	ore	assets/galosphere/textures/block/silver_ore.png	16x16	9b83bf8370ab386fdaafe8fc69233e7d30b1c2fbc14035c6ece7bae0a790710c	/Users/a15356015027/Public/.minecraft/versions/乌托邦探险之旅3.5.2/mods/Galosphere-1.20.1-1.4.1-Fabric.jar
345	galosphere:combustion_table	乌托邦探险之旅3.5.2	functional	assets/galosphere/textures/block/combustion_table_side2.png	16x16	dd0502d8adcc75e1ef3d9a64956464458f593c67f04bde149c0f9e9f7bf4be99	/Users/a15356015027/Public/.minecraft/versions/乌托邦探险之旅3.5.2/mods/Galosphere-1.20.1-1.4.1-Fabric.jar
346	galosphere:raw_silver_block	乌托邦探险之旅3.5.2	metal	assets/galosphere/textures/block/raw_silver_block.png	16x16	a981e191d422dab3758e9fa669581d9e813aef472014e7317bd4965e548b6bcc	/Users/a15356015027/Public/.minecraft/versions/乌托邦探险之旅3.5.2/mods/Galosphere-1.20.1-1.4.1-Fabric.jar
347	galosphere:silver_balance	乌托邦探险之旅3.5.2	metal	assets/galosphere/textures/block/silver_balance.png	16x16	35580a1cce1ed95f2f565986abddc2ba986638903ba36c4c801fe5488f56cc5a	/Users/a15356015027/Public/.minecraft/versions/乌托邦探险之旅3.5.2/mods/Galosphere-1.20.1-1.4.1-Fabric.jar
348	galosphere:silver_block	乌托邦探险之旅3.5.2	metal	assets/galosphere/textures/block/silver_block.png	16x16	c528beee9a8dd6a949a28347b915536f7d0c9e72a21dc67387d7f6a9fb1ff3db	/Users/a15356015027/Public/.minecraft/versions/乌托邦探险之旅3.5.2/mods/Galosphere-1.20.1-1.4.1-Fabric.jar
349	galosphere:silver_panel	乌托邦探险之旅3.5.2	metal	assets/galosphere/textures/block/silver_panel.png	16x16	e4a85270f7acd3de180c07907b039dad6bbf80df810cea43b852eabd5b2e9a49	/Users/a15356015027/Public/.minecraft/versions/乌托邦探险之旅3.5.2/mods/Galosphere-1.20.1-1.4.1-Fabric.jar
350	galosphere:chiseled_allurite	乌托邦探险之旅3.5.2	carved	assets/galosphere/textures/block/chiseled_allurite.png	16x16	518d6d4ee131aa3a0325e331eb6f78863c7affac0d469dd689f2dd8b41e75f10	/Users/a15356015027/Public/.minecraft/versions/乌托邦探险之旅3.5.2/mods/Galosphere-1.20.1-1.4.1-Fabric.jar
351	galosphere:chiseled_lumiere	乌托邦探险之旅3.5.2	carved	assets/galosphere/textures/block/chiseled_lumiere.png	16x16	3e32670c7ad994ebd457c353af27fada943a753d8f5011d35b8d5dcee0f84380	/Users/a15356015027/Public/.minecraft/versions/乌托邦探险之旅3.5.2/mods/Galosphere-1.20.1-1.4.1-Fabric.jar
352	galosphere:chiseled_pink_salt	乌托邦探险之旅3.5.2	carved	assets/galosphere/textures/block/chiseled_pink_salt.png	16x16	cc4574f3a4986822bc4e5bafa1261f6c25fd55679d9cd82f2a45917c6ba16560	/Users/a15356015027/Public/.minecraft/versions/乌托邦探险之旅3.5.2/mods/Galosphere-1.20.1-1.4.1-Fabric.jar
353	galosphere:chiseled_rose_pink_salt	乌托邦探险之旅3.5.2	carved	assets/galosphere/textures/block/chiseled_rose_pink_salt.png	16x16	f05abc94b7367eeabcfab34bc32cdc7ad35f9e6bdd82555b230cb5ae7242910b	/Users/a15356015027/Public/.minecraft/versions/乌托邦探险之旅3.5.2/mods/Galosphere-1.20.1-1.4.1-Fabric.jar
354	galosphere:polished_pastel_pink_salt	乌托邦探险之旅3.5.2	tile	assets/galosphere/textures/block/polished_pastel_pink_salt.png	16x16	633ed23fd7a4a79f9ad0f605ad20265f5a92151454e7ef65b831cafe815588a4	/Users/a15356015027/Public/.minecraft/versions/乌托邦探险之旅3.5.2/mods/Galosphere-1.20.1-1.4.1-Fabric.jar
355	galosphere:polished_rose_pink_salt	乌托邦探险之旅3.5.2	tile	assets/galosphere/textures/block/polished_rose_pink_salt.png	16x16	e455d9d1d34418f68fd32db4280cdc25141b61a2996471b16310aeeae8520a54	/Users/a15356015027/Public/.minecraft/versions/乌托邦探险之旅3.5.2/mods/Galosphere-1.20.1-1.4.1-Fabric.jar
356	galosphere:silver_tiles	乌托邦探险之旅3.5.2	tile	assets/galosphere/textures/block/silver_tiles.png	16x16	12b51969c8d26ec339aa8742760f4d219140e9ff5bdd935204a4b6fbaca80321	/Users/a15356015027/Public/.minecraft/versions/乌托邦探险之旅3.5.2/mods/Galosphere-1.20.1-1.4.1-Fabric.jar
357	galosphere:lichen_moss	乌托邦探险之旅3.5.2	natural	assets/galosphere/textures/block/lichen_moss.png	16x16	1c62af8119a16aeb655ee2b4e7ee9e17d7fd7dfa707b96b47e33cf1870c59b9e	/Users/a15356015027/Public/.minecraft/versions/乌托邦探险之旅3.5.2/mods/Galosphere-1.20.1-1.4.1-Fabric.jar
358	galosphere:amethyst_lamp	乌托邦探险之旅3.5.2	other	assets/galosphere/textures/block/amethyst_lamp.png	16x16	261c7a91f7d206b775a28ed6c686d1127519d1da5da9d52615ad53bbe1d86b2d	/Users/a15356015027/Public/.minecraft/versions/乌托邦探险之旅3.5.2/mods/Galosphere-1.20.1-1.4.1-Fabric.jar
359	twigs:cracked_bricks	乌托邦探险之旅3.5.2	brick	assets/twigs/textures/block/cracked_bricks0.png	16x16	7db7344b2fe153297fcb53fae8601e991925f2a974687b0ba00ddee77f770058	/Users/a15356015027/Public/.minecraft/versions/乌托邦探险之旅3.5.2/mods/【原版方块美化+更多小细节】twigsfix-3.1.0.jar
360	twigs:cracked_polished_calcite_bricks	乌托邦探险之旅3.5.2	brick	assets/twigs/textures/block/cracked_polished_calcite_bricks.png	16x16	ea6e37395e50ec40915399e3104cf23519199244dc98a80dd061354b093bfab1	/Users/a15356015027/Public/.minecraft/versions/乌托邦探险之旅3.5.2/mods/【原版方块美化+更多小细节】twigsfix-3.1.0.jar
361	twigs:cracked_polished_rhyolite_bricks	乌托邦探险之旅3.5.2	brick	assets/twigs/textures/block/cracked_polished_rhyolite_bricks.png	16x16	f90ff0282d77e513fc7cb8dda37431fead238a9a1aca2d54cc0d8697f03d73af	/Users/a15356015027/Public/.minecraft/versions/乌托邦探险之旅3.5.2/mods/【原版方块美化+更多小细节】twigsfix-3.1.0.jar
362	twigs:polished_basalt_bricks	乌托邦探险之旅3.5.2	brick	assets/twigs/textures/block/polished_basalt_bricks.png	16x16	d581bd6237f481b2e29ca52e9ef6e2b815919c46b1f3d13fa5f330a551f47d5a	/Users/a15356015027/Public/.minecraft/versions/乌托邦探险之旅3.5.2/mods/【原版方块美化+更多小细节】twigsfix-3.1.0.jar
363	twigs:blackstone_column	乌托邦探险之旅3.5.2	raw_stone	assets/twigs/textures/block/blackstone_column_bottom.png	16x16	416d28e61be37d432682fb9602c828db56ddc01b0571724a27071abcd4627acb	/Users/a15356015027/Public/.minecraft/versions/乌托邦探险之旅3.5.2/mods/【原版方块美化+更多小细节】twigsfix-3.1.0.jar
364	twigs:bloodstone	乌托邦探险之旅3.5.2	raw_stone	assets/twigs/textures/block/bloodstone.png	16x16	6e7e29252dc7dcfb05075267e2e91390010d111354019195afbb657238e584a0	/Users/a15356015027/Public/.minecraft/versions/乌托邦探险之旅3.5.2/mods/【原版方块美化+更多小细节】twigsfix-3.1.0.jar
365	twigs:rhyolite	乌托邦探险之旅3.5.2	raw_stone	assets/twigs/textures/block/rhyolite_side.png	16x16	628cfac4fa9fcb4d471fa4af29f369fcaf7efd2f3676b5e1370fe6ba9e3522b2	/Users/a15356015027/Public/.minecraft/versions/乌托邦探险之旅3.5.2/mods/【原版方块美化+更多小细节】twigsfix-3.1.0.jar
366	twigs:acacia_table	乌托邦探险之旅3.5.2	functional	assets/twigs/textures/block/acacia_table_top.png	16x16	a9738861d8019b23d3752c67a8f080b4a1cbd67f23bb628375f4c8d5583738da	/Users/a15356015027/Public/.minecraft/versions/乌托邦探险之旅3.5.2/mods/【原版方块美化+更多小细节】twigsfix-3.1.0.jar
367	twigs:bamboo_table	乌托邦探险之旅3.5.2	functional	assets/twigs/textures/block/bamboo_table_top.png	16x16	35364785978f3448ce835670e8c58349ca288a4410dd5540ff41b93116978e61	/Users/a15356015027/Public/.minecraft/versions/乌托邦探险之旅3.5.2/mods/【原版方块美化+更多小细节】twigsfix-3.1.0.jar
368	twigs:crimson_table	乌托邦探险之旅3.5.2	functional	assets/twigs/textures/block/crimson_table_top.png	16x16	296ef96d786a531962efa572347e0f691487359cbd70c42350db94b3385cfbc1	/Users/a15356015027/Public/.minecraft/versions/乌托邦探险之旅3.5.2/mods/【原版方块美化+更多小细节】twigsfix-3.1.0.jar
369	twigs:bamboo_mat	乌托邦探险之旅3.5.2	wood	assets/twigs/textures/block/bamboo_mat.png	16x16	94c64bfa0d9336937c7eed38a689192383ff5355059667152f23fe75811bf202	/Users/a15356015027/Public/.minecraft/versions/乌托邦探险之旅3.5.2/mods/【原版方块美化+更多小细节】twigsfix-3.1.0.jar
370	twigs:bamboo_thatch	乌托邦探险之旅3.5.2	wood	assets/twigs/textures/block/bamboo_thatch.png	16x16	64183ef79477a53711ab6db5d5dd0bdb561841615a1d5d7c83ad5a6841a476a1	/Users/a15356015027/Public/.minecraft/versions/乌托邦探险之旅3.5.2/mods/【原版方块美化+更多小细节】twigsfix-3.1.0.jar
371	twigs:bronzed_seashell	乌托邦探险之旅3.5.2	metal	assets/twigs/textures/block/bronzed_seashell.png	16x16	87ade00df8c1e0ebcccd46f037f67b21a751bbab8ca3b9b947611c2e1544b7bd	/Users/a15356015027/Public/.minecraft/versions/乌托邦探险之旅3.5.2/mods/【原版方块美化+更多小细节】twigsfix-3.1.0.jar
372	twigs:chiseled_bricks	乌托邦探险之旅3.5.2	carved	assets/twigs/textures/block/chiseled_bricks.png	16x16	8accf4ea4f27b217b47536a33fd1dfc5242916f214c0d413342d63ad8ea63599	/Users/a15356015027/Public/.minecraft/versions/乌托邦探险之旅3.5.2/mods/【原版方块美化+更多小细节】twigsfix-3.1.0.jar
373	twigs:chiseled_silt_bricks	乌托邦探险之旅3.5.2	carved	assets/twigs/textures/block/chiseled_silt_bricks.png	16x16	38ecf978bb1a32c1244314144dfa36661d4f9ccaaf16f8f7a89ba72e49f5a717	/Users/a15356015027/Public/.minecraft/versions/乌托邦探险之旅3.5.2/mods/【原版方块美化+更多小细节】twigsfix-3.1.0.jar
374	twigs:chiseled_smooth_basalt_bricks	乌托邦探险之旅3.5.2	carved	assets/twigs/textures/block/chiseled_smooth_basalt_bricks.png	16x16	2f1c4710260a584561efafdfccc757373e963e3734c9dfe56f4c54f98a33669b	/Users/a15356015027/Public/.minecraft/versions/乌托邦探险之旅3.5.2/mods/【原版方块美化+更多小细节】twigsfix-3.1.0.jar
375	twigs:exposed_copper_pillar	乌托邦探险之旅3.5.2	tile	assets/twigs/textures/block/exposed_copper_pillar.png	16x16	bf0701e2e773b7996c119510e1f39a4cf155df4895407215f2c819da368bd699	/Users/a15356015027/Public/.minecraft/versions/乌托邦探险之旅3.5.2/mods/【原版方块美化+更多小细节】twigsfix-3.1.0.jar
376	twigs:polished_amethyst	乌托邦探险之旅3.5.2	tile	assets/twigs/textures/block/polished_amethyst.png	16x16	d8b7076485efc7d9302052cac94f3544247d94dd5088161b3ab8a1d058b74e8d	/Users/a15356015027/Public/.minecraft/versions/乌托邦探险之旅3.5.2/mods/【原版方块美化+更多小细节】twigsfix-3.1.0.jar
377	twigs:polished_calcite	乌托邦探险之旅3.5.2	tile	assets/twigs/textures/block/polished_calcite.png	16x16	a6039da48d0322b842a822a54b82e896601a141bb206938946203b6007a69cd1	/Users/a15356015027/Public/.minecraft/versions/乌托邦探险之旅3.5.2/mods/【原版方块美化+更多小细节】twigsfix-3.1.0.jar
378	twigs:orange_silt_shingles	乌托邦探险之旅3.5.2	other	assets/twigs/textures/block/orange_silt_shingles.png	16x16	2a8f5a575fc263a42deb890682f3cef646b1819d58aa2838275fcb9ae985b181	/Users/a15356015027/Public/.minecraft/versions/乌托邦探险之旅3.5.2/mods/【原版方块美化+更多小细节】twigsfix-3.1.0.jar
379	meadow:cracked_limestone_bricks	乌托邦探险之旅3.5.2	brick	assets/meadow/textures/block/cracked_limestone_bricks_1.png	16x16	abf8b6bc3e3e9b04b1026b353708a3e55321159e1d734b1e9fd94fbd9d05d712	/Users/a15356015027/Public/.minecraft/versions/乌托邦探险之旅3.5.2/mods/letsdo-meadow-fabric-1.3.25.jar
380	meadow:mossy_limestone_bricks	乌托邦探险之旅3.5.2	brick	assets/meadow/textures/block/mossy_limestone_bricks_1.png	16x16	c78f28d051236e156b367a1046cd02252f74c4b88b7fa24f42ab5419ef047fb3	/Users/a15356015027/Public/.minecraft/versions/乌托邦探险之旅3.5.2/mods/letsdo-meadow-fabric-1.3.25.jar
381	meadow:polished_limestone_bricks	乌托邦探险之旅3.5.2	brick	assets/meadow/textures/block/polished_limestone.png	16x16	f1f94ddfd4e0f5b5c6e0f34f8850387cc36947aba5648c2957c267e3953a3fb1	/Users/a15356015027/Public/.minecraft/versions/乌托邦探险之旅3.5.2/mods/letsdo-meadow-fabric-1.3.25.jar
382	meadow:cobbled_limestone	乌托邦探险之旅3.5.2	raw_stone	assets/meadow/textures/block/cobbled_limestone.png	16x16	bebab8289c195ed0d6fa9033a4208e2960273354c99c041942e9e27347d421fa	/Users/a15356015027/Public/.minecraft/versions/乌托邦探险之旅3.5.2/mods/letsdo-meadow-fabric-1.3.25.jar
383	meadow:limestone	乌托邦探险之旅3.5.2	raw_stone	assets/meadow/textures/block/limestone.png	16x16	5262902b83f718df6407acda922cbf4ed4d812d749cf349498a4a04d3135adc1	/Users/a15356015027/Public/.minecraft/versions/乌托邦探险之旅3.5.2/mods/letsdo-meadow-fabric-1.3.25.jar
384	meadow:mossy_cobbled_limestone	乌托邦探险之旅3.5.2	raw_stone	assets/meadow/textures/block/mossy_cobbled_limestone.png	16x16	926dfd88ed21f90be2107d234431c018049206e252c3e140384457d85eb1428f	/Users/a15356015027/Public/.minecraft/versions/乌托邦探险之旅3.5.2/mods/letsdo-meadow-fabric-1.3.25.jar
385	meadow:alpine_diamond_ore	乌托邦探险之旅3.5.2	ore	assets/meadow/textures/block/alpine_diamond_ore.png	16x16	ddb6b081e1970c746988de0c0063555a0441fa461602aa2020612d46a6923479	/Users/a15356015027/Public/.minecraft/versions/乌托邦探险之旅3.5.2/mods/letsdo-meadow-fabric-1.3.25.jar
386	meadow:alpine_iron_ore	乌托邦探险之旅3.5.2	ore	assets/meadow/textures/block/alpine_iron_ore.png	16x16	a26fd2bbe0cad42f629ebbe0d5c5d22bb04362e058188b3177fa543430965dc5	/Users/a15356015027/Public/.minecraft/versions/乌托邦探险之旅3.5.2/mods/letsdo-meadow-fabric-1.3.25.jar
387	meadow:alpine_salt_ore	乌托邦探险之旅3.5.2	ore	assets/meadow/textures/block/alpine_salt_ore_1.png	16x16	12a7dcf862aedb5ee8d359893d7883a0f890df38aec1dc15e3032883b6dbaef5	/Users/a15356015027/Public/.minecraft/versions/乌托邦探险之旅3.5.2/mods/letsdo-meadow-fabric-1.3.25.jar
388	meadow:furnace_cobblestone	乌托邦探险之旅3.5.2	functional	assets/meadow/textures/block/oven_top.png	16x16	b2fbcdc45f995fdb4bcaeac96087657c239b28ab2326278d7e2f62d3ff08c486	/Users/a15356015027/Public/.minecraft/versions/乌托邦探险之旅3.5.2/mods/letsdo-meadow-fabric-1.3.25.jar
389	meadow:stone_table	乌托邦探险之旅3.5.2	functional	assets/meadow/textures/block/polished_limestone_1.png	16x16	fafa9320042335f229fadb39aae94b02da8bbc3aff2f5f72235f964a18e975ca	/Users/a15356015027/Public/.minecraft/versions/乌托邦探险之旅3.5.2/mods/letsdo-meadow-fabric-1.3.25.jar
390	meadow:stove_tiles_bench	乌托邦探险之旅3.5.2	functional	assets/meadow/textures/block/brick_stove_lid.png	16x16	228a8f4246e3acc08d4832b9c5e7e6f23346745498806c474f41753ee9c25871	/Users/a15356015027/Public/.minecraft/versions/乌托邦探险之旅3.5.2/mods/letsdo-meadow-fabric-1.3.25.jar
391	meadow:fire_log	乌托邦探险之旅3.5.2	wood	assets/meadow/textures/block/pine_log_top.png	16x16	db9941cdbdbd54cf0f7525e55ddfb5734b49003181ce4a5121de95f320a4339e	/Users/a15356015027/Public/.minecraft/versions/乌托邦探险之旅3.5.2/mods/letsdo-meadow-fabric-1.3.25.jar
392	meadow:pine_planks	乌托邦探险之旅3.5.2	wood	assets/meadow/textures/block/pine_planks.png	16x16	0d49c6ea3b95cf8d2a136408da0bb9423b8e61c50a4a32ea6258695c2090b492	/Users/a15356015027/Public/.minecraft/versions/乌托邦探险之旅3.5.2/mods/letsdo-meadow-fabric-1.3.25.jar
393	meadow:stripped_pine_log	乌托邦探险之旅3.5.2	wood	assets/meadow/textures/block/stripped_pine_log_side.png	16x16	b1002ce2611b2e9fad1842715bf569da4da038377c92f64e56e09169c814e3f3	/Users/a15356015027/Public/.minecraft/versions/乌托邦探险之旅3.5.2/mods/letsdo-meadow-fabric-1.3.25.jar
394	meadow:chiseled_limestone_bricks	乌托邦探险之旅3.5.2	carved	assets/meadow/textures/block/chiseled_limestone.png	16x16	1d9a087058f7608654eed8754b0e4d8c3ce4037320612c2b07f7e1886fe527f8	/Users/a15356015027/Public/.minecraft/versions/乌托邦探险之旅3.5.2/mods/letsdo-meadow-fabric-1.3.25.jar
395	meadow:stove_tiles	乌托邦探险之旅3.5.2	tile	assets/meadow/textures/block/brick_stove_connected_top.png	16x16	946102a0b5c874cc66d0f6999281aa4bdcb8ea6a0faa5387e63ec43d40cdbaf8	/Users/a15356015027/Public/.minecraft/versions/乌托邦探险之旅3.5.2/mods/letsdo-meadow-fabric-1.3.25.jar
396	meadow:stove_tiles_wood	乌托邦探险之旅3.5.2	tile	assets/meadow/textures/block/brick_stove_front.png	16x16	6b896b874438ec794b56694b4c840cac71ab67805c61e6b99bffbaaccfb9704e	/Users/a15356015027/Public/.minecraft/versions/乌托邦探险之旅3.5.2/mods/letsdo-meadow-fabric-1.3.25.jar
397	meadow:wooden_powder_snow_cauldron	乌托邦探险之旅3.5.2	natural	assets/meadow/textures/block/wooden_cauldron_side.png	16x16	c9b0d6087e1d2af0179c8bc85d61dbbba1317965ac9aa2439c0b9bca0b75d0db	/Users/a15356015027/Public/.minecraft/versions/乌托邦探险之旅3.5.2/mods/letsdo-meadow-fabric-1.3.25.jar
398	meadow:grain_cheese_block	乌托邦探险之旅3.5.2	other	assets/meadow/textures/block/grain_cheese.png	16x16	e42f4e10b16d7ca20c8292202caafd7dade5f20d5fae3230f03706a3155228aa	/Users/a15356015027/Public/.minecraft/versions/乌托邦探险之旅3.5.2/mods/letsdo-meadow-fabric-1.3.25.jar
399	bbb:mud_brick_layer	乌托邦探险之旅3.5.2	brick	assets/minecraft/textures/block/mud_bricks.png	16x16	bbf84f2f401e8818a0c007e7cebe36284bcb1d79e177b4384eb1e5fd446e483d	/Users/a15356015027/Public/.minecraft/versions/乌托邦探险之旅3.5.2/mods/bbb-fabric-2.0pre4.jar
400	bbb:nether_brick_column	乌托邦探险之旅3.5.2	brick	assets/bbb/textures/block/column/nether_brick_lower.png	16x16	7d653fa33e2f353f9cf2cd1c3aa4d087e36ec8468f505209dc2f765c656bc1ba	/Users/a15356015027/Public/.minecraft/versions/乌托邦探险之旅3.5.2/mods/bbb-fabric-2.0pre4.jar
401	bbb:cobblestone_layer	乌托邦探险之旅3.5.2	raw_stone	assets/minecraft/textures/block/cobblestone.png	16x16	c9d9a881c6098ca2d7cb98ff61984efc6cd8e3f4ce6235fa439398ebdb99e078	/Users/a15356015027/Public/.minecraft/versions/乌托邦探险之旅3.5.2/mods/bbb-fabric-2.0pre4.jar
402	bbb:red_sandstone_column	乌托邦探险之旅3.5.2	raw_stone	assets/bbb/textures/block/column/red_sandstone_lower.png	16x16	d74b0e77da4557c1f4d89f0acc8d1a28be02a743eef39f1375c47e38c85c1403	/Users/a15356015027/Public/.minecraft/versions/乌托邦探险之旅3.5.2/mods/bbb-fabric-2.0pre4.jar
403	bbb:sandstone_layer	乌托邦探险之旅3.5.2	raw_stone	assets/minecraft/textures/block/sandstone_bottom.png	16x16	3e14898a034b2175ecedc6363d6ea4fbbba49f3c53bb5af370b8f8ccc8435e0e	/Users/a15356015027/Public/.minecraft/versions/乌托邦探险之旅3.5.2/mods/bbb-fabric-2.0pre4.jar
404	bbb:stone_column	乌托邦探险之旅3.5.2	raw_stone	assets/bbb/textures/block/column/stone_lower.png	16x16	0794a17e9798207ad96b5ae83c9a2ac30fc5f6ca76249acf763d4704fd628d23	/Users/a15356015027/Public/.minecraft/versions/乌托邦探险之旅3.5.2/mods/bbb-fabric-2.0pre4.jar
405	bbb:bamboo_layer	乌托邦探险之旅3.5.2	wood	assets/minecraft/textures/block/bamboo_planks.png	16x16	0905d17051618bf5ba00f44d4d5d3ba27f8a608ebf3e15e724907d16be824db2	/Users/a15356015027/Public/.minecraft/versions/乌托邦探险之旅3.5.2/mods/bbb-fabric-2.0pre4.jar
406	bbb:bamboo_trim	乌托邦探险之旅3.5.2	wood	assets/bbb/textures/block/trim/bamboo_bottom.png	16x16	6e389187219445e6f0c74c94f60287473f3e06d849e7dab3c3588c2de49710b1	/Users/a15356015027/Public/.minecraft/versions/乌托邦探险之旅3.5.2/mods/bbb-fabric-2.0pre4.jar
407	bbb:cherry_beam	乌托邦探险之旅3.5.2	wood	assets/bbb/textures/block/beam/cherry.png	16x16	4a30fb1d49aa832447bd23ddc86e174163ad1c70ac19bb547c10f84a6ca8db69	/Users/a15356015027/Public/.minecraft/versions/乌托邦探险之旅3.5.2/mods/bbb-fabric-2.0pre4.jar
408	bbb:crimson_beam	乌托邦探险之旅3.5.2	wood	assets/bbb/textures/block/beam/crimson.png	16x16	e827b19fb96c178a96323ed27363974e358ac483d96f0d5f37e39959477550bd	/Users/a15356015027/Public/.minecraft/versions/乌托邦探险之旅3.5.2/mods/bbb-fabric-2.0pre4.jar
409	bbb:jungle_beam	乌托邦探险之旅3.5.2	wood	assets/bbb/textures/block/beam/jungle.png	16x16	bfafb2e18e18cac6f9ed778ad81629d451f0b4849217bd79606c9da685007a3f	/Users/a15356015027/Public/.minecraft/versions/乌托邦探险之旅3.5.2/mods/bbb-fabric-2.0pre4.jar
410	bbb:cut_copper_layer	乌托邦探险之旅3.5.2	metal	assets/minecraft/textures/block/cut_copper.png	16x16	d567c836050a30591d423e013a791586559e08a281b50633ba91c4c258fd7bb0	/Users/a15356015027/Public/.minecraft/versions/乌托邦探险之旅3.5.2/mods/bbb-fabric-2.0pre4.jar
411	bbb:stone_tile_layer	乌托邦探险之旅3.5.2	tile	assets/bbb/textures/block/stone_tiles.png	16x16	a291c926584dadec7eb8356ade081ece756a0414a64f8688fc4de908113ff5d1	/Users/a15356015027/Public/.minecraft/versions/乌托邦探险之旅3.5.2/mods/bbb-fabric-2.0pre4.jar
412	bbb:birch_lattice	乌托邦探险之旅3.5.2	natural	assets/minecraft/textures/block/birch_log.png	16x16	2354fa749fa5fcd92ccd6accaee8db1258abad2abe58a940ce328f0f529269c6	/Users/a15356015027/Public/.minecraft/versions/乌托邦探险之旅3.5.2/mods/bbb-fabric-2.0pre4.jar
413	bbb:crimson_lattice	乌托邦探险之旅3.5.2	natural	assets/minecraft/textures/block/crimson_stem_top.png	16x16	e263f4821ad00d05b2bd84e09f8f42fd4726e6e9d9285d1312bdd9555b663d49	/Users/a15356015027/Public/.minecraft/versions/乌托邦探险之旅3.5.2/mods/bbb-fabric-2.0pre4.jar
414	bbb:dark_oak_lattice	乌托邦探险之旅3.5.2	natural	assets/minecraft/textures/block/oak_log.png	16x16	8e54912e87d9df3e55c7a57268e6c0ea4022dc8a38781141eefbef1f4cf0fc26	/Users/a15356015027/Public/.minecraft/versions/乌托邦探险之旅3.5.2/mods/bbb-fabric-2.0pre4.jar
415	bbb:dark_prismarine_layer	乌托邦探险之旅3.5.2	natural	assets/minecraft/textures/block/dark_prismarine.png	16x16	0b1ff7458f45a9637b8020f945200ff54067c8949e8c22368e7b89957ad4a98e	/Users/a15356015027/Public/.minecraft/versions/乌托邦探险之旅3.5.2/mods/bbb-fabric-2.0pre4.jar
416	bbb:birch_layer	乌托邦探险之旅3.5.2	other	assets/minecraft/textures/block/birch_planks.png	16x16	bb501fe218322ab65d8542c89ac84c2068ead1fb3b3aa236bb040d0e6639c4d2	/Users/a15356015027/Public/.minecraft/versions/乌托邦探险之旅3.5.2/mods/bbb-fabric-2.0pre4.jar
417	bbb:dark_oak_layer	乌托邦探险之旅3.5.2	other	assets/minecraft/textures/block/dark_oak_planks.png	16x16	550909bc20d3eca4c4e488db2a4618de243806033baa1b3831ebfe1b4b73dd59	/Users/a15356015027/Public/.minecraft/versions/乌托邦探险之旅3.5.2/mods/bbb-fabric-2.0pre4.jar
418	bbb:warped_ladder	乌托邦探险之旅3.5.2	other	assets/bbb/textures/block/ladder/crimson/warped.png	16x16	b7b56f1ea06320829e27c298007a39b3dfab314c1d5a4634276d33519de8de51	/Users/a15356015027/Public/.minecraft/versions/乌托邦探险之旅3.5.2/mods/bbb-fabric-2.0pre4.jar
419	ecologics:snow_bricks	乌托邦探险之旅3.5.2	brick	assets/ecologics/textures/block/snow_bricks.png	16x16	1b8e7e0835c134b0540fa107d279b73bbbd9bea34a4c14c1c9c55f73636d72cf	/Users/a15356015027/Public/.minecraft/versions/乌托邦探险之旅3.5.2/mods/ecologics-fabric-1.20.1-2.2.4.jar
420	ecologics:azalea_log	乌托邦探险之旅3.5.2	wood	assets/ecologics/textures/block/azalea_log.png	16x16	9882853e7ede5bae1207a9acf0192fc21ac25c541b7e5ce53551b7960646e5d9	/Users/a15356015027/Public/.minecraft/versions/乌托邦探险之旅3.5.2/mods/ecologics-fabric-1.20.1-2.2.4.jar
421	ecologics:azalea_planks	乌托邦探险之旅3.5.2	wood	assets/ecologics/textures/block/azalea_planks.png	16x16	cbb23ffa0b8b8e4c84e5ea71bd4391ca2a9048d2788951834944f9f76e9aceb0	/Users/a15356015027/Public/.minecraft/versions/乌托邦探险之旅3.5.2/mods/ecologics-fabric-1.20.1-2.2.4.jar
422	ecologics:coconut_log	乌托邦探险之旅3.5.2	wood	assets/ecologics/textures/block/coconut_log.png	16x16	e525a44397ad59d01f23b1b1690da73d79841fb0248b27275e1807bd6a4d0878	/Users/a15356015027/Public/.minecraft/versions/乌托邦探险之旅3.5.2/mods/ecologics-fabric-1.20.1-2.2.4.jar
423	ecologics:coconut_planks	乌托邦探险之旅3.5.2	wood	assets/ecologics/textures/block/coconut_planks.png	16x16	b5fa060df555a4afef58f127ac078647ee665fa4747f3ddcb95bd25426c51019	/Users/a15356015027/Public/.minecraft/versions/乌托邦探险之旅3.5.2/mods/ecologics-fabric-1.20.1-2.2.4.jar
424	ecologics:flowering_azalea_log	乌托邦探险之旅3.5.2	wood	assets/ecologics/textures/block/flowering_azalea_log.png	16x16	a145d192e4ab9fe822947d8c4c200d565812a709b22d1448a3e05013620a15b8	/Users/a15356015027/Public/.minecraft/versions/乌托邦探险之旅3.5.2/mods/ecologics-fabric-1.20.1-2.2.4.jar
425	ecologics:flowering_azalea_planks	乌托邦探险之旅3.5.2	wood	assets/ecologics/textures/block/flowering_azalea_planks.png	16x16	721ef1e4c2167563f8818ac5b5a44e4d4e1b024ef39ed07548b6112746147249	/Users/a15356015027/Public/.minecraft/versions/乌托邦探险之旅3.5.2/mods/ecologics-fabric-1.20.1-2.2.4.jar
426	ecologics:stripped_azalea_wood	乌托邦探险之旅3.5.2	wood	assets/ecologics/textures/block/stripped_azalea_log.png	16x16	def08556305d55f49354b204e93e11b4763e25f1c5e92746e81ebb4f0232e8f8	/Users/a15356015027/Public/.minecraft/versions/乌托邦探险之旅3.5.2/mods/ecologics-fabric-1.20.1-2.2.4.jar
427	ecologics:stripped_coconut_wood	乌托邦探险之旅3.5.2	wood	assets/ecologics/textures/block/stripped_coconut_log.png	16x16	b275051b0b8115d8812e1a3376985ba031b88a4eec921138d65b62cbb9d6db60	/Users/a15356015027/Public/.minecraft/versions/乌托邦探险之旅3.5.2/mods/ecologics-fabric-1.20.1-2.2.4.jar
428	ecologics:stripped_walnut_log	乌托邦探险之旅3.5.2	wood	assets/ecologics/textures/block/stripped_walnut_log.png	16x16	70107f89fd886fdeb6c1f6c2765e56dc855a88f20c1b5e59efaec9deeafb3c20	/Users/a15356015027/Public/.minecraft/versions/乌托邦探险之旅3.5.2/mods/ecologics-fabric-1.20.1-2.2.4.jar
429	ecologics:walnut_log	乌托邦探险之旅3.5.2	wood	assets/ecologics/textures/block/walnut_log.png	16x16	8347124e72993632f12580a073c6eb2e7ea68aa2f78987c1d097ea583e414408	/Users/a15356015027/Public/.minecraft/versions/乌托邦探险之旅3.5.2/mods/ecologics-fabric-1.20.1-2.2.4.jar
430	ecologics:walnut_planks	乌托邦探险之旅3.5.2	wood	assets/ecologics/textures/block/walnut_planks.png	16x16	8f8581a83153fa48825be159b5941ba3b3227f65bec741ed312e83748de56e76	/Users/a15356015027/Public/.minecraft/versions/乌托邦探险之旅3.5.2/mods/ecologics-fabric-1.20.1-2.2.4.jar
431	ecologics:seashell_tiles	乌托邦探险之旅3.5.2	tile	assets/ecologics/textures/block/seashell_tiles.png	16x16	b6da6829e0e717ae924251bcac93ee72417473b9afaebc733860db4974a42d0f	/Users/a15356015027/Public/.minecraft/versions/乌托邦探险之旅3.5.2/mods/ecologics-fabric-1.20.1-2.2.4.jar
432	ecologics:seashell_block	乌托邦探险之旅3.5.2	natural	assets/ecologics/textures/block/seashell_block.png	16x16	23134eb9c6704bbb36ba5d14fb97e59ab909fab72a0e41d01d265bd741bd7c44	/Users/a15356015027/Public/.minecraft/versions/乌托邦探险之旅3.5.2/mods/ecologics-fabric-1.20.1-2.2.4.jar
433	bountifulfares:feldspar_bricks	乌托邦探险之旅3.5.2	brick	assets/bountifulfares/textures/block/feldspar_bricks.png	16x16	e5c7040b59682a6b01e6bf6b42ba01331af9f9dfcdc54e228acc8e7be0de7a8d	/Users/a15356015027/Public/.minecraft/versions/乌托邦探险之旅3.5.2/mods/bountifulfares-1.2.1-1.20.1.jar
434	bountifulfares:hoary_log	乌托邦探险之旅3.5.2	wood	assets/bountifulfares/textures/block/hoary_log.png	16x16	5d7e62e2724b61c5183c477a2b5c3a5a870efa902c0916c1a9f40eeae102ae9e	/Users/a15356015027/Public/.minecraft/versions/乌托邦探险之旅3.5.2/mods/bountifulfares-1.2.1-1.20.1.jar
435	bountifulfares:hoary_planks	乌托邦探险之旅3.5.2	wood	assets/bountifulfares/textures/block/hoary_planks.png	16x16	413465cda6edea932fe8bf863ea82ae04be4db6bd04bd3881060313cf17381d5	/Users/a15356015027/Public/.minecraft/versions/乌托邦探险之旅3.5.2/mods/bountifulfares-1.2.1-1.20.1.jar
436	bountifulfares:stripped_hoary_log	乌托邦探险之旅3.5.2	wood	assets/bountifulfares/textures/block/stripped_hoary_log.png	16x16	f3c0d347563386164524824b4caa0ea316b84ce8a1905b59f3f058809b90180d	/Users/a15356015027/Public/.minecraft/versions/乌托邦探险之旅3.5.2/mods/bountifulfares-1.2.1-1.20.1.jar
437	bountifulfares:stripped_walnut_wood	乌托邦探险之旅3.5.2	wood	assets/bountifulfares/textures/block/stripped_walnut_log.png	16x16	9560e69a2b51e28b997d5921be6ede53bb8a1cefd88ad19e244ec213d167d547	/Users/a15356015027/Public/.minecraft/versions/乌托邦探险之旅3.5.2/mods/bountifulfares-1.2.1-1.20.1.jar
438	bountifulfares:walnut_planks	乌托邦探险之旅3.5.2	wood	assets/bountifulfares/textures/block/walnut_planks.png	16x16	9a6df2714dc84e72b46da4c3d4693b47ce76dbe6a78d8d9d9ea4fb687511a0f0	/Users/a15356015027/Public/.minecraft/versions/乌托邦探险之旅3.5.2/mods/bountifulfares-1.2.1-1.20.1.jar
439	bountifulfares:walnut_wood	乌托邦探险之旅3.5.2	wood	assets/bountifulfares/textures/block/walnut_log.png	16x16	437fe33eb135d3592ac4f800d4cd4064c1feb239056c416295ca758a7f5b6d3e	/Users/a15356015027/Public/.minecraft/versions/乌托邦探险之旅3.5.2/mods/bountifulfares-1.2.1-1.20.1.jar
440	bountifulfares:golden_apple_block	乌托邦探险之旅3.5.2	metal	assets/bountifulfares/textures/block/golden_apple_block_side.png	16x16	f28d08909eaff0bad38fa49f200a29dcf59931b10efc02011a6f07dcd59dd0fb	/Users/a15356015027/Public/.minecraft/versions/乌托邦探险之旅3.5.2/mods/bountifulfares-1.2.1-1.20.1.jar
441	bountifulfares:ceramic_tile_pillar	乌托邦探险之旅3.5.2	tile	assets/bountifulfares/textures/block/ceramic_tile_pillar.png	16x16	548fdadd57c3511a8a1cb7c110a4292d145e4e3a2d3ebfdc907f4a9d2c7d05ce	/Users/a15356015027/Public/.minecraft/versions/乌托邦探险之旅3.5.2/mods/bountifulfares-1.2.1-1.20.1.jar
442	bountifulfares:ceramic_tiles	乌托邦探险之旅3.5.2	tile	assets/bountifulfares/textures/block/ceramic_tiles.png	16x16	a9deba661674443bbcc70dd32f3824626ef4c9462fc167f6394b068b28351afd	/Users/a15356015027/Public/.minecraft/versions/乌托邦探险之旅3.5.2/mods/bountifulfares-1.2.1-1.20.1.jar
443	bountifulfares:cracked_ceramic_tiles	乌托邦探险之旅3.5.2	tile	assets/bountifulfares/textures/block/cracked_ceramic_tiles.png	16x16	42461a62369fb21a61f085eabf632ef8a2c99b7453e611d84cd63187b6ca7367	/Users/a15356015027/Public/.minecraft/versions/乌托邦探险之旅3.5.2/mods/bountifulfares-1.2.1-1.20.1.jar
444	bountifulfares:ceramic_clay_block	乌托邦探险之旅3.5.2	natural	assets/bountifulfares/textures/block/ceramic_clay_block_side.png	16x16	f76f12ca582fcb9a3f2ce5ca9b13eb9c08ec65e932b4807d05487050f5b26ac8	/Users/a15356015027/Public/.minecraft/versions/乌托邦探险之旅3.5.2/mods/bountifulfares-1.2.1-1.20.1.jar
445	bountifulfares:grassy_dirt	乌托邦探险之旅3.5.2	natural	assets/bountifulfares/textures/block/grassy_dirt_side.png	16x16	594de001cf586acd6ebab8b2651aeda4332583c7031d60d076624c92752a4222	/Users/a15356015027/Public/.minecraft/versions/乌托邦探险之旅3.5.2/mods/bountifulfares-1.2.1-1.20.1.jar
446	bountifulfares:apple_block	乌托邦探险之旅3.5.2	other	assets/bountifulfares/textures/block/apple_block_side.png	16x16	4cb5545025e7c0236e9e2aba28139b060f2f7ae8abdc4b272b40151e28ab8c6c	/Users/a15356015027/Public/.minecraft/versions/乌托邦探险之旅3.5.2/mods/bountifulfares-1.2.1-1.20.1.jar
447	bountifulfares:orange_block	乌托邦探险之旅3.5.2	other	assets/bountifulfares/textures/block/orange_block_side.png	16x16	271fdb894c349d444ec4a6063c61484b03f7437050f3f3a4758bc2413df02fa1	/Users/a15356015027/Public/.minecraft/versions/乌托邦探险之旅3.5.2/mods/bountifulfares-1.2.1-1.20.1.jar
448	bountifulfares:potato_block	乌托邦探险之旅3.5.2	other	assets/bountifulfares/textures/block/potato_block.png	16x16	f4995b15aa4dc69e97435d0aefec9f02df8f2c2a77275b4f0e695accae4be9ad	/Users/a15356015027/Public/.minecraft/versions/乌托邦探险之旅3.5.2/mods/bountifulfares-1.2.1-1.20.1.jar
449	quark:raw_copper_bricks	登神者：天阶咏叹v1.5	brick	assets/quark/textures/block/raw_copper_bricks.png	16x16	24a02aa24616f93b67c8129c279f90600da16fad56a3d08e9f0e409bdf872bf0	/Users/a15356015027/Public/.minecraft/versions/登神者：天阶咏叹v1.5/mods/[夸克] Quark-4.0-462.jar
450	quark:raw_iron_bricks	登神者：天阶咏叹v1.5	brick	assets/quark/textures/block/raw_iron_bricks.png	16x16	8c709f9efe7eeaea425d69b074202fb837ad5d48ebc9f47f71844f5b469962fd	/Users/a15356015027/Public/.minecraft/versions/登神者：天阶咏叹v1.5/mods/[夸克] Quark-4.0-462.jar
451	quark:soul_sandstone_bricks	登神者：天阶咏叹v1.5	brick	assets/quark/textures/block/soul_sandstone_bricks.png	16x16	6ef53e5c45ae9093f596876e467ca3d076a655f638530128e5abb59a769e997a	/Users/a15356015027/Public/.minecraft/versions/登神者：天阶咏叹v1.5/mods/[夸克] Quark-4.0-462.jar
452	quark:tuff_bricks	登神者：天阶咏叹v1.5	brick	assets/quark/textures/block/tuff_bricks.png	16x16	bff404563ac153a44d3a5a50bf5464f605342fc0e827d61e8072ddebd85d33ed	/Users/a15356015027/Public/.minecraft/versions/登神者：天阶咏叹v1.5/mods/[夸克] Quark-4.0-462.jar
453	quark:permafrost	登神者：天阶咏叹v1.5	raw_stone	assets/quark/textures/block/permafrost.png	16x16	665a3b7aa4053392e9177d380797333f8fffa4609c7bc52c01a26c74263522aa	/Users/a15356015027/Public/.minecraft/versions/登神者：天阶咏叹v1.5/mods/[夸克] Quark-4.0-462.jar
454	quark:sturdy_stone	登神者：天阶咏叹v1.5	raw_stone	assets/minecraft/textures/block/furnace_top.png	16x16	b6215be721afa3abef840a9572ce4bb0e3195bae46116186c0794c25a9def1d9	/Users/a15356015027/Public/.minecraft/versions/登神者：天阶咏叹v1.5/mods/[夸克] Quark-4.0-462.jar
455	quark:apple_crate	登神者：天阶咏叹v1.5	functional	assets/quark/textures/block/apple_crate.png	16x16	598c11d445f9480005035ad9c9054034dd85d754bbde7ade7f3bb377b5ab86ad	/Users/a15356015027/Public/.minecraft/versions/登神者：天阶咏叹v1.5/mods/[夸克] Quark-4.0-462.jar
456	quark:beetroot_crate	登神者：天阶咏叹v1.5	functional	assets/quark/textures/block/beetroot_crate.png	16x16	ca1757df742f33cbfba6b28becf4f6479ce3f95f51380db012cd23bbae9a823a	/Users/a15356015027/Public/.minecraft/versions/登神者：天阶咏叹v1.5/mods/[夸克] Quark-4.0-462.jar
457	quark:golden_apple_crate	登神者：天阶咏叹v1.5	functional	assets/quark/textures/block/golden_apple_crate.png	16x16	a359d0ef2b2748b2eaa24416318566399077c12c168962da8ddfc07a3511c849	/Users/a15356015027/Public/.minecraft/versions/登神者：天阶咏叹v1.5/mods/[夸克] Quark-4.0-462.jar
458	quark:vertical_acacia_planks	登神者：天阶咏叹v1.5	wood	assets/minecraft/textures/block/acacia_planks.png	16x16	f52201cf995a2fbf6caa519f31f2d630703379a9a15726c4e86674e281c9ebbe	/Users/a15356015027/Public/.minecraft/versions/登神者：天阶咏叹v1.5/mods/[夸克] Quark-4.0-462.jar
459	quark:vertical_mangrove_planks	登神者：天阶咏叹v1.5	wood	assets/minecraft/textures/block/mangrove_planks.png	16x16	dd8f3eb9b80d008d6c857573552a20762dca96c06b1a330d945b4a026b854737	/Users/a15356015027/Public/.minecraft/versions/登神者：天阶咏叹v1.5/mods/[夸克] Quark-4.0-462.jar
460	quark:iron_plate	登神者：天阶咏叹v1.5	metal	assets/quark/textures/block/iron_plate.png	16x16	6ed330281afdd156e9f3300bb0b901044d47c71160ff075aa6a5199bcb193038	/Users/a15356015027/Public/.minecraft/versions/登神者：天阶咏叹v1.5/mods/[夸克] Quark-4.0-462.jar
461	quark:rusty_iron_plate	登神者：天阶咏叹v1.5	metal	assets/quark/textures/block/rusty_iron_plate.png	16x16	345f7db6f1cd8d99eaa115a60dc76c24121042198fefe526e4ff88aebc3bfe85	/Users/a15356015027/Public/.minecraft/versions/登神者：天阶咏叹v1.5/mods/[夸克] Quark-4.0-462.jar
462	quark:chiseled_diorite_bricks	登神者：天阶咏叹v1.5	carved	assets/quark/textures/block/chiseled_diorite_bricks.png	16x16	567999d819ad58a41e11401b1d4bb076a9648dc9386430462e97f8163f3a585d	/Users/a15356015027/Public/.minecraft/versions/登神者：天阶咏叹v1.5/mods/[夸克] Quark-4.0-462.jar
463	quark:chiseled_jasper_bricks	登神者：天阶咏叹v1.5	carved	assets/quark/textures/block/chiseled_jasper_bricks.png	16x16	df6331418e8d925d8bec7239b2b100a44150f34908649636a7da12fb0ea46721	/Users/a15356015027/Public/.minecraft/versions/登神者：天阶咏叹v1.5/mods/[夸克] Quark-4.0-462.jar
464	quark:chiseled_soul_sandstone	登神者：天阶咏叹v1.5	carved	assets/quark/textures/block/chiseled_soul_sandstone.png	16x16	bbe2a81ec36330486fe7f21d4cdbe0f7e19de5a0edd478894e582b4846bd67b6	/Users/a15356015027/Public/.minecraft/versions/登神者：天阶咏叹v1.5/mods/[夸克] Quark-4.0-462.jar
465	quark:andesite_pillar	登神者：天阶咏叹v1.5	tile	assets/quark/textures/block/andesite_pillar.png	16x16	4faf5707d371824a4554d4387efedac08834a9abe87cd91b28787a1c1dd3e2ed	/Users/a15356015027/Public/.minecraft/versions/登神者：天阶咏叹v1.5/mods/[夸克] Quark-4.0-462.jar
466	quark:iron_pillar	登神者：天阶咏叹v1.5	tile	assets/quark/textures/block/iron_pillar.png	16x16	08d922aaa8f7fdf066507616e3ee3ea2c91f892bb21e88dec21b0558388ff344	/Users/a15356015027/Public/.minecraft/versions/登神者：天阶咏叹v1.5/mods/[夸克] Quark-4.0-462.jar
467	quark:polished_dripstone	登神者：天阶咏叹v1.5	tile	assets/quark/textures/block/polished_dripstone.png	16x16	9f7dfb0ed7a060b7fa864910c12fdcb7142925f8f6c4cf96b9b6c1fe83db496c	/Users/a15356015027/Public/.minecraft/versions/登神者：天阶咏叹v1.5/mods/[夸克] Quark-4.0-462.jar
468	quark:gravisand	登神者：天阶咏叹v1.5	natural	assets/quark/textures/block/gravisand.png	16x16	b4f27f70fd65fae8a3525b5a88e2803fb15095f0a2aa629ef3bc82fc054bb2b6	/Users/a15356015027/Public/.minecraft/versions/登神者：天阶咏叹v1.5/mods/[夸克] Quark-4.0-462.jar
469	apotheosis:stoneshelf	登神者：天阶咏叹v1.5	raw_stone	assets/apotheosis/textures/blocks/stoneshelf.png	16x16	4bdca5dadb7eaabf0d0d4a18dd2099c2b68e786274f06df99825d0f4f10ee423	/Users/a15356015027/Public/.minecraft/versions/登神者：天阶咏叹v1.5/mods/[神化] Apotheosis-1.20.1-7.4.8.jar
470	apotheosis:augmenting_table	登神者：天阶咏叹v1.5	functional	assets/apotheosis/textures/blocks/augmenting/top.png	16x16	fba55120afd4c0dcc9094233060f33a8c3406196d5cbf587811358fd72a0d23d	/Users/a15356015027/Public/.minecraft/versions/登神者：天阶咏叹v1.5/mods/[神化] Apotheosis-1.20.1-7.4.8.jar
471	apotheosis:reforging_table	登神者：天阶咏叹v1.5	functional	assets/apotheosis/textures/blocks/reforging/table_top.png	16x16	1dedf28175e5dbe8c98dc45b90c383e22e40731f9c98b84332ffb60e00fdfbed	/Users/a15356015027/Public/.minecraft/versions/登神者：天阶咏叹v1.5/mods/[神化] Apotheosis-1.20.1-7.4.8.jar
472	apotheosis:salvaging_table	登神者：天阶咏叹v1.5	functional	assets/apotheosis/textures/blocks/salvaging_table_front.png	16x16	73826fea6fbe677fab1b9b30f4461e63be12020bf49a5c70397af07eefe19e2f	/Users/a15356015027/Public/.minecraft/versions/登神者：天阶咏叹v1.5/mods/[神化] Apotheosis-1.20.1-7.4.8.jar
473	apotheosis:simple_reforging_table	登神者：天阶咏叹v1.5	functional	assets/apotheosis/textures/blocks/reforging/simple_table_top.png	16x16	8aa84881464882f84b3506f292f12f349e76c18e13f4b85eb4b5c499395603f6	/Users/a15356015027/Public/.minecraft/versions/登神者：天阶咏叹v1.5/mods/[神化] Apotheosis-1.20.1-7.4.8.jar
474	apotheosis:crystal_seashelf	登神者：天阶咏叹v1.5	natural	assets/apotheosis/textures/blocks/crystal_seashelf.png	16x16	6e5493d77bcac5754a32b6ae38e2a6d6c71ba8803bca2cd58e32000999443e18	/Users/a15356015027/Public/.minecraft/versions/登神者：天阶咏叹v1.5/mods/[神化] Apotheosis-1.20.1-7.4.8.jar
475	apotheosis:heart_seashelf	登神者：天阶咏叹v1.5	natural	assets/apotheosis/textures/blocks/heart_seashelf.png	16x16	5b5b2c10ed5fc122184f1c05b3affcea653d62b0ab3d169961634fcab77818d1	/Users/a15356015027/Public/.minecraft/versions/登神者：天阶咏叹v1.5/mods/[神化] Apotheosis-1.20.1-7.4.8.jar
476	apotheosis:infused_seashelf	登神者：天阶咏叹v1.5	natural	assets/apotheosis/textures/blocks/seashelf.png	16x16	28f5b55a6aa16cb987ebd8a827dc46493263938be6b3ff3c1fadcfd5a2b700e0	/Users/a15356015027/Public/.minecraft/versions/登神者：天阶咏叹v1.5/mods/[神化] Apotheosis-1.20.1-7.4.8.jar
477	apotheosis:blazing_hellshelf	登神者：天阶咏叹v1.5	other	assets/minecraft/textures/block/nether_bricks.png	16x16	d82edf1b59e7072630da9420e9ac7c1eb6f5cff03e415e88f5d0d7059d53c571	/Users/a15356015027/Public/.minecraft/versions/登神者：天阶咏叹v1.5/mods/[神化] Apotheosis-1.20.1-7.4.8.jar
478	apotheosis:ender_library	登神者：天阶咏叹v1.5	other	assets/apotheosis/textures/blocks/ender_library/side.png	16x16	eaa849d75135494ab42d54abf5c72e8df1e278b26c1e2c68a132af8ae6972ccc	/Users/a15356015027/Public/.minecraft/versions/登神者：天阶咏叹v1.5/mods/[神化] Apotheosis-1.20.1-7.4.8.jar
479	apotheosis:sightshelf	登神者：天阶咏叹v1.5	other	assets/apotheosis/textures/blocks/sight_side.png	16x16	7a983542f5995c33490434e2bd08098f4f6c6f0c38f2e82b3931f90e5ce9facc	/Users/a15356015027/Public/.minecraft/versions/登神者：天阶咏叹v1.5/mods/[神化] Apotheosis-1.20.1-7.4.8.jar
480	undergarden:cracked_shiverstone_bricks	锻造之旅	brick	assets/undergarden/textures/block/cracked_shiverstone_bricks.png	16x16	30e4815ef583a3ff482eb21c3d045f322b3e3585b2c72748b72467633f12d557	/Users/a15356015027/Public/.minecraft/versions/锻造之旅/mods/[深暗之园] The_Undergarden-1.20.1-0.8.14.jar
481	undergarden:shiverstone_bricks	锻造之旅	brick	assets/undergarden/textures/block/shiverstone_bricks.png	16x16	4b6480dab3f20b08a5ed9df1551854e2fb1d32189daf8dbff5ae87449e925d2d	/Users/a15356015027/Public/.minecraft/versions/锻造之旅/mods/[深暗之园] The_Undergarden-1.20.1-0.8.14.jar
482	undergarden:tremblecrust_bricks	锻造之旅	brick	assets/undergarden/textures/block/tremblecrust_bricks.png	16x16	54a39506bdf10e9226440ee7f6b0c7ddaafebd9e742273dac9593ce4cb44fadf	/Users/a15356015027/Public/.minecraft/versions/锻造之旅/mods/[深暗之园] The_Undergarden-1.20.1-0.8.14.jar
483	undergarden:depthrock	锻造之旅	raw_stone	assets/undergarden/textures/block/depthrock.png	16x16	faf26c381280deb7b77ef5103c9f9bb5f031b32308f927ad27de9eeec672a225	/Users/a15356015027/Public/.minecraft/versions/锻造之旅/mods/[深暗之园] The_Undergarden-1.20.1-0.8.14.jar
484	undergarden:shiverstone	锻造之旅	raw_stone	assets/undergarden/textures/block/shiverstone.png	16x16	b9479645f01e94eb2b53ab8d56d26ed571a7faed8a295b64f4b6c22df134e58c	/Users/a15356015027/Public/.minecraft/versions/锻造之旅/mods/[深暗之园] The_Undergarden-1.20.1-0.8.14.jar
485	undergarden:depthrock_cloggrum_ore	锻造之旅	ore	assets/undergarden/textures/block/depthrock_cloggrum_ore.png	16x16	c4a5f1d70fc7350bb961f49b6a8dc55799e4f7eddaf46dc415a1528ca870d9c9	/Users/a15356015027/Public/.minecraft/versions/锻造之旅/mods/[深暗之园] The_Undergarden-1.20.1-0.8.14.jar
486	undergarden:depthrock_utherium_ore	锻造之旅	ore	assets/undergarden/textures/block/depthrock_utherium_ore.png	16x16	8fdd217a92c6d46f50bc18405149ec3351f4ef36b1994935f38b791e6c16988a	/Users/a15356015027/Public/.minecraft/versions/锻造之旅/mods/[深暗之园] The_Undergarden-1.20.1-0.8.14.jar
487	undergarden:tremblecrust_utherium_ore	锻造之旅	ore	assets/undergarden/textures/block/tremblecrust_utherium_ore.png	16x16	c87e91cfc426df58f708c3dd3d2b93928c169365dad574e2328560e8ed1856bf	/Users/a15356015027/Public/.minecraft/versions/锻造之旅/mods/[深暗之园] The_Undergarden-1.20.1-0.8.14.jar
488	undergarden:grongle_log	锻造之旅	wood	assets/undergarden/textures/block/grongle_log_side.png	16x16	d92cb2b511a875677aade172a65595c6a78f9bf27c2095beeec9748ba66eae1d	/Users/a15356015027/Public/.minecraft/versions/锻造之旅/mods/[深暗之园] The_Undergarden-1.20.1-0.8.14.jar
489	undergarden:stripped_grongle_log	锻造之旅	wood	assets/undergarden/textures/block/stripped_grongle_log_side.png	16x16	464485d26720650bc60bbd2fc53f2214e5072e0c5e0b97ee1050c8879be82483	/Users/a15356015027/Public/.minecraft/versions/锻造之旅/mods/[深暗之园] The_Undergarden-1.20.1-0.8.14.jar
490	undergarden:wigglewood_log	锻造之旅	wood	assets/undergarden/textures/block/wigglewood_log_side.png	16x16	afceaa6006c410e386f2e6bb3e5c41a4bbab351662e5d39b16a870a6de6c8bdf	/Users/a15356015027/Public/.minecraft/versions/锻造之旅/mods/[深暗之园] The_Undergarden-1.20.1-0.8.14.jar
491	undergarden:froststeel_block	锻造之旅	metal	assets/undergarden/textures/block/froststeel_block.png	16x16	ee25bfdd316dec7011e8cbc86518c44f3e7c4d07e7907d77a182b82442fb21ce	/Users/a15356015027/Public/.minecraft/versions/锻造之旅/mods/[深暗之园] The_Undergarden-1.20.1-0.8.14.jar
492	undergarden:raw_froststeel_block	锻造之旅	metal	assets/undergarden/textures/block/raw_froststeel_block.png	16x16	caea1320f4a590d95d6da7c9b98e1fcb9968914a2d65ead207c1433b6819d8af	/Users/a15356015027/Public/.minecraft/versions/锻造之旅/mods/[深暗之园] The_Undergarden-1.20.1-0.8.14.jar
493	undergarden:chiseled_depthrock_bricks	锻造之旅	carved	assets/undergarden/textures/block/chiseled_depthrock_bricks.png	16x16	894ca44416488160869da4367df09825600644b80d2990877527b797500f5a00	/Users/a15356015027/Public/.minecraft/versions/锻造之旅/mods/[深暗之园] The_Undergarden-1.20.1-0.8.14.jar
494	undergarden:chiseled_shiverstone_bricks	锻造之旅	carved	assets/undergarden/textures/block/chiseled_shiverstone_bricks.png	16x16	77646a4e732c0cd6843b13c882c424d074692c70e0500b8e622a5c9dae0087ee	/Users/a15356015027/Public/.minecraft/versions/锻造之旅/mods/[深暗之园] The_Undergarden-1.20.1-0.8.14.jar
495	undergarden:cloggrum_tiles	锻造之旅	tile	assets/undergarden/textures/block/cloggrum_tiles.png	16x16	e973ba996954ecf617af6232f4d776a486e09aea740abb4f116fc2975dfd8b47	/Users/a15356015027/Public/.minecraft/versions/锻造之旅/mods/[深暗之园] The_Undergarden-1.20.1-0.8.14.jar
496	undergarden:polished_depthrock	锻造之旅	tile	assets/undergarden/textures/block/polished_depthrock.png	16x16	77b2c3bb23554ad5cd9e30eef27e8ccd120a9698b7c12c0eb68f82e10fed2cbb	/Users/a15356015027/Public/.minecraft/versions/锻造之旅/mods/[深暗之园] The_Undergarden-1.20.1-0.8.14.jar
497	undergarden:ashen_deepturf_block	锻造之旅	natural	assets/undergarden/textures/block/ashen_deepturf_block_side.png	16x16	292c61843f97bdef334208dc624e655e939ea466c674f98a6a855f0a09884ae2	/Users/a15356015027/Public/.minecraft/versions/锻造之旅/mods/[深暗之园] The_Undergarden-1.20.1-0.8.14.jar
498	undergarden:deepsoil_farmland	锻造之旅	natural	assets/undergarden/textures/block/deepsoil.png	16x16	6bfd54f6bf4c461515956856750daacd6d8fc0e78985ca837d8dc5a5c800e856	/Users/a15356015027/Public/.minecraft/versions/锻造之旅/mods/[深暗之园] The_Undergarden-1.20.1-0.8.14.jar
499	undergarden:smog_vent	锻造之旅	other	assets/undergarden/textures/block/smog_vent_side.png	16x16	27d8394aaa5a5b3a6cc4efd5f7aa8655ba6f1eb94b855e904c9fe2756cf82f44	/Users/a15356015027/Public/.minecraft/versions/锻造之旅/mods/[深暗之园] The_Undergarden-1.20.1-0.8.14.jar
500	netherexp:cracked_quartz_bricks	锻造之旅	brick	assets/netherexp/textures/block/cracked_quartz_bricks.png	16x16	0b8321ca6d1e904ce990d8a5e1eab16d0b67287f98672b1480ab7b318eaa7baf	/Users/a15356015027/Public/.minecraft/versions/锻造之旅/mods/Jadens-Nether-Expansion-2.3.5.jar
501	netherexp:violet_mixed_nether_bricks	锻造之旅	brick	assets/netherexp/textures/block/mod_compat/cinderscapes/violet_mixed_nether_bricks.png	16x16	5af3d47c7b976c695c327ef49d9d79c0c79a8e2023f9b1ae618a84c24cb6d576	/Users/a15356015027/Public/.minecraft/versions/锻造之旅/mods/Jadens-Nether-Expansion-2.3.5.jar
502	netherexp:weeping_polished_blackstone_bricks	锻造之旅	brick	assets/netherexp/textures/block/weeping_polished_blackstone_bricks.png	16x16	374d83fdd8a52432b26d672e776edefadcab2af81df67ca4e1afa7deab2ff873	/Users/a15356015027/Public/.minecraft/versions/锻造之旅/mods/Jadens-Nether-Expansion-2.3.5.jar
503	netherexp:basaltic_geyser	锻造之旅	raw_stone	assets/netherexp/textures/block/basaltic_geyser_side.png	16x16	0c4b3d8b67b649ab292b594e9fbfc3ab87291493504901b8e92ab18207484fd0	/Users/a15356015027/Public/.minecraft/versions/锻造之旅/mods/Jadens-Nether-Expansion-2.3.5.jar
504	netherexp:pale_soul_slate	锻造之旅	raw_stone	assets/netherexp/textures/block/pale_soul_slate.png	16x16	f0d82355ad6363f36417ccedb002c974b40ef2da69e8284936bdee916c2b5dbb	/Users/a15356015027/Public/.minecraft/versions/锻造之旅/mods/Jadens-Nether-Expansion-2.3.5.jar
505	netherexp:soul_permafrost	锻造之旅	raw_stone	assets/netherexp/textures/block/soul_permafrost.png	16x16	a77e1a0ef70e3fb8c03ddaf41d3c6893020425e5bcc1b49ab0d903aed44e8195	/Users/a15356015027/Public/.minecraft/versions/锻造之旅/mods/Jadens-Nether-Expansion-2.3.5.jar
506	netherexp:fossil_fuel_ore	锻造之旅	ore	assets/netherexp/textures/block/fossil_fuel_ore.png	16x16	9ff69ecaaf1fed7b74d7ff1d7155daeec820357121911a5e33331edc13d9ee25	/Users/a15356015027/Public/.minecraft/versions/锻造之旅/mods/Jadens-Nether-Expansion-2.3.5.jar
507	netherexp:fossil_ore	锻造之旅	ore	assets/netherexp/textures/block/fossil_ore.png	16x16	8d7c55c672a0dc3ee8257cc56e5a644a4fc877b05683562fe2afb9e1e02d7df9	/Users/a15356015027/Public/.minecraft/versions/锻造之旅/mods/Jadens-Nether-Expansion-2.3.5.jar
508	netherexp:brazier_chest	锻造之旅	functional	assets/netherexp/textures/block/brazier_chest_front_lit.png	16x16	f73bf8af35b5e3214009c6a45a8a46ea17b0a483fdbed9b558c0d26c7de5cbe6	/Users/a15356015027/Public/.minecraft/versions/锻造之旅/mods/Jadens-Nether-Expansion-2.3.5.jar
509	netherexp:shotgun_barrel	锻造之旅	functional	assets/netherexp/textures/block/shotgun_barrel_front.png	16x16	5c107365c05ae407fc8a26f81fe42bef931eec4aad68354f1dab41ff386241aa	/Users/a15356015027/Public/.minecraft/versions/锻造之旅/mods/Jadens-Nether-Expansion-2.3.5.jar
510	netherexp:claret_planks	锻造之旅	wood	assets/netherexp/textures/block/claret_planks.png	16x16	7304dd3b4e100a0e4492d11b0c58bbd74dc1e0e66f925e9b4e5698b666f2adac	/Users/a15356015027/Public/.minecraft/versions/锻造之旅/mods/Jadens-Nether-Expansion-2.3.5.jar
511	netherexp:smokestalk_planks	锻造之旅	wood	assets/netherexp/textures/block/smokestalk_planks.png	16x16	f3954f37edb8b91a00843004e21840baec3ed866218e8b7ed6010f6d3a92b95f	/Users/a15356015027/Public/.minecraft/versions/锻造之旅/mods/Jadens-Nether-Expansion-2.3.5.jar
512	netherexp:rusty_cut_netherite_block	锻造之旅	metal	assets/netherexp/textures/block/rusty_cut_netherite_block.png	16x16	30041d5fbf4c3acd0667d32ae2cb4b9d26c9876ca9bad5abec270c2a1c377867	/Users/a15356015027/Public/.minecraft/versions/锻造之旅/mods/Jadens-Nether-Expansion-2.3.5.jar
513	netherexp:rusty_netherite_plated_block	锻造之旅	metal	assets/netherexp/textures/block/rusty_netherite_plated_block.png	16x16	d3e22cf9f8c4a0412b4d8fb0c1b7f3d189ac857b1eabc4bc406d115e479b31a7	/Users/a15356015027/Public/.minecraft/versions/锻造之旅/mods/Jadens-Nether-Expansion-2.3.5.jar
514	netherexp:chiseled_silica_sandstone	锻造之旅	carved	assets/netherexp/textures/block/chiseled_silica_sandstone.png	16x16	9829f77af94c27871de994cb54d6239efbd8f64a876fac85149355d007ffbc02	/Users/a15356015027/Public/.minecraft/versions/锻造之旅/mods/Jadens-Nether-Expansion-2.3.5.jar
515	netherexp:chiseled_soul_slate_bricks	锻造之旅	carved	assets/netherexp/textures/block/chiseled_soul_slate_bricks.png	16x16	66b43b05970fc123a4f352948ac79267f62c37606fcf525ae0fb40903989c113	/Users/a15356015027/Public/.minecraft/versions/锻造之旅/mods/Jadens-Nether-Expansion-2.3.5.jar
516	netherexp:smooth_netherrack	锻造之旅	tile	assets/netherexp/textures/block/smooth_netherrack.png	16x16	584576a00a2e12ecb21f26ebc1b4ed0fad7884f29a86222247742101f42ebb28	/Users/a15356015027/Public/.minecraft/versions/锻造之旅/mods/Jadens-Nether-Expansion-2.3.5.jar
517	netherexp:soul_slate_tiles	锻造之旅	tile	assets/netherexp/textures/block/soul_slate_tiles.png	16x16	8a35e9b5e67ae66e12e26ee54bf52e923b029423d8de7ccfe789c290966fd49b	/Users/a15356015027/Public/.minecraft/versions/锻造之旅/mods/Jadens-Nether-Expansion-2.3.5.jar
518	netherexp:suspicious_soul_sand	锻造之旅	natural	assets/netherexp/textures/block/suspicious_soul_sand_side_0.png	16x16	0edde39a644f824e66a2ddb0f0cd7cf47c890cedc16402691987fb3352743273	/Users/a15356015027/Public/.minecraft/versions/锻造之旅/mods/Jadens-Nether-Expansion-2.3.5.jar
519	netherexp:cut_necromium_block	锻造之旅	other	assets/netherexp/textures/block/mod_compat/caverns_and_chasms/cut_necromium_block.png	16x16	53254f4278cbd465ea1569f7e4088f83b5ae9937b9880f34619b3eed991aa700	/Users/a15356015027/Public/.minecraft/versions/锻造之旅/mods/Jadens-Nether-Expansion-2.3.5.jar
520	outer_end:cracked_violite_bricks	锻造之旅	brick	assets/outer_end/textures/block/cracked_violite_bricks.png	16x16	6b16f3f7cdebc9d2abace8dfcc2de495f9097c9ffdea376864b0b52f0b03d38c	/Users/a15356015027/Public/.minecraft/versions/锻造之旅/mods/TheOuterEnd-1.0.13.jar
521	outer_end:mossy_violite_bricks	锻造之旅	brick	assets/outer_end/textures/block/mossy_violite_bricks.png	16x16	407dc7fe9eb01d62e493474eb50393acd04f721e16059a2504789a36182c9f90	/Users/a15356015027/Public/.minecraft/versions/锻造之旅/mods/TheOuterEnd-1.0.13.jar
522	outer_end:violite_brick_pillar	锻造之旅	brick	assets/outer_end/textures/block/violite_brick_pillar.png	16x16	a9e61c195f6ba650ec45a222c858c12bc33c07fd5a25b9b48a0d17f09e5c32b7	/Users/a15356015027/Public/.minecraft/versions/锻造之旅/mods/TheOuterEnd-1.0.13.jar
523	outer_end:violite_bricks	锻造之旅	brick	assets/outer_end/textures/block/violite_bricks.png	16x16	478cb521fbe3aca3cbc119176cffbd3cbcc4265feb498e3b93e1ccf2b4000a79	/Users/a15356015027/Public/.minecraft/versions/锻造之旅/mods/TheOuterEnd-1.0.13.jar
524	outer_end:ancient_stone	锻造之旅	raw_stone	assets/outer_end/textures/block/ancient_ice_cap_top.png	16x16	7591006f57759c4b7891085e8f45c7d5fce6a8ebb736c1444cbb702c2efb1e26	/Users/a15356015027/Public/.minecraft/versions/锻造之旅/mods/TheOuterEnd-1.0.13.jar
525	outer_end:azure_planks	锻造之旅	wood	assets/outer_end/textures/block/azure_planks.png	16x16	24f6e267f0c574ba8623d9d50b7631b57aa396e52058243d506d251927d3b002	/Users/a15356015027/Public/.minecraft/versions/锻造之旅/mods/TheOuterEnd-1.0.13.jar
526	outer_end:chiseled_violite_bricks	锻造之旅	carved	assets/outer_end/textures/block/chiseled_violite_bricks.png	16x16	2508e803cce8e06b33e9f325a718083d41f4c25aa715b374f5c9da9df84c9e9b	/Users/a15356015027/Public/.minecraft/versions/锻造之旅/mods/TheOuterEnd-1.0.13.jar
527	outer_end:cracked_violite_tiles	锻造之旅	tile	assets/outer_end/textures/block/cracked_violite_tiles.png	16x16	f64a04ce1468684e43f9b73139860c082c1fe226f5bb78236e5b36ab09971605	/Users/a15356015027/Public/.minecraft/versions/锻造之旅/mods/TheOuterEnd-1.0.13.jar
528	outer_end:himmel_pillar	锻造之旅	tile	assets/outer_end/textures/block/himmel_pillar.png	16x16	9f055a65878299c9a0e68ce7a212d1821693ffb8b51728cded50556ca4718a3f	/Users/a15356015027/Public/.minecraft/versions/锻造之旅/mods/TheOuterEnd-1.0.13.jar
529	outer_end:mossy_violite_tiles	锻造之旅	tile	assets/outer_end/textures/block/mossy_violite_tiles.png	16x16	4eb54241926d649103b9847c625995e9421a5ddff916fb88832aba878a58a4eb	/Users/a15356015027/Public/.minecraft/versions/锻造之旅/mods/TheOuterEnd-1.0.13.jar
530	outer_end:violite_tiles	锻造之旅	tile	assets/outer_end/textures/block/violite_tiles.png	16x16	f44bf04250550d8f8a225a71cdf114f6cfab90e1964e618d3eeb996e6b7e5a2a	/Users/a15356015027/Public/.minecraft/versions/锻造之旅/mods/TheOuterEnd-1.0.13.jar
531	outer_end:ancient_ice	锻造之旅	natural	assets/outer_end/textures/block/ancient_ice.png	16x16	3f384a65450d97d1004eb364c60d66e41ea29d5d8c70e644b5554c1f16645a82	/Users/a15356015027/Public/.minecraft/versions/锻造之旅/mods/TheOuterEnd-1.0.13.jar
532	outer_end:ancient_ice_column	锻造之旅	natural	assets/outer_end/textures/block/ancient_ice_column.png	16x16	e0de96464ae66bcbe72f2339c1d37b37703d3531d15b71bcedb0b3b5196ad3c4	/Users/a15356015027/Public/.minecraft/versions/锻造之旅/mods/TheOuterEnd-1.0.13.jar
533	outer_end:cobalt_crystal_lamp	锻造之旅	natural	assets/outer_end/textures/block/cobalt_crystal_lamp.png	16x16	2368ffd8e47e660d50805fc7ec3432dad3512202ffbb058b7887f32485d589bc	/Users/a15356015027/Public/.minecraft/versions/锻造之旅/mods/TheOuterEnd-1.0.13.jar
534	outer_end:glowing_ancient_ice	锻造之旅	natural	assets/outer_end/textures/block/ancient_ice_glowing.png	16x16	2c317b3934facdfd6ac99879b5070952bd088b0b2f2d2c9dc164a2891ab2d51f	/Users/a15356015027/Public/.minecraft/versions/锻造之旅/mods/TheOuterEnd-1.0.13.jar
535	outer_end:glowing_ancient_ice_cap	锻造之旅	natural	assets/outer_end/textures/block/ancient_ice_cap_glowing.png	16x16	f51e0319994371e25ee0e8115adf7042fc5eb25d6505e38ad04048dbbd9fe01b	/Users/a15356015027/Public/.minecraft/versions/锻造之旅/mods/TheOuterEnd-1.0.13.jar
536	outer_end:glowing_ancient_ice_column	锻造之旅	natural	assets/outer_end/textures/block/ancient_ice_column_glowing.png	16x16	d122b953aacf1bb3417c8037ae626192a34b68e5f8ca19ee428a5802a9cedf11	/Users/a15356015027/Public/.minecraft/versions/锻造之旅/mods/TheOuterEnd-1.0.13.jar
537	outer_end:mint_crystal_lamp	锻造之旅	natural	assets/outer_end/textures/block/mint_crystal_lamp.png	16x16	315604374b8b3ca1662d2fa7ad364b950270bc46a1b3800862813d3a37f197b0	/Users/a15356015027/Public/.minecraft/versions/锻造之旅/mods/TheOuterEnd-1.0.13.jar
538	outer_end:azure_pith	锻造之旅	other	assets/outer_end/textures/block/azure_stem_side.png	16x16	281d0a65f238aaa7672d4caa66c2bcae6ac7112fe73e5fb4408dce2f3afb59d5	/Users/a15356015027/Public/.minecraft/versions/锻造之旅/mods/TheOuterEnd-1.0.13.jar
539	outer_end:halite	锻造之旅	other	assets/outer_end/textures/block/halite.png	16x16	3dc8eb6fb5a65ae93110c7be43cb1bcd4d8d560e984e8681276452c9091714c1	/Users/a15356015027/Public/.minecraft/versions/锻造之旅/mods/TheOuterEnd-1.0.13.jar
540	tetra:depleted_bedrock	锻造之旅	raw_stone	assets/minecraft/textures/block/bedrock.png	16x16	d10722d3c607c7efe94303ec32acc8c218e194425a9b7f442843934c8671354f	/Users/a15356015027/Public/.minecraft/versions/锻造之旅/mods/tetra-1.20.1-6.9.0.jar
541	tetra:forged_crate	锻造之旅	functional	assets/tetra/textures/block/forged_crate.png	16x16	d57450527cfa70d8b7fb78ff77072def03e46705a4c21aff29e0a96fafbe10ea	/Users/a15356015027/Public/.minecraft/versions/锻造之旅/mods/tetra-1.20.1-6.9.0.jar
542	tetra:forged_pillar	锻造之旅	tile	assets/tetra/textures/block/forged_pillar_side.png	16x16	741682f6ba379233f4811bc35c855310c1f95ee015640947d731ad0d15d4004e	/Users/a15356015027/Public/.minecraft/versions/锻造之旅/mods/tetra-1.20.1-6.9.0.jar
543	tetra:basic_workbench	锻造之旅	other	assets/tetra/textures/block/crafting_table_side.png	16x16	47fa00d2dc25024f347d49b07942c1c823e70f3dd4571eb00cda4bafc26f3fa5	/Users/a15356015027/Public/.minecraft/versions/锻造之旅/mods/tetra-1.20.1-6.9.0.jar
544	tetra:earthpiercer_0_1	锻造之旅	other	assets/tetra/textures/block/forged_schematic/side.png	16x16	13b1aba58056a082f170f29a031fe48854c6da387e604c03832775261fd56bc4	/Users/a15356015027/Public/.minecraft/versions/锻造之旅/mods/tetra-1.20.1-6.9.0.jar
545	tetra:extractor_pipe	锻造之旅	other	assets/tetra/textures/block/extractor_pipe.png	16x16	729dd2f03ef9b3a12af6273df92aa71b3d305ff1458ffc1738f52c3b500d6f6f	/Users/a15356015027/Public/.minecraft/versions/锻造之旅/mods/tetra-1.20.1-6.9.0.jar
546	tetra:forged_container	锻造之旅	other	assets/tetra/textures/block/forged_container/forged_container_top.png	16x16	32b075dd2883009391c6e98a8dc89284aba7058d5ee6a3e4e1af4a4fb2db260f	/Users/a15356015027/Public/.minecraft/versions/锻造之旅/mods/tetra-1.20.1-6.9.0.jar
547	tetra:forged_workbench	锻造之旅	other	assets/tetra/textures/block/forged_bench_base.png	16x16	2252e49a2703ff44a985ff3342286080d6038a3e058dfe0c1b2d5c785366ac5a	/Users/a15356015027/Public/.minecraft/versions/锻造之旅/mods/tetra-1.20.1-6.9.0.jar
548	tetra:hammer_base	锻造之旅	other	assets/tetra/textures/block/forged_hammer/hammer_base_socket.png	16x16	2c3238160f415944a24d7bc1372696bd85a714312bd72ba20d7efc30cabef9e0	/Users/a15356015027/Public/.minecraft/versions/锻造之旅/mods/tetra-1.20.1-6.9.0.jar
549	tetra:rack	锻造之旅	other	assets/tetra/textures/block/oak_rack.png	16x16	9b414c4cd4c4558381155b21daa9cc9cffdc85866553becfea082dc8124f8422	/Users/a15356015027/Public/.minecraft/versions/锻造之旅/mods/tetra-1.20.1-6.9.0.jar
550	tetra:scroll_rolled	锻造之旅	other	assets/tetra/textures/block/scroll_particle.png	16x16	ed68c02e0db963445a54ab8abd42762a98e98fb1d72fa7c2d931ebb7fdef3540	/Users/a15356015027/Public/.minecraft/versions/锻造之旅/mods/tetra-1.20.1-6.9.0.jar
551	endergetic:cracked_end_stone_bricks	锻造之旅	brick	assets/endergetic/textures/block/cracked_end_stone_bricks.png	16x16	bdd1185daee5390d4b82b2b5cb67812baf30198ddad315fa0e479f7e8f75032f	/Users/a15356015027/Public/.minecraft/versions/锻造之旅/mods/endergetic-1.20.1-5.0.1.jar
552	endergetic:cracked_eumus_bricks	锻造之旅	brick	assets/endergetic/textures/block/cracked_eumus_bricks.png	16x16	105ff0422df3067ee828617f08c68ff18b878b8944e505ec87a57e2f9dffcb05	/Users/a15356015027/Public/.minecraft/versions/锻造之旅/mods/endergetic-1.20.1-5.0.1.jar
553	endergetic:eumus_bricks	锻造之旅	brick	assets/endergetic/textures/block/eumus_bricks.png	16x16	62bbffccb54adda83a0ae9bb2b1ba239c61cc306d7c138c50f7579489c2a8d67	/Users/a15356015027/Public/.minecraft/versions/锻造之旅/mods/endergetic-1.20.1-5.0.1.jar
554	endergetic:end_corrock_block	锻造之旅	raw_stone	assets/endergetic/textures/block/end_corrock_block.png	16x16	08022f489ad9a7b1d3a18cc349789683bc16ba560dfaf3d60b22ac32c475a49c	/Users/a15356015027/Public/.minecraft/versions/锻造之旅/mods/endergetic-1.20.1-5.0.1.jar
555	endergetic:overworld_corrock_block	锻造之旅	raw_stone	assets/endergetic/textures/block/overworld_corrock_block.png	16x16	559b6c1863db2c25aa2d3c2bcd2c81c1cfc01ee8a76d3879d317b86b9932892d	/Users/a15356015027/Public/.minecraft/versions/锻造之旅/mods/endergetic-1.20.1-5.0.1.jar
556	endergetic:speckled_end_corrock	锻造之旅	raw_stone	assets/endergetic/textures/block/speckled_end_corrock.png	16x16	da60f25b2ce5c074c15a7a50ba87969591ca1b6289560e6eaf58b8ef97d714b8	/Users/a15356015027/Public/.minecraft/versions/锻造之旅/mods/endergetic-1.20.1-5.0.1.jar
557	endergetic:bolloom_crate	锻造之旅	functional	assets/endergetic/textures/block/bolloom_crate_side.png	16x16	8508c9f557c0f1b5d2b8c3285f0739a0591071bfda575927dc9a9de6cfd3422b	/Users/a15356015027/Public/.minecraft/versions/锻造之旅/mods/endergetic-1.20.1-5.0.1.jar
558	endergetic:glowing_poise_wood	锻造之旅	wood	assets/endergetic/textures/block/glowing_poise_stem.png	16x16	77628347c4eac986ea034fddf172a319062f0cb5de81cb38c0cbd052f0bcc323	/Users/a15356015027/Public/.minecraft/versions/锻造之旅/mods/endergetic-1.20.1-5.0.1.jar
559	endergetic:poise_planks	锻造之旅	wood	assets/endergetic/textures/block/poise_planks.png	16x16	5fc2fbfe5051add0eed8eb0920236d117dc9ad659890365b75691d9abe4b1223	/Users/a15356015027/Public/.minecraft/versions/锻造之旅/mods/endergetic-1.20.1-5.0.1.jar
560	endergetic:poise_wood	锻造之旅	wood	assets/endergetic/textures/block/poise_stem.png	16x16	a7a6eef923985224bb888fb24f59ec2df12da51a52e5c42266051fdfc21502e1	/Users/a15356015027/Public/.minecraft/versions/锻造之旅/mods/endergetic-1.20.1-5.0.1.jar
561	endergetic:stripped_poise_wood	锻造之旅	wood	assets/endergetic/textures/block/stripped_poise_stem.png	16x16	16ccd76b66870be1b735648411441fafbe0e9ad6164f8d3621edc3a36e8c99a9	/Users/a15356015027/Public/.minecraft/versions/锻造之旅/mods/endergetic-1.20.1-5.0.1.jar
562	endergetic:chiseled_end_stone_bricks	锻造之旅	carved	assets/endergetic/textures/block/chiseled_end_stone_bricks.png	16x16	48196f6a47932750d2a6b8f5b2b7715aea17f6aec13e70ad3f2a7a573e56ccb8	/Users/a15356015027/Public/.minecraft/versions/锻造之旅/mods/endergetic-1.20.1-5.0.1.jar
563	endergetic:chiseled_eumus_bricks	锻造之旅	carved	assets/endergetic/textures/block/chiseled_eumus_bricks.png	16x16	f7065d824d34e23cb892a99c0461f865f893822e1b5f3ea399f2d6ab339d7ced	/Users/a15356015027/Public/.minecraft/versions/锻造之旅/mods/endergetic-1.20.1-5.0.1.jar
564	endergetic:chiseled_poise_bookshelf	锻造之旅	carved	assets/endergetic/textures/block/chiseled_poise_bookshelf_empty.png	16x16	17a79804bd845fc73da548f65fe73c597a473738862dc86822dcc04176c824e6	/Users/a15356015027/Public/.minecraft/versions/锻造之旅/mods/endergetic-1.20.1-5.0.1.jar
565	endergetic:crystal_holder	锻造之旅	natural	assets/endergetic/textures/block/crystal_holder_side.png	16x16	5f9724f524f8d9bda1ab7c5ba058d577e4bc65f9ed0b909d425ed9ad84fd43b5	/Users/a15356015027/Public/.minecraft/versions/锻造之旅/mods/endergetic-1.20.1-5.0.1.jar
566	endergetic:eumus_poismoss	锻造之旅	natural	assets/endergetic/textures/block/eumus_poismoss.png	16x16	4f7ad92454b88957d04fbe68e6943827711ddf6df9c4ac571b5bf84712a74291	/Users/a15356015027/Public/.minecraft/versions/锻造之旅/mods/endergetic-1.20.1-5.0.1.jar
567	endergetic:eumus_poismoss_path	锻造之旅	natural	assets/endergetic/textures/block/eumus_poismoss_path_side.png	16x16	17703231852d7ce8900bdce3358552aa4e40fc0726c11a3e5dc114197383508e	/Users/a15356015027/Public/.minecraft/versions/锻造之旅/mods/endergetic-1.20.1-5.0.1.jar
568	endergetic:poismoss	锻造之旅	natural	assets/endergetic/textures/block/poismoss_side.png	16x16	6ee79aabcb54380d0f5a870941eb06f97c412e8b6d8229a56c8d749af7b6a527	/Users/a15356015027/Public/.minecraft/versions/锻造之旅/mods/endergetic-1.20.1-5.0.1.jar
569	endergetic:poismoss_path	锻造之旅	natural	assets/endergetic/textures/block/poismoss_path_side.png	16x16	29d4aa21df7bec0922b40d9a184f92df5d0944c083e53024ca2b5cdd3e537076	/Users/a15356015027/Public/.minecraft/versions/锻造之旅/mods/endergetic-1.20.1-5.0.1.jar
570	endergetic:mystical_obsidian	锻造之旅	other	assets/endergetic/textures/block/mystical_obsidian_side.png	16x16	e6555f927488e29be57cd80a71239c0ae1ba318dd1972a3245a66863e5ee65e3	/Users/a15356015027/Public/.minecraft/versions/锻造之旅/mods/endergetic-1.20.1-5.0.1.jar
571	malum:runic_tainted_rock_bricks	涟漪之篇·如涟漪之所见	brick	assets/malum/textures/block/arcane_rock/tainted/runic_tainted_rock_bricks.png	16x16	1633c847c3cb38c4d0cc0b2a672fd1672c2658b3accb684b6f67e052f8de4c27	/Users/a15356015027/Public/.minecraft/versions/涟漪之篇·如涟漪之所见/mods/[灵灾(ino配方)] malum-1.20.1-1.6.7.jar
572	malum:runic_twisted_rock_bricks	涟漪之篇·如涟漪之所见	brick	assets/malum/textures/block/arcane_rock/twisted/runic_twisted_rock_bricks.png	16x16	481d97e96419c0fa02ce3576f8729ba1a359c56fde4215a81c1c9da7dc567c89	/Users/a15356015027/Public/.minecraft/versions/涟漪之篇·如涟漪之所见/mods/[灵灾(ino配方)] malum-1.20.1-1.6.7.jar
573	malum:tainted_rock_bricks	涟漪之篇·如涟漪之所见	brick	assets/malum/textures/block/arcane_rock/tainted/tainted_rock_bricks.png	16x16	f4b2a1cfea62cc8569761b2ae71ef19b8f7fda6e35ee006c4b1483655f36ba19	/Users/a15356015027/Public/.minecraft/versions/涟漪之篇·如涟漪之所见/mods/[灵灾(ino配方)] malum-1.20.1-1.6.7.jar
574	malum:block_of_null_slate	涟漪之篇·如涟漪之所见	raw_stone	assets/malum/textures/block/storage_blocks/block_of_null_slate.png	16x16	93090482e72c5f55b67f5c2e6a3889ab1b553c4d298e29b15c87c52a3f2893e0	/Users/a15356015027/Public/.minecraft/versions/涟漪之篇·如涟漪之所见/mods/[灵灾(ino配方)] malum-1.20.1-1.6.7.jar
575	malum:tainted_rock_column	涟漪之篇·如涟漪之所见	raw_stone	assets/malum/textures/block/arcane_rock/tainted/tainted_rock_column.png	16x16	056e77438f6664e1b293a8f63ffc9c7826aed507421def4902c5df9a8aa5a482	/Users/a15356015027/Public/.minecraft/versions/涟漪之篇·如涟漪之所见/mods/[灵灾(ino配方)] malum-1.20.1-1.6.7.jar
576	malum:cthonic_gold_ore	涟漪之篇·如涟漪之所见	ore	assets/malum/textures/block/ores/cthonic_gold_ore.png	16x16	5eb75cce21c58343daffd2a89f4ac9439829564a7181e5dc4ec63a3aefec5be5	/Users/a15356015027/Public/.minecraft/versions/涟漪之篇·如涟漪之所见/mods/[灵灾(ino配方)] malum-1.20.1-1.6.7.jar
577	malum:natural_quartz_ore	涟漪之篇·如涟漪之所见	ore	assets/malum/textures/block/ores/natural_quartz_ore.png	16x16	98bf5c52fa9f0fcef820ffd368d25f3608ee77fab8da93fd351566fffe7adda5	/Users/a15356015027/Public/.minecraft/versions/涟漪之篇·如涟漪之所见/mods/[灵灾(ino配方)] malum-1.20.1-1.6.7.jar
578	malum:runewood_item_pedestal	涟漪之篇·如涟漪之所见	functional	assets/malum/textures/block/runewood/runewood_item_pedestal.png	16x16	94f108c80b06dc9f05f5a70a841ededbcfd6f2abfee815fad5c29cd89398e478	/Users/a15356015027/Public/.minecraft/versions/涟漪之篇·如涟漪之所见/mods/[灵灾(ino配方)] malum-1.20.1-1.6.7.jar
579	malum:soulwood_item_pedestal	涟漪之篇·如涟漪之所见	functional	assets/malum/textures/block/soulwood/soulwood_item_pedestal.png	16x16	cbe00e7a80d994ef00d9dc17f04bedcc6569df54d0dcd4ae550830db275fa742	/Users/a15356015027/Public/.minecraft/versions/涟漪之篇·如涟漪之所见/mods/[灵灾(ino配方)] malum-1.20.1-1.6.7.jar
580	malum:exposed_runewood_log	涟漪之篇·如涟漪之所见	wood	assets/malum/textures/block/runewood/exposed_runewood_log.png	16x16	d71a58c4ddb68f2691e6fc17872f38ec639c4293a71d616d30146a2b445b9a32	/Users/a15356015027/Public/.minecraft/versions/涟漪之篇·如涟漪之所见/mods/[灵灾(ino配方)] malum-1.20.1-1.6.7.jar
581	malum:vertical_rustic_runewood_planks	涟漪之篇·如涟漪之所见	wood	assets/malum/textures/block/runewood/vertical_rustic_runewood_planks.png	16x16	7c423f5b2591b96e861b8a5a5b89f581b2505e758b83ef9dfac9e56d2ef56bb1	/Users/a15356015027/Public/.minecraft/versions/涟漪之篇·如涟漪之所见/mods/[灵灾(ino配方)] malum-1.20.1-1.6.7.jar
582	malum:block_of_malignant_lead	涟漪之篇·如涟漪之所见	metal	assets/malum/textures/block/storage_blocks/block_of_malignant_lead.png	16x16	3ffeddc85ab9763a941ac26430304b0ba4530c86b23e5ab4315e795037a4dc3b	/Users/a15356015027/Public/.minecraft/versions/涟漪之篇·如涟漪之所见/mods/[灵灾(ino配方)] malum-1.20.1-1.6.7.jar
583	malum:block_of_soul_stained_steel	涟漪之篇·如涟漪之所见	metal	assets/malum/textures/block/storage_blocks/block_of_soul_stained_steel.png	16x16	7e4b8abb128435001505d1acdf5b8964166aa1228c8ce731f781bce0d3c25e1e	/Users/a15356015027/Public/.minecraft/versions/涟漪之篇·如涟漪之所见/mods/[灵灾(ino配方)] malum-1.20.1-1.6.7.jar
584	malum:chiseled_tainted_rock	涟漪之篇·如涟漪之所见	carved	assets/malum/textures/block/arcane_rock/tainted/chiseled_tainted_rock.png	16x16	8e5b78f7615b5e22ddb0295ee2e806443dd94149f77a3c02ce2f5b9da779431e	/Users/a15356015027/Public/.minecraft/versions/涟漪之篇·如涟漪之所见/mods/[灵灾(ino配方)] malum-1.20.1-1.6.7.jar
585	malum:chiseled_twisted_rock	涟漪之篇·如涟漪之所见	carved	assets/malum/textures/block/arcane_rock/twisted/chiseled_twisted_rock.png	16x16	2d4221f4eecb326b99ec161ab9ad1fcb9014c6bdc6e544becc451c5b551b1462	/Users/a15356015027/Public/.minecraft/versions/涟漪之篇·如涟漪之所见/mods/[灵灾(ino配方)] malum-1.20.1-1.6.7.jar
586	malum:polished_tainted_rock	涟漪之篇·如涟漪之所见	tile	assets/malum/textures/block/arcane_rock/tainted/polished_tainted_rock.png	16x16	1d5aaba2985aed14ef7e42621d463c116aa883c2e808496bfb09a8b229c1c10c	/Users/a15356015027/Public/.minecraft/versions/涟漪之篇·如涟漪之所见/mods/[灵灾(ino配方)] malum-1.20.1-1.6.7.jar
587	malum:runewood_tiles	涟漪之篇·如涟漪之所见	tile	assets/malum/textures/block/runewood/runewood_tiles.png	16x16	8ced48831ec33d4113be7d08b102d973c4c07b7d003a6febd485438e02e43b7e	/Users/a15356015027/Public/.minecraft/versions/涟漪之篇·如涟漪之所见/mods/[灵灾(ino配方)] malum-1.20.1-1.6.7.jar
588	malum:blighted_soil	涟漪之篇·如涟漪之所见	natural	assets/malum/textures/block/blight/blighted_soil_0.png	16x16	39084d319ae728f44858df78378230c209d14708f5756a3752b87146b2e6944a	/Users/a15356015027/Public/.minecraft/versions/涟漪之篇·如涟漪之所见/mods/[灵灾(ino配方)] malum-1.20.1-1.6.7.jar
589	malum:block_of_hex_ash	涟漪之篇·如涟漪之所见	natural	assets/malum/textures/block/storage_blocks/block_of_hex_ash.png	16x16	aca49e9a028363a1288abf37fb10988ba071f315fa0dd1e35e4a4674e5b5bbd7	/Users/a15356015027/Public/.minecraft/versions/涟漪之篇·如涟漪之所见/mods/[灵灾(ino配方)] malum-1.20.1-1.6.7.jar
590	malum:block_of_grim_talc	涟漪之篇·如涟漪之所见	other	assets/malum/textures/block/storage_blocks/block_of_grim_talc.png	16x16	63493e4e6f63eddbfa90791653e18607c5665d4f4b83964144249121e57202a4	/Users/a15356015027/Public/.minecraft/versions/涟漪之篇·如涟漪之所见/mods/[灵灾(ino配方)] malum-1.20.1-1.6.7.jar
591	geodes:gabbro	涟漪之篇·如涟漪之所见	raw_stone	assets/geodes/textures/block/gabbro.png	16x16	05f6a7be2a1d396952a921013795e11f8dc017cc26d968af305412b0f24089a8	/Users/a15356015027/Public/.minecraft/versions/涟漪之篇·如涟漪之所见/mods/geodes-1.2.3.jar
592	geodes:chiseled_gypsum	涟漪之篇·如涟漪之所见	carved	assets/geodes/textures/block/chiseled_gypsum.png	16x16	3c2b900f8ab6a115196d5d8119b7025953ec64613c1497fe402c11aab56d25b7	/Users/a15356015027/Public/.minecraft/versions/涟漪之篇·如涟漪之所见/mods/geodes-1.2.3.jar
593	geodes:gypsum_pillar	涟漪之篇·如涟漪之所见	tile	assets/geodes/textures/block/gypsum_pillar.png	16x16	6424eaad4718b9d58dd89c7ed6cb7afccfde49407fb56888e1fef4b264324769	/Users/a15356015027/Public/.minecraft/versions/涟漪之篇·如涟漪之所见/mods/geodes-1.2.3.jar
594	geodes:polished_gypsum_block	涟漪之篇·如涟漪之所见	tile	assets/geodes/textures/block/polished_gypsum_block.png	16x16	1ce4edb52f833863539e8c0bd54a587988d265aad2a614892c6a9907cc55279d	/Users/a15356015027/Public/.minecraft/versions/涟漪之篇·如涟漪之所见/mods/geodes-1.2.3.jar
595	geodes:diamond_crystal_block	涟漪之篇·如涟漪之所见	natural	assets/geodes/textures/block/diamond_crystal_block.png	16x16	0b6853dab9a437a1e9f6b7d63b1f7c16c2d25ed92e0e6991b97943f772b84a8b	/Users/a15356015027/Public/.minecraft/versions/涟漪之篇·如涟漪之所见/mods/geodes-1.2.3.jar
596	geodes:emerald_crystal_block	涟漪之篇·如涟漪之所见	natural	assets/geodes/textures/block/emerald_crystal_block.png	16x16	304ab7e8bfa716a57999ae7048ae9c2c8e2302e3b77366029df4d61349314a31	/Users/a15356015027/Public/.minecraft/versions/涟漪之篇·如涟漪之所见/mods/geodes-1.2.3.jar
597	geodes:gypsum_crystal_block	涟漪之篇·如涟漪之所见	natural	assets/geodes/textures/block/gypsum_crystal_block.png	16x16	afc088f4d3f29f8fd774f707206bd8a98d2a52ff0b30f2db899fb2b5c684692c	/Users/a15356015027/Public/.minecraft/versions/涟漪之篇·如涟漪之所见/mods/geodes-1.2.3.jar
598	geodes:lapis_crystal_block	涟漪之篇·如涟漪之所见	natural	assets/geodes/textures/block/lapis_crystal_block.png	16x16	ebf62c98b5811077c4036dae34699b4cc3b4118e78ca27a57d54c41cebf520d4	/Users/a15356015027/Public/.minecraft/versions/涟漪之篇·如涟漪之所见/mods/geodes-1.2.3.jar
599	geodes:quartz_crystal_block	涟漪之篇·如涟漪之所见	natural	assets/geodes/textures/block/quartz_crystal_block.png	16x16	924df98df21a7259278cfb5e2b476f74f586a58dc33c6fa5c5ef68ee59616496	/Users/a15356015027/Public/.minecraft/versions/涟漪之篇·如涟漪之所见/mods/geodes-1.2.3.jar
600	geodes:pyrite	涟漪之篇·如涟漪之所见	other	assets/geodes/textures/block/pyrite.png	16x16	8022ef7c894bce20071b0debbc7cd9e7465834946cfb1c79bf306b3c7b8026c2	/Users/a15356015027/Public/.minecraft/versions/涟漪之篇·如涟漪之所见/mods/geodes-1.2.3.jar
